Timestamp,Provider,Counter Name,Counter Type,Mean/Increment
09/27/2026 12:44:30,Transceiver,transceiver_requests_total_MultiplyRequestMultiplyResponse (requests / 1 sec),Rate,976
09/27/2026 12:44:30,Transceiver,transceiver_receive_object_duration (ms)[Percentile=50],Metric,0.04754638671875
09/27/2026 12:44:30,Transceiver,transceiver_receive_object_duration (ms)[Percentile=95],Metric,0.1063232421875
09/27/2026 12:44:30,Transceiver,transceiver_receive_object_duration (ms)[Percentile=99],Metric,0.20458984375
09/27/2026 12:44:30,Transceiver,transceiver_requests_total_SumRequestSumResponse (requests / 1 sec),Rate,984
09/27/2026 12:44:31,Transceiver,transceiver_requests_total_MultiplyRequestMultiplyResponse (requests / 1 sec),Rate,1173
09/27/2026 12:44:31,Transceiver,transceiver_receive_object_duration (ms)[Percentile=50],Metric,0.04254150390625
09/27/2026 12:44:31,Transceiver,transceiver_receive_object_duration (ms)[Percentile=95],Metric,0.0811767578125
09/27/2026 12:44:31,Transceiver,transceiver_receive_object_duration (ms)[Percentile=99],Metric,0.116455078125
09/27/2026 12:44:31,Transceiver,transceiver_requests_total_SumRequestSumResponse (requests / 1 sec),Rate,1175
09/27/2026 12:44:32,Transceiver,transceiver_requests_total_MultiplyRequestMultiplyResponse (requests / 1 sec),Rate,702
09/27/2026 12:44:32,Transceiver,transceiver_receive_object_duration (ms)[Percentile=50],Metric,0.04937744140625
09/27/2026 12:44:32,Transceiver,transceiver_receive_object_duration (ms)[Percentile=95],Metric,0.112548828125
09/27/2026 12:44:32,Transceiver,transceiver_receive_object_duration (ms)[Percentile=99],Metric,0.159912109375
09/27/2026 12:44:32,Transceiver,transceiver_requests_total_SumRequestSumResponse (requests / 1 sec),Rate,687
09/27/2026 12:44:33,Transceiver,transceiver_requests_total_MultiplyRequestMultiplyResponse (requests / 1 sec),Rate,864
09/27/2026 12:44:33,Transceiver,transceiver_receive_object_duration (ms)[Percentile=50],Metric,0.049560546875
09/27/2026 12:44:33,Transceiver,transceiver_receive_object_duration (ms)[Percentile=95],Metric,0.106689453125
09/27/2026 12:44:33,Transceiver,transceiver_receive_object_duration (ms)[Percentile=99],Metric,0.185546875
09/27/2026 12:44:33,Transceiver,transceiver_requests_total_SumRequestSumResponse (requests / 1 sec),Rate,858
09/27/2026 12:44:34,Transceiver,transceiver_requests_total_MultiplyRequestMultiplyResponse (requests / 1 sec),Rate,974
09/27/2026 12:44:34,Transceiver,transceiver_receive_object_duration (ms)[Percentile=50],Metric,0.04608154296875
09/27/2026 12:44:34,Transceiver,transceiver_receive_object_duration (ms)[Percentile=95],Metric,0.0897216796875
09/27/2026 12:44:34,Transceiver,transceiver_receive_object_duration (ms)[Percentile=99],Metric,0.145751953125
09/27/2026 12:44:34,Transceiver,transceiver_requests_total_SumRequestSumResponse (requests / 1 sec),Rate,979
09/27/2026 12:44:35,Transceiver,transceiver_requests_total_MultiplyRequestMultiplyResponse (requests / 1 sec),Rate,868
09/27/2026 12:44:35,Transceiver,transceiver_receive_object_duration (ms)[Percentile=50],Metric,0.0413818359375
09/27/2026 12:44:35,Transceiver,transceiver_receive_object_duration (ms)[Percentile=95],Metric,0.0819091796875
09/27/2026 12:44:35,Transceiver,transceiver_receive_object_duration (ms)[Percentile=99],Metric,0.128662109375
09/27/2026 12:44:35,Transceiver,transceiver_requests_total_SumRequestSumResponse (requests / 1 sec),Rate,870
09/27/2026 12:44:36,Transceiver,transceiver_requests_total_MultiplyRequestMultiplyResponse (requests / 1 sec),Rate,620
09/27/2026 12:44:36,Transceiver,transceiver_receive_object_duration (ms)[Percentile=50],Metric,0.04876708984375
09/27/2026 12:44:36,Transceiver,transceiver_receive_object_duration (ms)[Percentile=95],Metric,0.1158447265625
09/27/2026 12:44:36,Transceiver,transceiver_receive_object_duration (ms)[Percentile=99],Metric,0.162841796875
09/27/2026 12:44:36,Transceiver,transceiver_requests_total_SumRequestSumResponse (requests / 1 sec),Rate,599
09/27/2026 12:44:37,Transceiver,transceiver_requests_total_MultiplyRequestMultiplyResponse (requests / 1 sec),Rate,950
09/27/2026 12:44:37,Transceiver,transceiver_receive_object_duration (ms)[Percentile=50],Metric,0.04205322265625
09/27/2026 12:44:37,Transceiver,transceiver_receive_object_duration (ms)[Percentile=95],Metric,0.0787353515625
09/27/2026 12:44:37,Transceiver,transceiver_receive_object_duration (ms)[Percentile=99],Metric,0.12744140625
09/27/2026 12:44:37,Transceiver,transceiver_requests_total_SumRequestSumResponse (requests / 1 sec),Rate,964
09/27/2026 12:44:38,Transceiver,transceiver_requests_total_MultiplyRequestMultiplyResponse (requests / 1 sec),Rate,903
09/27/2026 12:44:38,Transceiver,transceiver_receive_object_duration (ms)[Percentile=50],Metric,0.04156494140625
09/27/2026 12:44:38,Transceiver,transceiver_receive_object_duration (ms)[Percentile=95],Metric,0.0833740234375
09/27/2026 12:44:38,Transceiver,transceiver_receive_object_duration (ms)[Percentile=99],Metric,0.128662109375
09/27/2026 12:44:38,Transceiver,transceiver_requests_total_SumRequestSumResponse (requests / 1 sec),Rate,901
09/27/2026 12:44:39,Transceiver,transceiver_requests_total_MultiplyRequestMultiplyResponse (requests / 1 sec),Rate,982
09/27/2026 12:44:39,Transceiver,transceiver_receive_object_duration (ms)[Percentile=50],Metric,0.04046630859375
09/27/2026 12:44:39,Transceiver,transceiver_receive_object_duration (ms)[Percentile=95],Metric,0.081298828125
09/27/2026 12:44:39,Transceiver,transceiver_receive_object_duration (ms)[Percentile=99],Metric,0.13037109375
09/27/2026 12:44:39,Transceiver,transceiver_requests_total_SumRequestSumResponse (requests / 1 sec),Rate,987
09/27/2026 12:44:40,Transceiver,transceiver_requests_total_MultiplyRequestMultiplyResponse (requests / 1 sec),Rate,872
09/27/2026 12:44:40,Transceiver,transceiver_receive_object_duration (ms)[Percentile=50],Metric,0.0428466796875
09/27/2026 12:44:40,Transceiver,transceiver_receive_object_duration (ms)[Percentile=95],Metric,0.0806884765625
09/27/2026 12:44:40,Transceiver,transceiver_receive_object_duration (ms)[Percentile=99],Metric,0.134765625
09/27/2026 12:44:40,Transceiver,transceiver_requests_total_SumRequestSumResponse (requests / 1 sec),Rate,866
09/27/2026 12:44:41,Transceiver,transceiver_requests_total_MultiplyRequestMultiplyResponse (requests / 1 sec),Rate,1260
09/27/2026 12:44:41,Transceiver,transceiver_receive_object_duration (ms)[Percentile=50],Metric,0.0413818359375
09/27/2026 12:44:41,Transceiver,transceiver_receive_object_duration (ms)[Percentile=95],Metric,0.075439453125
09/27/2026 12:44:41,Transceiver,transceiver_receive_object_duration (ms)[Percentile=99],Metric,0.1156005859375
09/27/2026 12:44:41,Transceiver,transceiver_requests_total_SumRequestSumResponse (requests / 1 sec),Rate,1266
09/27/2026 12:44:42,Transceiver,transceiver_requests_total_MultiplyRequestMultiplyResponse (requests / 1 sec),Rate,1017
09/27/2026 12:44:42,Transceiver,transceiver_receive_object_duration (ms)[Percentile=50],Metric,0.04266357421875
09/27/2026 12:44:42,Transceiver,transceiver_receive_object_duration (ms)[Percentile=95],Metric,0.086181640625
09/27/2026 12:44:42,Transceiver,transceiver_receive_object_duration (ms)[Percentile=99],Metric,0.127685546875
09/27/2026 12:44:42,Transceiver,transceiver_requests_total_SumRequestSumResponse (requests / 1 sec),Rate,1018
09/27/2026 12:44:43,Transceiver,transceiver_requests_total_MultiplyRequestMultiplyResponse (requests / 1 sec),Rate,1270
09/27/2026 12:44:43,Transceiver,transceiver_receive_object_duration (ms)[Percentile=50],Metric,0.0458984375
09/27/2026 12:44:43,Transceiver,transceiver_receive_object_duration (ms)[Percentile=95],Metric,0.0751953125
09/27/2026 12:44:43,Transceiver,transceiver_receive_object_duration (ms)[Percentile=99],Metric,0.112060546875
09/27/2026 12:44:43,Transceiver,transceiver_requests_total_SumRequestSumResponse (requests / 1 sec),Rate,1250
09/27/2026 12:44:44,Transceiver,transceiver_requests_total_MultiplyRequestMultiplyResponse (requests / 1 sec),Rate,1036
09/27/2026 12:44:44,Transceiver,transceiver_receive_object_duration (ms)[Percentile=50],Metric,0.0430908203125
09/27/2026 12:44:44,Transceiver,transceiver_receive_object_duration (ms)[Percentile=95],Metric,0.0762939453125
09/27/2026 12:44:44,Transceiver,transceiver_receive_object_duration (ms)[Percentile=99],Metric,0.22314453125
09/27/2026 12:44:44,Transceiver,transceiver_requests_total_SumRequestSumResponse (requests / 1 sec),Rate,1022
09/27/2026 12:44:45,Transceiver,transceiver_requests_total_MultiplyRequestMultiplyResponse (requests / 1 sec),Rate,1005
09/27/2026 12:44:45,Transceiver,transceiver_receive_object_duration (ms)[Percentile=50],Metric,0.04364013671875
09/27/2026 12:44:45,Transceiver,transceiver_receive_object_duration (ms)[Percentile=95],Metric,0.0784912109375
09/27/2026 12:44:45,Transceiver,transceiver_receive_object_duration (ms)[Percentile=99],Metric,0.132568359375
09/27/2026 12:44:45,Transceiver,transceiver_requests_total_SumRequestSumResponse (requests / 1 sec),Rate,1012
09/27/2026 12:44:46,Transceiver,transceiver_requests_total_MultiplyRequestMultiplyResponse (requests / 1 sec),Rate,1090
09/27/2026 12:44:46,Transceiver,transceiver_receive_object_duration (ms)[Percentile=50],Metric,0.0447998046875
09/27/2026 12:44:46,Transceiver,transceiver_receive_object_duration (ms)[Percentile=95],Metric,0.08056640625
09/27/2026 12:44:46,Transceiver,transceiver_receive_object_duration (ms)[Percentile=99],Metric,0.127685546875
09/27/2026 12:44:46,Transceiver,transceiver_requests_total_SumRequestSumResponse (requests / 1 sec),Rate,1091
09/27/2026 12:44:47,Transceiver,transceiver_requests_total_MultiplyRequestMultiplyResponse (requests / 1 sec),Rate,811
09/27/2026 12:44:47,Transceiver,transceiver_receive_object_duration (ms)[Percentile=50],Metric,0.04046630859375
09/27/2026 12:44:47,Transceiver,transceiver_receive_object_duration (ms)[Percentile=95],Metric,0.0740966796875
09/27/2026 12:44:47,Transceiver,transceiver_receive_object_duration (ms)[Percentile=99],Metric,0.138671875
09/27/2026 12:44:47,Transceiver,transceiver_requests_total_SumRequestSumResponse (requests / 1 sec),Rate,837
09/27/2026 12:44:48,Transceiver,transceiver_requests_total_MultiplyRequestMultiplyResponse (requests / 1 sec),Rate,966
09/27/2026 12:44:48,Transceiver,transceiver_receive_object_duration (ms)[Percentile=50],Metric,0.044677734375
09/27/2026 12:44:48,Transceiver,transceiver_receive_object_duration (ms)[Percentile=95],Metric,0.0869140625
09/27/2026 12:44:48,Transceiver,transceiver_receive_object_duration (ms)[Percentile=99],Metric,0.129638671875
09/27/2026 12:44:48,Transceiver,transceiver_requests_total_SumRequestSumResponse (requests / 1 sec),Rate,894
09/27/2026 12:44:49,Transceiver,transceiver_requests_total_MultiplyRequestMultiplyResponse (requests / 1 sec),Rate,1105
09/27/2026 12:44:49,Transceiver,transceiver_receive_object_duration (ms)[Percentile=50],Metric,0.0428466796875
09/27/2026 12:44:49,Transceiver,transceiver_receive_object_duration (ms)[Percentile=95],Metric,0.0809326171875
09/27/2026 12:44:49,Transceiver,transceiver_receive_object_duration (ms)[Percentile=99],Metric,0.3134765625
09/27/2026 12:44:49,Transceiver,transceiver_requests_total_SumRequestSumResponse (requests / 1 sec),Rate,1068
09/27/2026 12:44:50,Transceiver,transceiver_requests_total_MultiplyRequestMultiplyResponse (requests / 1 sec),Rate,1029
09/27/2026 12:44:50,Transceiver,transceiver_receive_object_duration (ms)[Percentile=50],Metric,0.04547119140625
09/27/2026 12:44:50,Transceiver,transceiver_receive_object_duration (ms)[Percentile=95],Metric,0.0865478515625
09/27/2026 12:44:50,Transceiver,transceiver_receive_object_duration (ms)[Percentile=99],Metric,0.14013671875
09/27/2026 12:44:50,Transceiver,transceiver_requests_total_SumRequestSumResponse (requests / 1 sec),Rate,1028
09/27/2026 12:44:51,Transceiver,transceiver_requests_total_MultiplyRequestMultiplyResponse (requests / 1 sec),Rate,1420
09/27/2026 12:44:51,Transceiver,transceiver_receive_object_duration (ms)[Percentile=50],Metric,0.03948974609375
09/27/2026 12:44:51,Transceiver,transceiver_receive_object_duration (ms)[Percentile=95],Metric,0.071533203125
09/27/2026 12:44:51,Transceiver,transceiver_receive_object_duration (ms)[Percentile=99],Metric,0.122314453125
09/27/2026 12:44:51,Transceiver,transceiver_requests_total_SumRequestSumResponse (requests / 1 sec),Rate,1421
09/27/2026 12:44:52,Transceiver,transceiver_requests_total_MultiplyRequestMultiplyResponse (requests / 1 sec),Rate,1115
09/27/2026 12:44:52,Transceiver,transceiver_receive_object_duration (ms)[Percentile=50],Metric,0.04595947265625
09/27/2026 12:44:52,Transceiver,transceiver_receive_object_duration (ms)[Percentile=95],Metric,0.081787109375
09/27/2026 12:44:52,Transceiver,transceiver_receive_object_duration (ms)[Percentile=99],Metric,0.132568359375
09/27/2026 12:44:52,Transceiver,transceiver_requests_total_SumRequestSumResponse (requests / 1 sec),Rate,1110
09/27/2026 12:44:53,Transceiver,transceiver_requests_total_MultiplyRequestMultiplyResponse (requests / 1 sec),Rate,860
09/27/2026 12:44:53,Transceiver,transceiver_receive_object_duration (ms)[Percentile=50],Metric,0.04376220703125
09/27/2026 12:44:53,Transceiver,transceiver_receive_object_duration (ms)[Percentile=95],Metric,0.08056640625
09/27/2026 12:44:53,Transceiver,transceiver_receive_object_duration (ms)[Percentile=99],Metric,0.130615234375
09/27/2026 12:44:53,Transceiver,transceiver_requests_total_SumRequestSumResponse (requests / 1 sec),Rate,862
09/27/2026 12:45:10,Transceiver,transceiver_requests_total_MultiplyRequestMultiplyResponse (requests / 1 sec),Rate,442
09/27/2026 12:45:10,Transceiver,transceiver_receive_object_duration (ms)[Percentile=50],Metric,0.03997802734375
09/27/2026 12:45:10,Transceiver,transceiver_receive_object_duration (ms)[Percentile=95],Metric,0.0849609375
09/27/2026 12:45:10,Transceiver,transceiver_receive_object_duration (ms)[Percentile=99],Metric,0.136474609375
09/27/2026 12:45:10,Transceiver,transceiver_requests_total_SumRequestSumResponse (requests / 1 sec),Rate,445
09/27/2026 12:45:19,Transceiver,transceiver_requests_total_MultiplyRequestMultiplyResponse (requests / 1 sec),Rate,0
09/27/2026 12:45:19,Transceiver,transceiver_requests_slow_total_MultiplyRequestMultiplyResponse (requests / 1 sec)[elapsed=00:00:16.1271178;request=Transceiver.Demo.MultiplyRequest],Rate,1
09/27/2026 12:45:19,Transceiver,transceiver_requests_total_SumRequestSumResponse (requests / 1 sec),Rate,0
09/27/2026 12:45:19,Transceiver,transceiver_requests_total_MultiplyRequestMultiplyResponse (requests / 1 sec),Rate,63
09/27/2026 12:45:19,Transceiver,transceiver_requests_slow_total_MultiplyRequestMultiplyResponse (requests / 1 sec)[elapsed=00:00:16.1271178;request=Transceiver.Demo.MultiplyRequest],Rate,0
09/27/2026 12:45:19,Transceiver,transceiver_receive_object_duration (ms)[Percentile=50],Metric,0.04034423828125
09/27/2026 12:45:19,Transceiver,transceiver_receive_object_duration (ms)[Percentile=95],Metric,0.0711669921875
09/27/2026 12:45:19,Transceiver,transceiver_receive_object_duration (ms)[Percentile=99],Metric,0.17041015625
09/27/2026 12:45:19,Transceiver,transceiver_requests_total_SumRequestSumResponse (requests / 1 sec),Rate,53
09/27/2026 12:45:20,Transceiver,transceiver_requests_total_MultiplyRequestMultiplyResponse (requests / 1 sec),Rate,1071
09/27/2026 12:45:20,Transceiver,transceiver_requests_slow_total_MultiplyRequestMultiplyResponse (requests / 1 sec)[elapsed=00:00:16.1271178;request=Transceiver.Demo.MultiplyRequest],Rate,0
09/27/2026 12:45:20,Transceiver,transceiver_receive_object_duration (ms)[Percentile=50],Metric,0.04656982421875
09/27/2026 12:45:20,Transceiver,transceiver_receive_object_duration (ms)[Percentile=95],Metric,0.0848388671875
09/27/2026 12:45:20,Transceiver,transceiver_receive_object_duration (ms)[Percentile=99],Metric,0.143798828125
09/27/2026 12:45:20,Transceiver,transceiver_requests_total_SumRequestSumResponse (requests / 1 sec),Rate,1063
09/27/2026 12:45:21,Transceiver,transceiver_requests_total_MultiplyRequestMultiplyResponse (requests / 1 sec),Rate,889
09/27/2026 12:45:21,Transceiver,transceiver_requests_slow_total_MultiplyRequestMultiplyResponse (requests / 1 sec)[elapsed=00:00:16.1271178;request=Transceiver.Demo.MultiplyRequest],Rate,0
09/27/2026 12:45:21,Transceiver,transceiver_receive_object_duration (ms)[Percentile=50],Metric,0.04315185546875
09/27/2026 12:45:21,Transceiver,transceiver_receive_object_duration (ms)[Percentile=95],Metric,0.088134765625
09/27/2026 12:45:21,Transceiver,transceiver_receive_object_duration (ms)[Percentile=99],Metric,0.126953125
09/27/2026 12:45:21,Transceiver,transceiver_requests_total_SumRequestSumResponse (requests / 1 sec),Rate,890
09/27/2026 12:45:22,Transceiver,transceiver_requests_total_MultiplyRequestMultiplyResponse (requests / 1 sec),Rate,903
09/27/2026 12:45:22,Transceiver,transceiver_requests_slow_total_MultiplyRequestMultiplyResponse (requests / 1 sec)[elapsed=00:00:16.1271178;request=Transceiver.Demo.MultiplyRequest],Rate,0
09/27/2026 12:45:22,Transceiver,transceiver_receive_object_duration (ms)[Percentile=50],Metric,0.0389404296875
09/27/2026 12:45:22,Transceiver,transceiver_receive_object_duration (ms)[Percentile=95],Metric,0.080322265625
09/27/2026 12:45:22,Transceiver,transceiver_receive_object_duration (ms)[Percentile=99],Metric,0.13232421875
09/27/2026 12:45:22,Transceiver,transceiver_requests_total_SumRequestSumResponse (requests / 1 sec),Rate,919
09/27/2026 12:45:23,Transceiver,transceiver_requests_total_MultiplyRequestMultiplyResponse (requests / 1 sec),Rate,811
09/27/2026 12:45:23,Transceiver,transceiver_requests_slow_total_MultiplyRequestMultiplyResponse (requests / 1 sec)[elapsed=00:00:16.1271178;request=Transceiver.Demo.MultiplyRequest],Rate,0
09/27/2026 12:45:23,Transceiver,transceiver_receive_object_duration (ms)[Percentile=50],Metric,0.041259765625
09/27/2026 12:45:23,Transceiver,transceiver_receive_object_duration (ms)[Percentile=95],Metric,0.093017578125
09/27/2026 12:45:23,Transceiver,transceiver_receive_object_duration (ms)[Percentile=99],Metric,0.1474609375
09/27/2026 12:45:23,Transceiver,transceiver_requests_total_SumRequestSumResponse (requests / 1 sec),Rate,813
09/27/2026 12:45:24,Transceiver,transceiver_requests_total_MultiplyRequestMultiplyResponse (requests / 1 sec),Rate,984
09/27/2026 12:45:24,Transceiver,transceiver_requests_slow_total_MultiplyRequestMultiplyResponse (requests / 1 sec)[elapsed=00:00:16.1271178;request=Transceiver.Demo.MultiplyRequest],Rate,0
09/27/2026 12:45:24,Transceiver,transceiver_receive_object_duration (ms)[Percentile=50],Metric,0.0419921875
09/27/2026 12:45:24,Transceiver,transceiver_receive_object_duration (ms)[Percentile=95],Metric,0.083984375
09/27/2026 12:45:24,Transceiver,transceiver_receive_object_duration (ms)[Percentile=99],Metric,0.13623046875
09/27/2026 12:45:24,Transceiver,transceiver_requests_total_SumRequestSumResponse (requests / 1 sec),Rate,991
09/27/2026 12:45:25,Transceiver,transceiver_requests_total_MultiplyRequestMultiplyResponse (requests / 1 sec),Rate,1063
09/27/2026 12:45:25,Transceiver,transceiver_requests_slow_total_MultiplyRequestMultiplyResponse (requests / 1 sec)[elapsed=00:00:16.1271178;request=Transceiver.Demo.MultiplyRequest],Rate,0
09/27/2026 12:45:25,Transceiver,transceiver_receive_object_duration (ms)[Percentile=50],Metric,0.046875
09/27/2026 12:45:25,Transceiver,transceiver_receive_object_duration (ms)[Percentile=95],Metric,0.082275390625
09/27/2026 12:45:25,Transceiver,transceiver_receive_object_duration (ms)[Percentile=99],Metric,0.1318359375
09/27/2026 12:45:25,Transceiver,transceiver_requests_total_SumRequestSumResponse (requests / 1 sec),Rate,1070
09/27/2026 12:45:26,Transceiver,transceiver_requests_total_MultiplyRequestMultiplyResponse (requests / 1 sec),Rate,1300
09/27/2026 12:45:26,Transceiver,transceiver_requests_slow_total_MultiplyRequestMultiplyResponse (requests / 1 sec)[elapsed=00:00:16.1271178;request=Transceiver.Demo.MultiplyRequest],Rate,0
09/27/2026 12:45:26,Transceiver,transceiver_receive_object_duration (ms)[Percentile=50],Metric,0.0458984375
09/27/2026 12:45:26,Transceiver,transceiver_receive_object_duration (ms)[Percentile=95],Metric,0.07958984375
09/27/2026 12:45:26,Transceiver,transceiver_receive_object_duration (ms)[Percentile=99],Metric,0.1236572265625
09/27/2026 12:45:26,Transceiver,transceiver_requests_total_SumRequestSumResponse (requests / 1 sec),Rate,1306
09/27/2026 12:45:27,Transceiver,transceiver_requests_total_MultiplyRequestMultiplyResponse (requests / 1 sec),Rate,1002
09/27/2026 12:45:27,Transceiver,transceiver_requests_slow_total_MultiplyRequestMultiplyResponse (requests / 1 sec)[elapsed=00:00:16.1271178;request=Transceiver.Demo.MultiplyRequest],Rate,0
09/27/2026 12:45:27,Transceiver,transceiver_receive_object_duration (ms)[Percentile=50],Metric,0.04058837890625
09/27/2026 12:45:27,Transceiver,transceiver_receive_object_duration (ms)[Percentile=95],Metric,0.0740966796875
09/27/2026 12:45:27,Transceiver,transceiver_receive_object_duration (ms)[Percentile=99],Metric,0.162353515625
09/27/2026 12:45:27,Transceiver,transceiver_requests_total_SumRequestSumResponse (requests / 1 sec),Rate,1021
09/27/2026 12:45:28,Transceiver,transceiver_requests_total_MultiplyRequestMultiplyResponse (requests / 1 sec),Rate,998
09/27/2026 12:45:28,Transceiver,transceiver_requests_slow_total_MultiplyRequestMultiplyResponse (requests / 1 sec)[elapsed=00:00:16.1271178;request=Transceiver.Demo.MultiplyRequest],Rate,0
09/27/2026 12:45:28,Transceiver,transceiver_receive_object_duration (ms)[Percentile=50],Metric,0.04254150390625
09/27/2026 12:45:28,Transceiver,transceiver_receive_object_duration (ms)[Percentile=95],Metric,0.0809326171875
09/27/2026 12:45:28,Transceiver,transceiver_receive_object_duration (ms)[Percentile=99],Metric,0.125
09/27/2026 12:45:28,Transceiver,transceiver_requests_total_SumRequestSumResponse (requests / 1 sec),Rate,973
09/27/2026 12:45:29,Transceiver,transceiver_requests_total_MultiplyRequestMultiplyResponse (requests / 1 sec),Rate,916
09/27/2026 12:45:29,Transceiver,transceiver_requests_slow_total_MultiplyRequestMultiplyResponse (requests / 1 sec)[elapsed=00:00:16.1271178;request=Transceiver.Demo.MultiplyRequest],Rate,0
09/27/2026 12:45:29,Transceiver,transceiver_receive_object_duration (ms)[Percentile=50],Metric,0.04339599609375
09/27/2026 12:45:29,Transceiver,transceiver_receive_object_duration (ms)[Percentile=95],Metric,0.0791015625
09/27/2026 12:45:29,Transceiver,transceiver_receive_object_duration (ms)[Percentile=99],Metric,0.123291015625
09/27/2026 12:45:29,Transceiver,transceiver_requests_total_SumRequestSumResponse (requests / 1 sec),Rate,921
09/27/2026 12:45:30,Transceiver,transceiver_requests_total_MultiplyRequestMultiplyResponse (requests / 1 sec),Rate,904
09/27/2026 12:45:30,Transceiver,transceiver_requests_slow_total_MultiplyRequestMultiplyResponse (requests / 1 sec)[elapsed=00:00:16.1271178;request=Transceiver.Demo.MultiplyRequest],Rate,0
09/27/2026 12:45:30,Transceiver,transceiver_receive_object_duration (ms)[Percentile=50],Metric,0.04779052734375
09/27/2026 12:45:30,Transceiver,transceiver_receive_object_duration (ms)[Percentile=95],Metric,0.096435546875
09/27/2026 12:45:30,Transceiver,transceiver_receive_object_duration (ms)[Percentile=99],Metric,0.143310546875
09/27/2026 12:45:30,Transceiver,transceiver_requests_total_SumRequestSumResponse (requests / 1 sec),Rate,897
09/27/2026 12:45:31,Transceiver,transceiver_requests_total_MultiplyRequestMultiplyResponse (requests / 1 sec),Rate,853
09/27/2026 12:45:31,Transceiver,transceiver_requests_slow_total_MultiplyRequestMultiplyResponse (requests / 1 sec)[elapsed=00:00:16.1271178;request=Transceiver.Demo.MultiplyRequest],Rate,0
09/27/2026 12:45:31,Transceiver,transceiver_receive_object_duration (ms)[Percentile=50],Metric,0.04559326171875
09/27/2026 12:45:31,Transceiver,transceiver_receive_object_duration (ms)[Percentile=95],Metric,0.091796875
09/27/2026 12:45:31,Transceiver,transceiver_receive_object_duration (ms)[Percentile=99],Metric,0.149658203125
09/27/2026 12:45:31,Transceiver,transceiver_requests_total_SumRequestSumResponse (requests / 1 sec),Rate,847
09/27/2026 12:45:32,Transceiver,transceiver_requests_total_MultiplyRequestMultiplyResponse (requests / 1 sec),Rate,981
09/27/2026 12:45:32,Transceiver,transceiver_requests_slow_total_MultiplyRequestMultiplyResponse (requests / 1 sec)[elapsed=00:00:16.1271178;request=Transceiver.Demo.MultiplyRequest],Rate,0
09/27/2026 12:45:32,Transceiver,transceiver_receive_object_duration (ms)[Percentile=50],Metric,0.04876708984375
09/27/2026 12:45:32,Transceiver,transceiver_receive_object_duration (ms)[Percentile=95],Metric,0.0955810546875
09/27/2026 12:45:32,Transceiver,transceiver_receive_object_duration (ms)[Percentile=99],Metric,0.2109375
09/27/2026 12:45:32,Transceiver,transceiver_requests_total_SumRequestSumResponse (requests / 1 sec),Rate,985
09/27/2026 12:45:33,Transceiver,transceiver_requests_total_MultiplyRequestMultiplyResponse (requests / 1 sec),Rate,1021
09/27/2026 12:45:33,Transceiver,transceiver_requests_slow_total_MultiplyRequestMultiplyResponse (requests / 1 sec)[elapsed=00:00:16.1271178;request=Transceiver.Demo.MultiplyRequest],Rate,0
09/27/2026 12:45:33,Transceiver,transceiver_receive_object_duration (ms)[Percentile=50],Metric,0.04608154296875
09/27/2026 12:45:33,Transceiver,transceiver_receive_object_duration (ms)[Percentile=95],Metric,0.093017578125
09/27/2026 12:45:33,Transceiver,transceiver_receive_object_duration (ms)[Percentile=99],Metric,0.178466796875
09/27/2026 12:45:33,Transceiver,transceiver_requests_total_SumRequestSumResponse (requests / 1 sec),Rate,1030
09/27/2026 12:45:34,Transceiver,transceiver_requests_total_MultiplyRequestMultiplyResponse (requests / 1 sec),Rate,841
09/27/2026 12:45:34,Transceiver,transceiver_requests_slow_total_MultiplyRequestMultiplyResponse (requests / 1 sec)[elapsed=00:00:16.1271178;request=Transceiver.Demo.MultiplyRequest],Rate,0
09/27/2026 12:45:34,Transceiver,transceiver_receive_object_duration (ms)[Percentile=50],Metric,0.0439453125
09/27/2026 12:45:34,Transceiver,transceiver_receive_object_duration (ms)[Percentile=95],Metric,0.09375
09/27/2026 12:45:34,Transceiver,transceiver_receive_object_duration (ms)[Percentile=99],Metric,0.1572265625
09/27/2026 12:45:34,Transceiver,transceiver_requests_total_SumRequestSumResponse (requests / 1 sec),Rate,838
09/27/2026 12:45:35,Transceiver,transceiver_requests_total_MultiplyRequestMultiplyResponse (requests / 1 sec),Rate,1021
09/27/2026 12:45:35,Transceiver,transceiver_requests_slow_total_MultiplyRequestMultiplyResponse (requests / 1 sec)[elapsed=00:00:16.1271178;request=Transceiver.Demo.MultiplyRequest],Rate,0
09/27/2026 12:45:35,Transceiver,transceiver_receive_object_duration (ms)[Percentile=50],Metric,0.048095703125
09/27/2026 12:45:35,Transceiver,transceiver_receive_object_duration (ms)[Percentile=95],Metric,0.10107421875
09/27/2026 12:45:35,Transceiver,transceiver_receive_object_duration (ms)[Percentile=99],Metric,0.20458984375
09/27/2026 12:45:35,Transceiver,transceiver_requests_total_SumRequestSumResponse (requests / 1 sec),Rate,1023
09/27/2026 12:45:36,Transceiver,transceiver_requests_total_MultiplyRequestMultiplyResponse (requests / 1 sec),Rate,892
09/27/2026 12:45:36,Transceiver,transceiver_requests_slow_total_MultiplyRequestMultiplyResponse (requests / 1 sec)[elapsed=00:00:16.1271178;request=Transceiver.Demo.MultiplyRequest],Rate,0
09/27/2026 12:45:36,Transceiver,transceiver_receive_object_duration (ms)[Percentile=50],Metric,0.0452880859375
09/27/2026 12:45:36,Transceiver,transceiver_receive_object_duration (ms)[Percentile=95],Metric,0.0823974609375
09/27/2026 12:45:36,Transceiver,transceiver_receive_object_duration (ms)[Percentile=99],Metric,0.132568359375
09/27/2026 12:45:36,Transceiver,transceiver_requests_total_SumRequestSumResponse (requests / 1 sec),Rate,876
09/27/2026 12:45:37,Transceiver,transceiver_requests_total_MultiplyRequestMultiplyResponse (requests / 1 sec),Rate,911
09/27/2026 12:45:37,Transceiver,transceiver_requests_slow_total_MultiplyRequestMultiplyResponse (requests / 1 sec)[elapsed=00:00:16.1271178;request=Transceiver.Demo.MultiplyRequest],Rate,0
09/27/2026 12:45:37,Transceiver,transceiver_receive_object_duration (ms)[Percentile=50],Metric,0.04498291015625
09/27/2026 12:45:37,Transceiver,transceiver_receive_object_duration (ms)[Percentile=95],Metric,0.087890625
09/27/2026 12:45:37,Transceiver,transceiver_receive_object_duration (ms)[Percentile=99],Metric,0.1248779296875
09/27/2026 12:45:37,Transceiver,transceiver_requests_total_SumRequestSumResponse (requests / 1 sec),Rate,898
09/27/2026 12:45:38,Transceiver,transceiver_requests_total_MultiplyRequestMultiplyResponse (requests / 1 sec),Rate,1092
09/27/2026 12:45:38,Transceiver,transceiver_requests_slow_total_MultiplyRequestMultiplyResponse (requests / 1 sec)[elapsed=00:00:16.1271178;request=Transceiver.Demo.MultiplyRequest],Rate,0
09/27/2026 12:45:38,Transceiver,transceiver_receive_object_duration (ms)[Percentile=50],Metric,0.04107666015625
09/27/2026 12:45:38,Transceiver,transceiver_receive_object_duration (ms)[Percentile=95],Metric,0.072998046875
09/27/2026 12:45:38,Transceiver,transceiver_receive_object_duration (ms)[Percentile=99],Metric,0.1116943359375
09/27/2026 12:45:38,Transceiver,transceiver_requests_total_SumRequestSumResponse (requests / 1 sec),Rate,1080
09/27/2026 12:45:39,Transceiver,transceiver_requests_total_MultiplyRequestMultiplyResponse (requests / 1 sec),Rate,882
09/27/2026 12:45:39,Transceiver,transceiver_requests_slow_total_MultiplyRequestMultiplyResponse (requests / 1 sec)[elapsed=00:00:16.1271178;request=Transceiver.Demo.MultiplyRequest],Rate,0
09/27/2026 12:45:39,Transceiver,transceiver_receive_object_duration (ms)[Percentile=50],Metric,0.0423583984375
09/27/2026 12:45:39,Transceiver,transceiver_receive_object_duration (ms)[Percentile=95],Metric,0.0911865234375
09/27/2026 12:45:39,Transceiver,transceiver_receive_object_duration (ms)[Percentile=99],Metric,0.132568359375
09/27/2026 12:45:39,Transceiver,transceiver_requests_total_SumRequestSumResponse (requests / 1 sec),Rate,874
09/27/2026 12:45:40,Transceiver,transceiver_requests_total_MultiplyRequestMultiplyResponse (requests / 1 sec),Rate,787
09/27/2026 12:45:40,Transceiver,transceiver_requests_slow_total_MultiplyRequestMultiplyResponse (requests / 1 sec)[elapsed=00:00:16.1271178;request=Transceiver.Demo.MultiplyRequest],Rate,0
09/27/2026 12:45:40,Transceiver,transceiver_receive_object_duration (ms)[Percentile=50],Metric,0.04937744140625
09/27/2026 12:45:40,Transceiver,transceiver_receive_object_duration (ms)[Percentile=95],Metric,0.11474609375
09/27/2026 12:45:40,Transceiver,transceiver_receive_object_duration (ms)[Percentile=99],Metric,0.18017578125
09/27/2026 12:45:40,Transceiver,transceiver_requests_total_SumRequestSumResponse (requests / 1 sec),Rate,795
09/27/2026 12:45:41,Transceiver,transceiver_requests_total_MultiplyRequestMultiplyResponse (requests / 1 sec),Rate,1048
09/27/2026 12:45:41,Transceiver,transceiver_requests_slow_total_MultiplyRequestMultiplyResponse (requests / 1 sec)[elapsed=00:00:16.1271178;request=Transceiver.Demo.MultiplyRequest],Rate,0
09/27/2026 12:45:41,Transceiver,transceiver_receive_object_duration (ms)[Percentile=50],Metric,0.04656982421875
09/27/2026 12:45:41,Transceiver,transceiver_receive_object_duration (ms)[Percentile=95],Metric,0.0919189453125
09/27/2026 12:45:41,Transceiver,transceiver_receive_object_duration (ms)[Percentile=99],Metric,0.137451171875
09/27/2026 12:45:41,Transceiver,transceiver_requests_total_SumRequestSumResponse (requests / 1 sec),Rate,1073
09/27/2026 12:45:42,Transceiver,transceiver_requests_total_MultiplyRequestMultiplyResponse (requests / 1 sec),Rate,883
09/27/2026 12:45:42,Transceiver,transceiver_requests_slow_total_MultiplyRequestMultiplyResponse (requests / 1 sec)[elapsed=00:00:16.1271178;request=Transceiver.Demo.MultiplyRequest],Rate,0
09/27/2026 12:45:42,Transceiver,transceiver_receive_object_duration (ms)[Percentile=50],Metric,0.04205322265625
09/27/2026 12:45:42,Transceiver,transceiver_receive_object_duration (ms)[Percentile=95],Metric,0.090087890625
09/27/2026 12:45:42,Transceiver,transceiver_receive_object_duration (ms)[Percentile=99],Metric,0.133056640625
09/27/2026 12:45:42,Transceiver,transceiver_requests_total_SumRequestSumResponse (requests / 1 sec),Rate,895
09/27/2026 12:45:43,Transceiver,transceiver_requests_total_MultiplyRequestMultiplyResponse (requests / 1 sec),Rate,950
09/27/2026 12:45:43,Transceiver,transceiver_requests_slow_total_MultiplyRequestMultiplyResponse (requests / 1 sec)[elapsed=00:00:16.1271178;request=Transceiver.Demo.MultiplyRequest],Rate,0
09/27/2026 12:45:43,Transceiver,transceiver_receive_object_duration (ms)[Percentile=50],Metric,0.046875
09/27/2026 12:45:43,Transceiver,transceiver_receive_object_duration (ms)[Percentile=95],Metric,0.11181640625
09/27/2026 12:45:43,Transceiver,transceiver_receive_object_duration (ms)[Percentile=99],Metric,0.23779296875
09/27/2026 12:45:43,Transceiver,transceiver_requests_total_SumRequestSumResponse (requests / 1 sec),Rate,947
09/27/2026 12:45:44,Transceiver,transceiver_requests_total_MultiplyRequestMultiplyResponse (requests / 1 sec),Rate,955
09/27/2026 12:45:44,Transceiver,transceiver_requests_slow_total_MultiplyRequestMultiplyResponse (requests / 1 sec)[elapsed=00:00:16.1271178;request=Transceiver.Demo.MultiplyRequest],Rate,0
09/27/2026 12:45:44,Transceiver,transceiver_receive_object_duration (ms)[Percentile=50],Metric,0.0462646484375
09/27/2026 12:45:44,Transceiver,transceiver_receive_object_duration (ms)[Percentile=95],Metric,0.0911865234375
09/27/2026 12:45:44,Transceiver,transceiver_receive_object_duration (ms)[Percentile=99],Metric,0.1474609375
09/27/2026 12:45:44,Transceiver,transceiver_requests_total_SumRequestSumResponse (requests / 1 sec),Rate,936
09/27/2026 12:45:45,Transceiver,transceiver_requests_total_MultiplyRequestMultiplyResponse (requests / 1 sec),Rate,750
09/27/2026 12:45:45,Transceiver,transceiver_requests_slow_total_MultiplyRequestMultiplyResponse (requests / 1 sec)[elapsed=00:00:16.1271178;request=Transceiver.Demo.MultiplyRequest],Rate,0
09/27/2026 12:45:45,Transceiver,transceiver_receive_object_duration (ms)[Percentile=50],Metric,0.04736328125
09/27/2026 12:45:45,Transceiver,transceiver_receive_object_duration (ms)[Percentile=95],Metric,0.091796875
09/27/2026 12:45:45,Transceiver,transceiver_receive_object_duration (ms)[Percentile=99],Metric,0.139892578125
09/27/2026 12:45:45,Transceiver,transceiver_requests_total_SumRequestSumResponse (requests / 1 sec),Rate,784
09/27/2026 12:45:46,Transceiver,transceiver_requests_total_MultiplyRequestMultiplyResponse (requests / 1 sec),Rate,816
09/27/2026 12:45:46,Transceiver,transceiver_requests_slow_total_MultiplyRequestMultiplyResponse (requests / 1 sec)[elapsed=00:00:16.1271178;request=Transceiver.Demo.MultiplyRequest],Rate,0
09/27/2026 12:45:46,Transceiver,transceiver_receive_object_duration (ms)[Percentile=50],Metric,0.05047607421875
09/27/2026 12:45:46,Transceiver,transceiver_receive_object_duration (ms)[Percentile=95],Metric,0.0966796875
09/27/2026 12:45:46,Transceiver,transceiver_receive_object_duration (ms)[Percentile=99],Metric,0.13525390625
09/27/2026 12:45:46,Transceiver,transceiver_requests_total_SumRequestSumResponse (requests / 1 sec),Rate,812
09/27/2026 12:45:47,Transceiver,transceiver_requests_total_MultiplyRequestMultiplyResponse (requests / 1 sec),Rate,776
09/27/2026 12:45:47,Transceiver,transceiver_requests_slow_total_MultiplyRequestMultiplyResponse (requests / 1 sec)[elapsed=00:00:16.1271178;request=Transceiver.Demo.MultiplyRequest],Rate,0
09/27/2026 12:45:47,Transceiver,transceiver_receive_object_duration (ms)[Percentile=50],Metric,0.0469970703125
09/27/2026 12:45:47,Transceiver,transceiver_receive_object_duration (ms)[Percentile=95],Metric,0.0997314453125
09/27/2026 12:45:47,Transceiver,transceiver_receive_object_duration (ms)[Percentile=99],Metric,0.14794921875
09/27/2026 12:45:47,Transceiver,transceiver_requests_total_SumRequestSumResponse (requests / 1 sec),Rate,795
09/27/2026 12:45:48,Transceiver,transceiver_requests_total_MultiplyRequestMultiplyResponse (requests / 1 sec),Rate,811
09/27/2026 12:45:48,Transceiver,transceiver_requests_slow_total_MultiplyRequestMultiplyResponse (requests / 1 sec)[elapsed=00:00:16.1271178;request=Transceiver.Demo.MultiplyRequest],Rate,0
09/27/2026 12:45:48,Transceiver,transceiver_receive_object_duration (ms)[Percentile=50],Metric,0.049072265625
09/27/2026 12:45:48,Transceiver,transceiver_receive_object_duration (ms)[Percentile=95],Metric,0.1038818359375
09/27/2026 12:45:48,Transceiver,transceiver_receive_object_duration (ms)[Percentile=99],Metric,0.1513671875
09/27/2026 12:45:48,Transceiver,transceiver_requests_total_SumRequestSumResponse (requests / 1 sec),Rate,778
09/27/2026 12:45:49,Transceiver,transceiver_requests_total_MultiplyRequestMultiplyResponse (requests / 1 sec),Rate,976
09/27/2026 12:45:49,Transceiver,transceiver_requests_slow_total_MultiplyRequestMultiplyResponse (requests / 1 sec)[elapsed=00:00:16.1271178;request=Transceiver.Demo.MultiplyRequest],Rate,0
09/27/2026 12:45:49,Transceiver,transceiver_receive_object_duration (ms)[Percentile=50],Metric,0.04644775390625
09/27/2026 12:45:49,Transceiver,transceiver_receive_object_duration (ms)[Percentile=95],Metric,0.085693359375
09/27/2026 12:45:49,Transceiver,transceiver_receive_object_duration (ms)[Percentile=99],Metric,0.127197265625
09/27/2026 12:45:49,Transceiver,transceiver_requests_total_SumRequestSumResponse (requests / 1 sec),Rate,972
09/27/2026 12:45:50,Transceiver,transceiver_requests_total_MultiplyRequestMultiplyResponse (requests / 1 sec),Rate,1218
09/27/2026 12:45:50,Transceiver,transceiver_requests_slow_total_MultiplyRequestMultiplyResponse (requests / 1 sec)[elapsed=00:00:16.1271178;request=Transceiver.Demo.MultiplyRequest],Rate,0
09/27/2026 12:45:50,Transceiver,transceiver_receive_object_duration (ms)[Percentile=50],Metric,0.0452880859375
09/27/2026 12:45:50,Transceiver,transceiver_receive_object_duration (ms)[Percentile=95],Metric,0.081787109375
09/27/2026 12:45:50,Transceiver,transceiver_receive_object_duration (ms)[Percentile=99],Metric,0.1199951171875
09/27/2026 12:45:50,Transceiver,transceiver_requests_total_SumRequestSumResponse (requests / 1 sec),Rate,1222
09/27/2026 12:45:51,Transceiver,transceiver_requests_total_MultiplyRequestMultiplyResponse (requests / 1 sec),Rate,818
09/27/2026 12:45:51,Transceiver,transceiver_requests_slow_total_MultiplyRequestMultiplyResponse (requests / 1 sec)[elapsed=00:00:16.1271178;request=Transceiver.Demo.MultiplyRequest],Rate,0
09/27/2026 12:45:51,Transceiver,transceiver_receive_object_duration (ms)[Percentile=50],Metric,0.04437255859375
09/27/2026 12:45:51,Transceiver,transceiver_receive_object_duration (ms)[Percentile=95],Metric,0.0950927734375
09/27/2026 12:45:51,Transceiver,transceiver_receive_object_duration (ms)[Percentile=99],Metric,0.14306640625
09/27/2026 12:45:51,Transceiver,transceiver_requests_total_SumRequestSumResponse (requests / 1 sec),Rate,823
09/27/2026 12:45:52,Transceiver,transceiver_requests_total_MultiplyRequestMultiplyResponse (requests / 1 sec),Rate,807
09/27/2026 12:45:52,Transceiver,transceiver_requests_slow_total_MultiplyRequestMultiplyResponse (requests / 1 sec)[elapsed=00:00:16.1271178;request=Transceiver.Demo.MultiplyRequest],Rate,0
09/27/2026 12:45:52,Transceiver,transceiver_receive_object_duration (ms)[Percentile=50],Metric,0.0479736328125
09/27/2026 12:45:52,Transceiver,transceiver_receive_object_duration (ms)[Percentile=95],Metric,0.0928955078125
09/27/2026 12:45:52,Transceiver,transceiver_receive_object_duration (ms)[Percentile=99],Metric,0.132080078125
09/27/2026 12:45:52,Transceiver,transceiver_requests_total_SumRequestSumResponse (requests / 1 sec),Rate,801
09/27/2026 12:45:53,Transceiver,transceiver_requests_total_MultiplyRequestMultiplyResponse (requests / 1 sec),Rate,1018
09/27/2026 12:45:53,Transceiver,transceiver_requests_slow_total_MultiplyRequestMultiplyResponse (requests / 1 sec)[elapsed=00:00:16.1271178;request=Transceiver.Demo.MultiplyRequest],Rate,0
09/27/2026 12:45:53,Transceiver,transceiver_receive_object_duration (ms)[Percentile=50],Metric,0.041259765625
09/27/2026 12:45:53,Transceiver,transceiver_receive_object_duration (ms)[Percentile=95],Metric,0.081787109375
09/27/2026 12:45:53,Transceiver,transceiver_receive_object_duration (ms)[Percentile=99],Metric,0.1474609375
09/27/2026 12:45:53,Transceiver,transceiver_requests_total_SumRequestSumResponse (requests / 1 sec),Rate,988
09/27/2026 12:45:54,Transceiver,transceiver_requests_total_MultiplyRequestMultiplyResponse (requests / 1 sec),Rate,1250
09/27/2026 12:45:54,Transceiver,transceiver_requests_slow_total_MultiplyRequestMultiplyResponse (requests / 1 sec)[elapsed=00:00:16.1271178;request=Transceiver.Demo.MultiplyRequest],Rate,0
09/27/2026 12:45:54,Transceiver,transceiver_receive_object_duration (ms)[Percentile=50],Metric,0.04437255859375
09/27/2026 12:45:54,Transceiver,transceiver_receive_object_duration (ms)[Percentile=95],Metric,0.0789794921875
09/27/2026 12:45:54,Transceiver,transceiver_receive_object_duration (ms)[Percentile=99],Metric,0.1170654296875
09/27/2026 12:45:54,Transceiver,transceiver_requests_total_SumRequestSumResponse (requests / 1 sec),Rate,1257
09/27/2026 12:45:55,Transceiver,transceiver_requests_total_MultiplyRequestMultiplyResponse (requests / 1 sec),Rate,1007
09/27/2026 12:45:55,Transceiver,transceiver_requests_slow_total_MultiplyRequestMultiplyResponse (requests / 1 sec)[elapsed=00:00:16.1271178;request=Transceiver.Demo.MultiplyRequest],Rate,0
09/27/2026 12:45:55,Transceiver,transceiver_receive_object_duration (ms)[Percentile=50],Metric,0.0401611328125
09/27/2026 12:45:55,Transceiver,transceiver_receive_object_duration (ms)[Percentile=95],Metric,0.0787353515625
09/27/2026 12:45:55,Transceiver,transceiver_receive_object_duration (ms)[Percentile=99],Metric,0.136962890625
09/27/2026 12:45:55,Transceiver,transceiver_requests_total_SumRequestSumResponse (requests / 1 sec),Rate,1005
09/27/2026 12:45:56,Transceiver,transceiver_requests_total_MultiplyRequestMultiplyResponse (requests / 1 sec),Rate,1278
09/27/2026 12:45:56,Transceiver,transceiver_requests_slow_total_MultiplyRequestMultiplyResponse (requests / 1 sec)[elapsed=00:00:16.1271178;request=Transceiver.Demo.MultiplyRequest],Rate,0
09/27/2026 12:45:56,Transceiver,transceiver_receive_object_duration (ms)[Percentile=50],Metric,0.04364013671875
09/27/2026 12:45:56,Transceiver,transceiver_receive_object_duration (ms)[Percentile=95],Metric,0.0740966796875
09/27/2026 12:45:56,Transceiver,transceiver_receive_object_duration (ms)[Percentile=99],Metric,0.1160888671875
09/27/2026 12:45:56,Transceiver,transceiver_requests_total_SumRequestSumResponse (requests / 1 sec),Rate,1286
09/27/2026 12:45:57,Transceiver,transceiver_requests_total_MultiplyRequestMultiplyResponse (requests / 1 sec),Rate,844
09/27/2026 12:45:57,Transceiver,transceiver_requests_slow_total_MultiplyRequestMultiplyResponse (requests / 1 sec)[elapsed=00:00:16.1271178;request=Transceiver.Demo.MultiplyRequest],Rate,0
09/27/2026 12:45:57,Transceiver,transceiver_receive_object_duration (ms)[Percentile=50],Metric,0.0478515625
09/27/2026 12:45:57,Transceiver,transceiver_receive_object_duration (ms)[Percentile=95],Metric,0.0904541015625
09/27/2026 12:45:57,Transceiver,transceiver_receive_object_duration (ms)[Percentile=99],Metric,0.156982421875
09/27/2026 12:45:57,Transceiver,transceiver_requests_total_SumRequestSumResponse (requests / 1 sec),Rate,831
09/27/2026 12:45:58,Transceiver,transceiver_requests_total_MultiplyRequestMultiplyResponse (requests / 1 sec),Rate,704
09/27/2026 12:45:58,Transceiver,transceiver_requests_slow_total_MultiplyRequestMultiplyResponse (requests / 1 sec)[elapsed=00:00:16.1271178;request=Transceiver.Demo.MultiplyRequest],Rate,0
09/27/2026 12:45:58,Transceiver,transceiver_receive_object_duration (ms)[Percentile=50],Metric,0.0447998046875
09/27/2026 12:45:58,Transceiver,transceiver_receive_object_duration (ms)[Percentile=95],Metric,0.093505859375
09/27/2026 12:45:58,Transceiver,transceiver_receive_object_duration (ms)[Percentile=99],Metric,0.130859375
09/27/2026 12:45:58,Transceiver,transceiver_requests_total_SumRequestSumResponse (requests / 1 sec),Rate,695
09/27/2026 12:45:59,Transceiver,transceiver_requests_total_MultiplyRequestMultiplyResponse (requests / 1 sec),Rate,778
09/27/2026 12:45:59,Transceiver,transceiver_requests_slow_total_MultiplyRequestMultiplyResponse (requests / 1 sec)[elapsed=00:00:16.1271178;request=Transceiver.Demo.MultiplyRequest],Rate,0
09/27/2026 12:45:59,Transceiver,transceiver_receive_object_duration (ms)[Percentile=50],Metric,0.04449462890625
09/27/2026 12:45:59,Transceiver,transceiver_receive_object_duration (ms)[Percentile=95],Metric,0.09228515625
09/27/2026 12:45:59,Transceiver,transceiver_receive_object_duration (ms)[Percentile=99],Metric,0.1328125
09/27/2026 12:45:59,Transceiver,transceiver_requests_total_SumRequestSumResponse (requests / 1 sec),Rate,778
09/27/2026 12:46:00,Transceiver,transceiver_requests_total_MultiplyRequestMultiplyResponse (requests / 1 sec),Rate,1057
09/27/2026 12:46:00,Transceiver,transceiver_requests_slow_total_MultiplyRequestMultiplyResponse (requests / 1 sec)[elapsed=00:00:16.1271178;request=Transceiver.Demo.MultiplyRequest],Rate,0
09/27/2026 12:46:00,Transceiver,transceiver_receive_object_duration (ms)[Percentile=50],Metric,0.0458984375
09/27/2026 12:46:00,Transceiver,transceiver_receive_object_duration (ms)[Percentile=95],Metric,0.08984375
09/27/2026 12:46:00,Transceiver,transceiver_receive_object_duration (ms)[Percentile=99],Metric,0.134765625
09/27/2026 12:46:00,Transceiver,transceiver_requests_total_SumRequestSumResponse (requests / 1 sec),Rate,1057
09/27/2026 12:46:01,Transceiver,transceiver_requests_total_MultiplyRequestMultiplyResponse (requests / 1 sec),Rate,1145
09/27/2026 12:46:01,Transceiver,transceiver_requests_slow_total_MultiplyRequestMultiplyResponse (requests / 1 sec)[elapsed=00:00:16.1271178;request=Transceiver.Demo.MultiplyRequest],Rate,0
09/27/2026 12:46:01,Transceiver,transceiver_receive_object_duration (ms)[Percentile=50],Metric,0.048095703125
09/27/2026 12:46:01,Transceiver,transceiver_receive_object_duration (ms)[Percentile=95],Metric,0.08203125
09/27/2026 12:46:01,Transceiver,transceiver_receive_object_duration (ms)[Percentile=99],Metric,0.1337890625
09/27/2026 12:46:01,Transceiver,transceiver_requests_total_SumRequestSumResponse (requests / 1 sec),Rate,1144
09/27/2026 12:46:02,Transceiver,transceiver_requests_total_MultiplyRequestMultiplyResponse (requests / 1 sec),Rate,849
09/27/2026 12:46:02,Transceiver,transceiver_requests_slow_total_MultiplyRequestMultiplyResponse (requests / 1 sec)[elapsed=00:00:16.1271178;request=Transceiver.Demo.MultiplyRequest],Rate,0
09/27/2026 12:46:02,Transceiver,transceiver_receive_object_duration (ms)[Percentile=50],Metric,0.04779052734375
09/27/2026 12:46:02,Transceiver,transceiver_receive_object_duration (ms)[Percentile=95],Metric,0.120849609375
09/27/2026 12:46:02,Transceiver,transceiver_receive_object_duration (ms)[Percentile=99],Metric,0.404296875
09/27/2026 12:46:02,Transceiver,transceiver_requests_total_SumRequestSumResponse (requests / 1 sec),Rate,832
09/27/2026 12:46:03,Transceiver,transceiver_requests_total_MultiplyRequestMultiplyResponse (requests / 1 sec),Rate,889
09/27/2026 12:46:03,Transceiver,transceiver_requests_slow_total_MultiplyRequestMultiplyResponse (requests / 1 sec)[elapsed=00:00:16.1271178;request=Transceiver.Demo.MultiplyRequest],Rate,0
09/27/2026 12:46:03,Transceiver,transceiver_receive_object_duration (ms)[Percentile=50],Metric,0.05316162109375
09/27/2026 12:46:03,Transceiver,transceiver_receive_object_duration (ms)[Percentile=95],Metric,0.0992431640625
09/27/2026 12:46:03,Transceiver,transceiver_receive_object_duration (ms)[Percentile=99],Metric,0.15478515625
09/27/2026 12:46:03,Transceiver,transceiver_requests_total_SumRequestSumResponse (requests / 1 sec),Rate,872
09/27/2026 12:46:04,Transceiver,transceiver_requests_total_MultiplyRequestMultiplyResponse (requests / 1 sec),Rate,835
09/27/2026 12:46:04,Transceiver,transceiver_requests_slow_total_MultiplyRequestMultiplyResponse (requests / 1 sec)[elapsed=00:00:16.1271178;request=Transceiver.Demo.MultiplyRequest],Rate,0
09/27/2026 12:46:04,Transceiver,transceiver_receive_object_duration (ms)[Percentile=50],Metric,0.0445556640625
09/27/2026 12:46:04,Transceiver,transceiver_receive_object_duration (ms)[Percentile=95],Metric,0.091796875
09/27/2026 12:46:04,Transceiver,transceiver_receive_object_duration (ms)[Percentile=99],Metric,0.14111328125
09/27/2026 12:46:04,Transceiver,transceiver_requests_total_SumRequestSumResponse (requests / 1 sec),Rate,829
09/27/2026 12:46:05,Transceiver,transceiver_requests_total_MultiplyRequestMultiplyResponse (requests / 1 sec),Rate,889
09/27/2026 12:46:05,Transceiver,transceiver_requests_slow_total_MultiplyRequestMultiplyResponse (requests / 1 sec)[elapsed=00:00:16.1271178;request=Transceiver.Demo.MultiplyRequest],Rate,0
09/27/2026 12:46:05,Transceiver,transceiver_receive_object_duration (ms)[Percentile=50],Metric,0.049560546875
09/27/2026 12:46:05,Transceiver,transceiver_receive_object_duration (ms)[Percentile=95],Metric,0.1053466796875
09/27/2026 12:46:05,Transceiver,transceiver_receive_object_duration (ms)[Percentile=99],Metric,0.8564453125
09/27/2026 12:46:05,Transceiver,transceiver_requests_total_SumRequestSumResponse (requests / 1 sec),Rate,878
09/27/2026 12:46:06,Transceiver,transceiver_requests_total_MultiplyRequestMultiplyResponse (requests / 1 sec),Rate,871
09/27/2026 12:46:06,Transceiver,transceiver_requests_slow_total_MultiplyRequestMultiplyResponse (requests / 1 sec)[elapsed=00:00:16.1271178;request=Transceiver.Demo.MultiplyRequest],Rate,0
09/27/2026 12:46:06,Transceiver,transceiver_receive_object_duration (ms)[Percentile=50],Metric,0.048583984375
09/27/2026 12:46:06,Transceiver,transceiver_receive_object_duration (ms)[Percentile=95],Metric,0.088623046875
09/27/2026 12:46:06,Transceiver,transceiver_receive_object_duration (ms)[Percentile=99],Metric,0.143798828125
09/27/2026 12:46:06,Transceiver,transceiver_requests_total_SumRequestSumResponse (requests / 1 sec),Rate,871
09/27/2026 12:46:07,Transceiver,transceiver_requests_total_MultiplyRequestMultiplyResponse (requests / 1 sec),Rate,704
09/27/2026 12:46:07,Transceiver,transceiver_requests_slow_total_MultiplyRequestMultiplyResponse (requests / 1 sec)[elapsed=00:00:16.1271178;request=Transceiver.Demo.MultiplyRequest],Rate,0
09/27/2026 12:46:07,Transceiver,transceiver_receive_object_duration (ms)[Percentile=50],Metric,0.048095703125
09/27/2026 12:46:07,Transceiver,transceiver_receive_object_duration (ms)[Percentile=95],Metric,0.1004638671875
09/27/2026 12:46:07,Transceiver,transceiver_receive_object_duration (ms)[Percentile=99],Metric,0.137939453125
09/27/2026 12:46:07,Transceiver,transceiver_requests_total_SumRequestSumResponse (requests / 1 sec),Rate,704
09/27/2026 12:46:08,Transceiver,transceiver_requests_total_MultiplyRequestMultiplyResponse (requests / 1 sec),Rate,615
09/27/2026 12:46:08,Transceiver,transceiver_requests_slow_total_MultiplyRequestMultiplyResponse (requests / 1 sec)[elapsed=00:00:16.1271178;request=Transceiver.Demo.MultiplyRequest],Rate,0
09/27/2026 12:46:08,Transceiver,transceiver_receive_object_duration (ms)[Percentile=50],Metric,0.0478515625
09/27/2026 12:46:08,Transceiver,transceiver_receive_object_duration (ms)[Percentile=95],Metric,0.09130859375
09/27/2026 12:46:08,Transceiver,transceiver_receive_object_duration (ms)[Percentile=99],Metric,0.156982421875
09/27/2026 12:46:08,Transceiver,transceiver_requests_total_SumRequestSumResponse (requests / 1 sec),Rate,626
09/27/2026 12:46:09,Transceiver,transceiver_requests_total_MultiplyRequestMultiplyResponse (requests / 1 sec),Rate,835
09/27/2026 12:46:09,Transceiver,transceiver_requests_slow_total_MultiplyRequestMultiplyResponse (requests / 1 sec)[elapsed=00:00:16.1271178;request=Transceiver.Demo.MultiplyRequest],Rate,0
09/27/2026 12:46:09,Transceiver,transceiver_receive_object_duration (ms)[Percentile=50],Metric,0.0478515625
09/27/2026 12:46:09,Transceiver,transceiver_receive_object_duration (ms)[Percentile=95],Metric,0.0908203125
09/27/2026 12:46:09,Transceiver,transceiver_receive_object_duration (ms)[Percentile=99],Metric,0.13818359375
09/27/2026 12:46:09,Transceiver,transceiver_requests_total_SumRequestSumResponse (requests / 1 sec),Rate,840
09/27/2026 12:46:10,Transceiver,transceiver_requests_total_MultiplyRequestMultiplyResponse (requests / 1 sec),Rate,1113
09/27/2026 12:46:10,Transceiver,transceiver_requests_slow_total_MultiplyRequestMultiplyResponse (requests / 1 sec)[elapsed=00:00:16.1271178;request=Transceiver.Demo.MultiplyRequest],Rate,0
09/27/2026 12:46:10,Transceiver,transceiver_receive_object_duration (ms)[Percentile=50],Metric,0.04345703125
09/27/2026 12:46:10,Transceiver,transceiver_receive_object_duration (ms)[Percentile=95],Metric,0.0767822265625
09/27/2026 12:46:10,Transceiver,transceiver_receive_object_duration (ms)[Percentile=99],Metric,0.10888671875
09/27/2026 12:46:10,Transceiver,transceiver_requests_total_SumRequestSumResponse (requests / 1 sec),Rate,1102
09/27/2026 12:46:11,Transceiver,transceiver_requests_total_MultiplyRequestMultiplyResponse (requests / 1 sec),Rate,764
09/27/2026 12:46:11,Transceiver,transceiver_requests_slow_total_MultiplyRequestMultiplyResponse (requests / 1 sec)[elapsed=00:00:16.1271178;request=Transceiver.Demo.MultiplyRequest],Rate,0
09/27/2026 12:46:11,Transceiver,transceiver_receive_object_duration (ms)[Percentile=50],Metric,0.0484619140625
09/27/2026 12:46:11,Transceiver,transceiver_receive_object_duration (ms)[Percentile=95],Metric,0.083251953125
09/27/2026 12:46:11,Transceiver,transceiver_receive_object_duration (ms)[Percentile=99],Metric,0.140380859375
09/27/2026 12:46:11,Transceiver,transceiver_requests_total_SumRequestSumResponse (requests / 1 sec),Rate,767
09/27/2026 12:46:12,Transceiver,transceiver_requests_total_MultiplyRequestMultiplyResponse (requests / 1 sec),Rate,802
09/27/2026 12:46:12,Transceiver,transceiver_requests_slow_total_MultiplyRequestMultiplyResponse (requests / 1 sec)[elapsed=00:00:16.1271178;request=Transceiver.Demo.MultiplyRequest],Rate,0
09/27/2026 12:46:12,Transceiver,transceiver_receive_object_duration (ms)[Percentile=50],Metric,0.0472412109375
09/27/2026 12:46:12,Transceiver,transceiver_receive_object_duration (ms)[Percentile=95],Metric,0.087890625
09/27/2026 12:46:12,Transceiver,transceiver_receive_object_duration (ms)[Percentile=99],Metric,0.12939453125
09/27/2026 12:46:12,Transceiver,transceiver_requests_total_SumRequestSumResponse (requests / 1 sec),Rate,797
09/27/2026 12:46:13,Transceiver,transceiver_requests_total_MultiplyRequestMultiplyResponse (requests / 1 sec),Rate,942
09/27/2026 12:46:13,Transceiver,transceiver_requests_slow_total_MultiplyRequestMultiplyResponse (requests / 1 sec)[elapsed=00:00:16.1271178;request=Transceiver.Demo.MultiplyRequest],Rate,0
09/27/2026 12:46:13,Transceiver,transceiver_receive_object_duration (ms)[Percentile=50],Metric,0.052490234375
09/27/2026 12:46:13,Transceiver,transceiver_receive_object_duration (ms)[Percentile=95],Metric,0.1005859375
09/27/2026 12:46:13,Transceiver,transceiver_receive_object_duration (ms)[Percentile=99],Metric,0.147216796875
09/27/2026 12:46:13,Transceiver,transceiver_requests_total_SumRequestSumResponse (requests / 1 sec),Rate,958
09/27/2026 12:46:14,Transceiver,transceiver_requests_total_MultiplyRequestMultiplyResponse (requests / 1 sec),Rate,1112
09/27/2026 12:46:14,Transceiver,transceiver_requests_slow_total_MultiplyRequestMultiplyResponse (requests / 1 sec)[elapsed=00:00:16.1271178;request=Transceiver.Demo.MultiplyRequest],Rate,0
09/27/2026 12:46:14,Transceiver,transceiver_receive_object_duration (ms)[Percentile=50],Metric,0.04254150390625
09/27/2026 12:46:14,Transceiver,transceiver_receive_object_duration (ms)[Percentile=95],Metric,0.0831298828125
09/27/2026 12:46:14,Transceiver,transceiver_receive_object_duration (ms)[Percentile=99],Metric,0.12060546875
09/27/2026 12:46:14,Transceiver,transceiver_requests_total_SumRequestSumResponse (requests / 1 sec),Rate,1106
09/27/2026 12:46:15,Transceiver,transceiver_requests_total_MultiplyRequestMultiplyResponse (requests / 1 sec),Rate,1002
09/27/2026 12:46:15,Transceiver,transceiver_requests_slow_total_MultiplyRequestMultiplyResponse (requests / 1 sec)[elapsed=00:00:16.1271178;request=Transceiver.Demo.MultiplyRequest],Rate,0
09/27/2026 12:46:15,Transceiver,transceiver_receive_object_duration (ms)[Percentile=50],Metric,0.0428466796875
09/27/2026 12:46:15,Transceiver,transceiver_receive_object_duration (ms)[Percentile=95],Metric,0.0762939453125
09/27/2026 12:46:15,Transceiver,transceiver_receive_object_duration (ms)[Percentile=99],Metric,0.1175537109375
09/27/2026 12:46:15,Transceiver,transceiver_requests_total_SumRequestSumResponse (requests / 1 sec),Rate,1002
09/27/2026 12:46:16,Transceiver,transceiver_requests_total_MultiplyRequestMultiplyResponse (requests / 1 sec),Rate,1016
09/27/2026 12:46:16,Transceiver,transceiver_requests_slow_total_MultiplyRequestMultiplyResponse (requests / 1 sec)[elapsed=00:00:16.1271178;request=Transceiver.Demo.MultiplyRequest],Rate,0
09/27/2026 12:46:16,Transceiver,transceiver_receive_object_duration (ms)[Percentile=50],Metric,0.04669189453125
09/27/2026 12:46:16,Transceiver,transceiver_receive_object_duration (ms)[Percentile=95],Metric,0.085205078125
09/27/2026 12:46:16,Transceiver,transceiver_receive_object_duration (ms)[Percentile=99],Metric,0.121337890625
09/27/2026 12:46:16,Transceiver,transceiver_requests_total_SumRequestSumResponse (requests / 1 sec),Rate,1029
09/27/2026 12:46:17,Transceiver,transceiver_requests_total_MultiplyRequestMultiplyResponse (requests / 1 sec),Rate,972
09/27/2026 12:46:17,Transceiver,transceiver_requests_slow_total_MultiplyRequestMultiplyResponse (requests / 1 sec)[elapsed=00:00:16.1271178;request=Transceiver.Demo.MultiplyRequest],Rate,0
09/27/2026 12:46:17,Transceiver,transceiver_receive_object_duration (ms)[Percentile=50],Metric,0.04437255859375
09/27/2026 12:46:17,Transceiver,transceiver_receive_object_duration (ms)[Percentile=95],Metric,0.0841064453125
09/27/2026 12:46:17,Transceiver,transceiver_receive_object_duration (ms)[Percentile=99],Metric,0.112060546875
09/27/2026 12:46:17,Transceiver,transceiver_requests_total_SumRequestSumResponse (requests / 1 sec),Rate,977
09/27/2026 12:46:18,Transceiver,transceiver_requests_total_MultiplyRequestMultiplyResponse (requests / 1 sec),Rate,1001
09/27/2026 12:46:18,Transceiver,transceiver_requests_slow_total_MultiplyRequestMultiplyResponse (requests / 1 sec)[elapsed=00:00:16.1271178;request=Transceiver.Demo.MultiplyRequest],Rate,0
09/27/2026 12:46:18,Transceiver,transceiver_receive_object_duration (ms)[Percentile=50],Metric,0.04547119140625
09/27/2026 12:46:18,Transceiver,transceiver_receive_object_duration (ms)[Percentile=95],Metric,0.0972900390625
09/27/2026 12:46:18,Transceiver,transceiver_receive_object_duration (ms)[Percentile=99],Metric,0.15625
09/27/2026 12:46:18,Transceiver,transceiver_requests_total_SumRequestSumResponse (requests / 1 sec),Rate,1005
09/27/2026 12:46:19,Transceiver,transceiver_requests_total_MultiplyRequestMultiplyResponse (requests / 1 sec),Rate,896
09/27/2026 12:46:19,Transceiver,transceiver_requests_slow_total_MultiplyRequestMultiplyResponse (requests / 1 sec)[elapsed=00:00:16.1271178;request=Transceiver.Demo.MultiplyRequest],Rate,0
09/27/2026 12:46:19,Transceiver,transceiver_receive_object_duration (ms)[Percentile=50],Metric,0.0435791015625
09/27/2026 12:46:19,Transceiver,transceiver_receive_object_duration (ms)[Percentile=95],Metric,0.094970703125
09/27/2026 12:46:19,Transceiver,transceiver_receive_object_duration (ms)[Percentile=99],Metric,0.139404296875
09/27/2026 12:46:19,Transceiver,transceiver_requests_total_SumRequestSumResponse (requests / 1 sec),Rate,887
09/27/2026 12:46:20,Transceiver,transceiver_requests_total_MultiplyRequestMultiplyResponse (requests / 1 sec),Rate,829
09/27/2026 12:46:20,Transceiver,transceiver_requests_slow_total_MultiplyRequestMultiplyResponse (requests / 1 sec)[elapsed=00:00:16.1271178;request=Transceiver.Demo.MultiplyRequest],Rate,0
09/27/2026 12:46:20,Transceiver,transceiver_receive_object_duration (ms)[Percentile=50],Metric,0.0439453125
09/27/2026 12:46:20,Transceiver,transceiver_receive_object_duration (ms)[Percentile=95],Metric,0.08349609375
09/27/2026 12:46:20,Transceiver,transceiver_receive_object_duration (ms)[Percentile=99],Metric,0.131103515625
09/27/2026 12:46:20,Transceiver,transceiver_requests_total_SumRequestSumResponse (requests / 1 sec),Rate,829
09/27/2026 12:46:21,Transceiver,transceiver_requests_total_MultiplyRequestMultiplyResponse (requests / 1 sec),Rate,802
09/27/2026 12:46:21,Transceiver,transceiver_requests_slow_total_MultiplyRequestMultiplyResponse (requests / 1 sec)[elapsed=00:00:16.1271178;request=Transceiver.Demo.MultiplyRequest],Rate,0
09/27/2026 12:46:21,Transceiver,transceiver_receive_object_duration (ms)[Percentile=50],Metric,0.044189453125
09/27/2026 12:46:21,Transceiver,transceiver_receive_object_duration (ms)[Percentile=95],Metric,0.0911865234375
09/27/2026 12:46:21,Transceiver,transceiver_receive_object_duration (ms)[Percentile=99],Metric,0.13330078125
09/27/2026 12:46:21,Transceiver,transceiver_requests_total_SumRequestSumResponse (requests / 1 sec),Rate,804
09/27/2026 12:46:22,Transceiver,transceiver_requests_total_MultiplyRequestMultiplyResponse (requests / 1 sec),Rate,890
09/27/2026 12:46:22,Transceiver,transceiver_requests_slow_total_MultiplyRequestMultiplyResponse (requests / 1 sec)[elapsed=00:00:16.1271178;request=Transceiver.Demo.MultiplyRequest],Rate,0
09/27/2026 12:46:22,Transceiver,transceiver_receive_object_duration (ms)[Percentile=50],Metric,0.04449462890625
09/27/2026 12:46:22,Transceiver,transceiver_receive_object_duration (ms)[Percentile=95],Metric,0.0909423828125
09/27/2026 12:46:22,Transceiver,transceiver_receive_object_duration (ms)[Percentile=99],Metric,0.15234375
09/27/2026 12:46:22,Transceiver,transceiver_requests_total_SumRequestSumResponse (requests / 1 sec),Rate,897
09/27/2026 12:46:23,Transceiver,transceiver_requests_total_MultiplyRequestMultiplyResponse (requests / 1 sec),Rate,931
09/27/2026 12:46:23,Transceiver,transceiver_requests_slow_total_MultiplyRequestMultiplyResponse (requests / 1 sec)[elapsed=00:00:16.1271178;request=Transceiver.Demo.MultiplyRequest],Rate,0
09/27/2026 12:46:23,Transceiver,transceiver_receive_object_duration (ms)[Percentile=50],Metric,0.0440673828125
09/27/2026 12:46:23,Transceiver,transceiver_receive_object_duration (ms)[Percentile=95],Metric,0.08447265625
09/27/2026 12:46:23,Transceiver,transceiver_receive_object_duration (ms)[Percentile=99],Metric,0.128173828125
09/27/2026 12:46:23,Transceiver,transceiver_requests_total_SumRequestSumResponse (requests / 1 sec),Rate,947
09/27/2026 12:46:24,Transceiver,transceiver_requests_total_MultiplyRequestMultiplyResponse (requests / 1 sec),Rate,1188
09/27/2026 12:46:24,Transceiver,transceiver_requests_slow_total_MultiplyRequestMultiplyResponse (requests / 1 sec)[elapsed=00:00:16.1271178;request=Transceiver.Demo.MultiplyRequest],Rate,0
09/27/2026 12:46:24,Transceiver,transceiver_receive_object_duration (ms)[Percentile=50],Metric,0.04498291015625
09/27/2026 12:46:24,Transceiver,transceiver_receive_object_duration (ms)[Percentile=95],Metric,0.07763671875
09/27/2026 12:46:24,Transceiver,transceiver_receive_object_duration (ms)[Percentile=99],Metric,0.1063232421875
09/27/2026 12:46:24,Transceiver,transceiver_requests_total_SumRequestSumResponse (requests / 1 sec),Rate,1179
09/27/2026 12:46:25,Transceiver,transceiver_requests_total_MultiplyRequestMultiplyResponse (requests / 1 sec),Rate,853
09/27/2026 12:46:25,Transceiver,transceiver_requests_slow_total_MultiplyRequestMultiplyResponse (requests / 1 sec)[elapsed=00:00:16.1271178;request=Transceiver.Demo.MultiplyRequest],Rate,0
09/27/2026 12:46:25,Transceiver,transceiver_receive_object_duration (ms)[Percentile=50],Metric,0.046875
09/27/2026 12:46:25,Transceiver,transceiver_receive_object_duration (ms)[Percentile=95],Metric,0.0963134765625
09/27/2026 12:46:25,Transceiver,transceiver_receive_object_duration (ms)[Percentile=99],Metric,0.13232421875
09/27/2026 12:46:25,Transceiver,transceiver_requests_total_SumRequestSumResponse (requests / 1 sec),Rate,875
09/27/2026 12:46:26,Transceiver,transceiver_requests_total_MultiplyRequestMultiplyResponse (requests / 1 sec),Rate,602
09/27/2026 12:46:26,Transceiver,transceiver_requests_slow_total_MultiplyRequestMultiplyResponse (requests / 1 sec)[elapsed=00:00:16.1271178;request=Transceiver.Demo.MultiplyRequest],Rate,0
09/27/2026 12:46:26,Transceiver,transceiver_receive_object_duration (ms)[Percentile=50],Metric,0.046875
09/27/2026 12:46:26,Transceiver,transceiver_receive_object_duration (ms)[Percentile=95],Metric,0.100341796875
09/27/2026 12:46:26,Transceiver,transceiver_receive_object_duration (ms)[Percentile=99],Metric,0.15576171875
09/27/2026 12:46:26,Transceiver,transceiver_requests_total_SumRequestSumResponse (requests / 1 sec),Rate,594
09/27/2026 12:46:27,Transceiver,transceiver_requests_total_MultiplyRequestMultiplyResponse (requests / 1 sec),Rate,1016
09/27/2026 12:46:27,Transceiver,transceiver_requests_slow_total_MultiplyRequestMultiplyResponse (requests / 1 sec)[elapsed=00:00:16.1271178;request=Transceiver.Demo.MultiplyRequest],Rate,0
09/27/2026 12:46:27,Transceiver,transceiver_receive_object_duration (ms)[Percentile=50],Metric,0.04266357421875
09/27/2026 12:46:27,Transceiver,transceiver_receive_object_duration (ms)[Percentile=95],Metric,0.0767822265625
09/27/2026 12:46:27,Transceiver,transceiver_receive_object_duration (ms)[Percentile=99],Metric,0.12255859375
09/27/2026 12:46:27,Transceiver,transceiver_requests_total_SumRequestSumResponse (requests / 1 sec),Rate,999
09/27/2026 12:46:28,Transceiver,transceiver_requests_total_MultiplyRequestMultiplyResponse (requests / 1 sec),Rate,891
09/27/2026 12:46:28,Transceiver,transceiver_requests_slow_total_MultiplyRequestMultiplyResponse (requests / 1 sec)[elapsed=00:00:16.1271178;request=Transceiver.Demo.MultiplyRequest],Rate,0
09/27/2026 12:46:28,Transceiver,transceiver_receive_object_duration (ms)[Percentile=50],Metric,0.04168701171875
09/27/2026 12:46:28,Transceiver,transceiver_receive_object_duration (ms)[Percentile=95],Metric,0.0780029296875
09/27/2026 12:46:28,Transceiver,transceiver_receive_object_duration (ms)[Percentile=99],Metric,0.130859375
09/27/2026 12:46:28,Transceiver,transceiver_requests_total_SumRequestSumResponse (requests / 1 sec),Rate,881
09/27/2026 12:46:29,Transceiver,transceiver_requests_total_MultiplyRequestMultiplyResponse (requests / 1 sec),Rate,943
09/27/2026 12:46:29,Transceiver,transceiver_requests_slow_total_MultiplyRequestMultiplyResponse (requests / 1 sec)[elapsed=00:00:16.1271178;request=Transceiver.Demo.MultiplyRequest],Rate,0
09/27/2026 12:46:29,Transceiver,transceiver_receive_object_duration (ms)[Percentile=50],Metric,0.0428466796875
09/27/2026 12:46:29,Transceiver,transceiver_receive_object_duration (ms)[Percentile=95],Metric,0.08544921875
09/27/2026 12:46:29,Transceiver,transceiver_receive_object_duration (ms)[Percentile=99],Metric,0.146240234375
09/27/2026 12:46:29,Transceiver,transceiver_requests_total_SumRequestSumResponse (requests / 1 sec),Rate,954
09/27/2026 12:46:30,Transceiver,transceiver_requests_total_MultiplyRequestMultiplyResponse (requests / 1 sec),Rate,1116
09/27/2026 12:46:30,Transceiver,transceiver_requests_slow_total_MultiplyRequestMultiplyResponse (requests / 1 sec)[elapsed=00:00:16.1271178;request=Transceiver.Demo.MultiplyRequest],Rate,0
09/27/2026 12:46:30,Transceiver,transceiver_receive_object_duration (ms)[Percentile=50],Metric,0.04217529296875
09/27/2026 12:46:30,Transceiver,transceiver_receive_object_duration (ms)[Percentile=95],Metric,0.072265625
09/27/2026 12:46:30,Transceiver,transceiver_receive_object_duration (ms)[Percentile=99],Metric,0.1141357421875
09/27/2026 12:46:30,Transceiver,transceiver_requests_total_SumRequestSumResponse (requests / 1 sec),Rate,1126
09/27/2026 12:46:31,Transceiver,transceiver_requests_total_MultiplyRequestMultiplyResponse (requests / 1 sec),Rate,1335
09/27/2026 12:46:31,Transceiver,transceiver_requests_slow_total_MultiplyRequestMultiplyResponse (requests / 1 sec)[elapsed=00:00:16.1271178;request=Transceiver.Demo.MultiplyRequest],Rate,0
09/27/2026 12:46:31,Transceiver,transceiver_receive_object_duration (ms)[Percentile=50],Metric,0.04168701171875
09/27/2026 12:46:31,Transceiver,transceiver_receive_object_duration (ms)[Percentile=95],Metric,0.072021484375
09/27/2026 12:46:31,Transceiver,transceiver_receive_object_duration (ms)[Percentile=99],Metric,0.114990234375
09/27/2026 12:46:31,Transceiver,transceiver_requests_total_SumRequestSumResponse (requests / 1 sec),Rate,1330
09/27/2026 12:46:32,Transceiver,transceiver_requests_total_MultiplyRequestMultiplyResponse (requests / 1 sec),Rate,1079
09/27/2026 12:46:32,Transceiver,transceiver_requests_slow_total_MultiplyRequestMultiplyResponse (requests / 1 sec)[elapsed=00:00:16.1271178;request=Transceiver.Demo.MultiplyRequest],Rate,0
09/27/2026 12:46:32,Transceiver,transceiver_receive_object_duration (ms)[Percentile=50],Metric,0.0430908203125
09/27/2026 12:46:32,Transceiver,transceiver_receive_object_duration (ms)[Percentile=95],Metric,0.0806884765625
09/27/2026 12:46:32,Transceiver,transceiver_receive_object_duration (ms)[Percentile=99],Metric,0.131103515625
09/27/2026 12:46:32,Transceiver,transceiver_requests_total_SumRequestSumResponse (requests / 1 sec),Rate,1095
09/27/2026 12:46:33,Transceiver,transceiver_requests_total_MultiplyRequestMultiplyResponse (requests / 1 sec),Rate,999
09/27/2026 12:46:33,Transceiver,transceiver_requests_slow_total_MultiplyRequestMultiplyResponse (requests / 1 sec)[elapsed=00:00:16.1271178;request=Transceiver.Demo.MultiplyRequest],Rate,0
09/27/2026 12:46:33,Transceiver,transceiver_receive_object_duration (ms)[Percentile=50],Metric,0.045654296875
09/27/2026 12:46:33,Transceiver,transceiver_receive_object_duration (ms)[Percentile=95],Metric,0.0889892578125
09/27/2026 12:46:33,Transceiver,transceiver_receive_object_duration (ms)[Percentile=99],Metric,0.14013671875
09/27/2026 12:46:33,Transceiver,transceiver_requests_total_SumRequestSumResponse (requests / 1 sec),Rate,993
09/27/2026 12:46:34,Transceiver,transceiver_requests_total_MultiplyRequestMultiplyResponse (requests / 1 sec),Rate,1114
09/27/2026 12:46:34,Transceiver,transceiver_requests_slow_total_MultiplyRequestMultiplyResponse (requests / 1 sec)[elapsed=00:00:16.1271178;request=Transceiver.Demo.MultiplyRequest],Rate,0
09/27/2026 12:46:34,Transceiver,transceiver_receive_object_duration (ms)[Percentile=50],Metric,0.04217529296875
09/27/2026 12:46:34,Transceiver,transceiver_receive_object_duration (ms)[Percentile=95],Metric,0.0760498046875
09/27/2026 12:46:34,Transceiver,transceiver_receive_object_duration (ms)[Percentile=99],Metric,0.1171875
09/27/2026 12:46:34,Transceiver,transceiver_requests_total_SumRequestSumResponse (requests / 1 sec),Rate,1121
09/27/2026 12:46:35,Transceiver,transceiver_requests_total_MultiplyRequestMultiplyResponse (requests / 1 sec),Rate,597
09/27/2026 12:46:35,Transceiver,transceiver_requests_slow_total_MultiplyRequestMultiplyResponse (requests / 1 sec)[elapsed=00:00:16.1271178;request=Transceiver.Demo.MultiplyRequest],Rate,0
09/27/2026 12:46:35,Transceiver,transceiver_receive_object_duration (ms)[Percentile=50],Metric,0.04638671875
09/27/2026 12:46:35,Transceiver,transceiver_receive_object_duration (ms)[Percentile=95],Metric,0.102783203125
09/27/2026 12:46:35,Transceiver,transceiver_receive_object_duration (ms)[Percentile=99],Metric,0.15869140625
09/27/2026 12:46:35,Transceiver,transceiver_requests_total_SumRequestSumResponse (requests / 1 sec),Rate,593
09/27/2026 12:46:36,Transceiver,transceiver_requests_total_MultiplyRequestMultiplyResponse (requests / 1 sec),Rate,1261
09/27/2026 12:46:36,Transceiver,transceiver_requests_slow_total_MultiplyRequestMultiplyResponse (requests / 1 sec)[elapsed=00:00:16.1271178;request=Transceiver.Demo.MultiplyRequest],Rate,0
09/27/2026 12:46:36,Transceiver,transceiver_receive_object_duration (ms)[Percentile=50],Metric,0.0447998046875
09/27/2026 12:46:36,Transceiver,transceiver_receive_object_duration (ms)[Percentile=95],Metric,0.0821533203125
09/27/2026 12:46:36,Transceiver,transceiver_receive_object_duration (ms)[Percentile=99],Metric,0.12744140625
09/27/2026 12:46:36,Transceiver,transceiver_requests_total_SumRequestSumResponse (requests / 1 sec),Rate,1261
09/27/2026 12:46:37,Transceiver,transceiver_requests_total_MultiplyRequestMultiplyResponse (requests / 1 sec),Rate,1027
09/27/2026 12:46:37,Transceiver,transceiver_requests_slow_total_MultiplyRequestMultiplyResponse (requests / 1 sec)[elapsed=00:00:16.1271178;request=Transceiver.Demo.MultiplyRequest],Rate,0
09/27/2026 12:46:37,Transceiver,transceiver_receive_object_duration (ms)[Percentile=50],Metric,0.04608154296875
09/27/2026 12:46:37,Transceiver,transceiver_receive_object_duration (ms)[Percentile=95],Metric,0.0826416015625
09/27/2026 12:46:37,Transceiver,transceiver_receive_object_duration (ms)[Percentile=99],Metric,0.1328125
09/27/2026 12:46:37,Transceiver,transceiver_requests_total_SumRequestSumResponse (requests / 1 sec),Rate,1026
09/27/2026 12:46:38,Transceiver,transceiver_requests_total_MultiplyRequestMultiplyResponse (requests / 1 sec),Rate,1013
09/27/2026 12:46:38,Transceiver,transceiver_requests_slow_total_MultiplyRequestMultiplyResponse (requests / 1 sec)[elapsed=00:00:16.1271178;request=Transceiver.Demo.MultiplyRequest],Rate,0
09/27/2026 12:46:38,Transceiver,transceiver_receive_object_duration (ms)[Percentile=50],Metric,0.046142578125
09/27/2026 12:46:38,Transceiver,transceiver_receive_object_duration (ms)[Percentile=95],Metric,0.0850830078125
09/27/2026 12:46:38,Transceiver,transceiver_receive_object_duration (ms)[Percentile=99],Metric,0.143798828125
09/27/2026 12:46:38,Transceiver,transceiver_requests_total_SumRequestSumResponse (requests / 1 sec),Rate,996
09/27/2026 12:46:39,Transceiver,transceiver_requests_total_MultiplyRequestMultiplyResponse (requests / 1 sec),Rate,1059
09/27/2026 12:46:39,Transceiver,transceiver_requests_slow_total_MultiplyRequestMultiplyResponse (requests / 1 sec)[elapsed=00:00:16.1271178;request=Transceiver.Demo.MultiplyRequest],Rate,0
09/27/2026 12:46:39,Transceiver,transceiver_receive_object_duration (ms)[Percentile=50],Metric,0.04217529296875
09/27/2026 12:46:39,Transceiver,transceiver_receive_object_duration (ms)[Percentile=95],Metric,0.0810546875
09/27/2026 12:46:39,Transceiver,transceiver_receive_object_duration (ms)[Percentile=99],Metric,0.1224365234375
09/27/2026 12:46:39,Transceiver,transceiver_requests_total_SumRequestSumResponse (requests / 1 sec),Rate,1062
09/27/2026 12:46:40,Transceiver,transceiver_requests_total_MultiplyRequestMultiplyResponse (requests / 1 sec),Rate,972
09/27/2026 12:46:40,Transceiver,transceiver_requests_slow_total_MultiplyRequestMultiplyResponse (requests / 1 sec)[elapsed=00:00:16.1271178;request=Transceiver.Demo.MultiplyRequest],Rate,0
09/27/2026 12:46:40,Transceiver,transceiver_receive_object_duration (ms)[Percentile=50],Metric,0.0450439453125
09/27/2026 12:46:40,Transceiver,transceiver_receive_object_duration (ms)[Percentile=95],Metric,0.089599609375
09/27/2026 12:46:40,Transceiver,transceiver_receive_object_duration (ms)[Percentile=99],Metric,0.1219482421875
09/27/2026 12:46:40,Transceiver,transceiver_requests_total_SumRequestSumResponse (requests / 1 sec),Rate,985
09/27/2026 12:46:41,Transceiver,transceiver_requests_total_MultiplyRequestMultiplyResponse (requests / 1 sec),Rate,826
09/27/2026 12:46:41,Transceiver,transceiver_requests_slow_total_MultiplyRequestMultiplyResponse (requests / 1 sec)[elapsed=00:00:16.1271178;request=Transceiver.Demo.MultiplyRequest],Rate,0
09/27/2026 12:46:41,Transceiver,transceiver_receive_object_duration (ms)[Percentile=50],Metric,0.04705810546875
09/27/2026 12:46:41,Transceiver,transceiver_receive_object_duration (ms)[Percentile=95],Metric,0.0899658203125
09/27/2026 12:46:41,Transceiver,transceiver_receive_object_duration (ms)[Percentile=99],Metric,0.1337890625
09/27/2026 12:46:41,Transceiver,transceiver_requests_total_SumRequestSumResponse (requests / 1 sec),Rate,847
09/27/2026 12:46:42,Transceiver,transceiver_requests_total_MultiplyRequestMultiplyResponse (requests / 1 sec),Rate,964
09/27/2026 12:46:42,Transceiver,transceiver_requests_slow_total_MultiplyRequestMultiplyResponse (requests / 1 sec)[elapsed=00:00:16.1271178;request=Transceiver.Demo.MultiplyRequest],Rate,0
09/27/2026 12:46:42,Transceiver,transceiver_receive_object_duration (ms)[Percentile=50],Metric,0.04217529296875
09/27/2026 12:46:42,Transceiver,transceiver_receive_object_duration (ms)[Percentile=95],Metric,0.087158203125
09/27/2026 12:46:42,Transceiver,transceiver_receive_object_duration (ms)[Percentile=99],Metric,0.17138671875
09/27/2026 12:46:42,Transceiver,transceiver_requests_total_SumRequestSumResponse (requests / 1 sec),Rate,939
09/27/2026 12:46:43,Transceiver,transceiver_requests_total_MultiplyRequestMultiplyResponse (requests / 1 sec),Rate,925
09/27/2026 12:46:43,Transceiver,transceiver_requests_slow_total_MultiplyRequestMultiplyResponse (requests / 1 sec)[elapsed=00:00:16.1271178;request=Transceiver.Demo.MultiplyRequest],Rate,0
09/27/2026 12:46:43,Transceiver,transceiver_receive_object_duration (ms)[Percentile=50],Metric,0.04058837890625
09/27/2026 12:46:43,Transceiver,transceiver_receive_object_duration (ms)[Percentile=95],Metric,0.078125
09/27/2026 12:46:43,Transceiver,transceiver_receive_object_duration (ms)[Percentile=99],Metric,0.126708984375
09/27/2026 12:46:43,Transceiver,transceiver_requests_total_SumRequestSumResponse (requests / 1 sec),Rate,924
09/27/2026 12:46:44,Transceiver,transceiver_requests_total_MultiplyRequestMultiplyResponse (requests / 1 sec),Rate,922
09/27/2026 12:46:44,Transceiver,transceiver_requests_slow_total_MultiplyRequestMultiplyResponse (requests / 1 sec)[elapsed=00:00:16.1271178;request=Transceiver.Demo.MultiplyRequest],Rate,0
09/27/2026 12:46:44,Transceiver,transceiver_receive_object_duration (ms)[Percentile=50],Metric,0.045654296875
09/27/2026 12:46:44,Transceiver,transceiver_receive_object_duration (ms)[Percentile=95],Metric,0.092529296875
09/27/2026 12:46:44,Transceiver,transceiver_receive_object_duration (ms)[Percentile=99],Metric,0.177978515625
09/27/2026 12:46:44,Transceiver,transceiver_requests_total_SumRequestSumResponse (requests / 1 sec),Rate,895
09/27/2026 12:46:45,Transceiver,transceiver_requests_total_MultiplyRequestMultiplyResponse (requests / 1 sec),Rate,974
09/27/2026 12:46:45,Transceiver,transceiver_requests_slow_total_MultiplyRequestMultiplyResponse (requests / 1 sec)[elapsed=00:00:16.1271178;request=Transceiver.Demo.MultiplyRequest],Rate,0
09/27/2026 12:46:45,Transceiver,transceiver_receive_object_duration (ms)[Percentile=50],Metric,0.0419921875
09/27/2026 12:46:45,Transceiver,transceiver_receive_object_duration (ms)[Percentile=95],Metric,0.0782470703125
09/27/2026 12:46:45,Transceiver,transceiver_receive_object_duration (ms)[Percentile=99],Metric,0.126220703125
09/27/2026 12:46:45,Transceiver,transceiver_requests_total_SumRequestSumResponse (requests / 1 sec),Rate,977
09/27/2026 12:46:46,Transceiver,transceiver_requests_total_MultiplyRequestMultiplyResponse (requests / 1 sec),Rate,964
09/27/2026 12:46:46,Transceiver,transceiver_requests_slow_total_MultiplyRequestMultiplyResponse (requests / 1 sec)[elapsed=00:00:16.1271178;request=Transceiver.Demo.MultiplyRequest],Rate,0
09/27/2026 12:46:46,Transceiver,transceiver_receive_object_duration (ms)[Percentile=50],Metric,0.04119873046875
09/27/2026 12:46:46,Transceiver,transceiver_receive_object_duration (ms)[Percentile=95],Metric,0.0799560546875
09/27/2026 12:46:46,Transceiver,transceiver_receive_object_duration (ms)[Percentile=99],Metric,0.12255859375
09/27/2026 12:46:46,Transceiver,transceiver_requests_total_SumRequestSumResponse (requests / 1 sec),Rate,982
09/27/2026 12:46:47,Transceiver,transceiver_requests_total_MultiplyRequestMultiplyResponse (requests / 1 sec),Rate,661
09/27/2026 12:46:47,Transceiver,transceiver_requests_slow_total_MultiplyRequestMultiplyResponse (requests / 1 sec)[elapsed=00:00:16.1271178;request=Transceiver.Demo.MultiplyRequest],Rate,0
09/27/2026 12:46:47,Transceiver,transceiver_receive_object_duration (ms)[Percentile=50],Metric,0.0484619140625
09/27/2026 12:46:47,Transceiver,transceiver_receive_object_duration (ms)[Percentile=95],Metric,0.1044921875
09/27/2026 12:46:47,Transceiver,transceiver_receive_object_duration (ms)[Percentile=99],Metric,0.148681640625
09/27/2026 12:46:47,Transceiver,transceiver_requests_total_SumRequestSumResponse (requests / 1 sec),Rate,657
09/27/2026 12:46:48,Transceiver,transceiver_requests_total_MultiplyRequestMultiplyResponse (requests / 1 sec),Rate,877
09/27/2026 12:46:48,Transceiver,transceiver_requests_slow_total_MultiplyRequestMultiplyResponse (requests / 1 sec)[elapsed=00:00:16.1271178;request=Transceiver.Demo.MultiplyRequest],Rate,0
09/27/2026 12:46:48,Transceiver,transceiver_receive_object_duration (ms)[Percentile=50],Metric,0.0440673828125
09/27/2026 12:46:48,Transceiver,transceiver_receive_object_duration (ms)[Percentile=95],Metric,0.0877685546875
09/27/2026 12:46:48,Transceiver,transceiver_receive_object_duration (ms)[Percentile=99],Metric,0.1494140625
09/27/2026 12:46:48,Transceiver,transceiver_requests_total_SumRequestSumResponse (requests / 1 sec),Rate,879
09/27/2026 12:46:49,Transceiver,transceiver_requests_total_MultiplyRequestMultiplyResponse (requests / 1 sec),Rate,1077
09/27/2026 12:46:49,Transceiver,transceiver_requests_slow_total_MultiplyRequestMultiplyResponse (requests / 1 sec)[elapsed=00:00:16.1271178;request=Transceiver.Demo.MultiplyRequest],Rate,0
09/27/2026 12:46:49,Transceiver,transceiver_receive_object_duration (ms)[Percentile=50],Metric,0.04815673828125
09/27/2026 12:46:49,Transceiver,transceiver_receive_object_duration (ms)[Percentile=95],Metric,0.0850830078125
09/27/2026 12:46:49,Transceiver,transceiver_receive_object_duration (ms)[Percentile=99],Metric,0.1357421875
09/27/2026 12:46:49,Transceiver,transceiver_requests_total_SumRequestSumResponse (requests / 1 sec),Rate,1069
09/27/2026 12:46:50,Transceiver,transceiver_requests_total_MultiplyRequestMultiplyResponse (requests / 1 sec),Rate,1022
09/27/2026 12:46:50,Transceiver,transceiver_requests_slow_total_MultiplyRequestMultiplyResponse (requests / 1 sec)[elapsed=00:00:16.1271178;request=Transceiver.Demo.MultiplyRequest],Rate,0
09/27/2026 12:46:50,Transceiver,transceiver_receive_object_duration (ms)[Percentile=50],Metric,0.046142578125
09/27/2026 12:46:50,Transceiver,transceiver_receive_object_duration (ms)[Percentile=95],Metric,0.0906982421875
09/27/2026 12:46:50,Transceiver,transceiver_receive_object_duration (ms)[Percentile=99],Metric,0.14599609375
09/27/2026 12:46:50,Transceiver,transceiver_requests_total_SumRequestSumResponse (requests / 1 sec),Rate,1043
09/27/2026 12:47:01,Transceiver,transceiver_requests_slow_total_SumRequestSumResponse (requests / 1 sec)[elapsed=00:00:10.6627140;request=Transceiver.Demo.SumRequest],Rate,1
09/27/2026 12:47:01,Transceiver,transceiver_requests_total_MultiplyRequestMultiplyResponse (requests / 1 sec),Rate,268
09/27/2026 12:47:01,Transceiver,transceiver_requests_slow_total_MultiplyRequestMultiplyResponse (requests / 1 sec)[elapsed=00:00:10.6628511;request=Transceiver.Demo.MultiplyRequest],Rate,1
09/27/2026 12:47:01,Transceiver,transceiver_requests_slow_total_MultiplyRequestMultiplyResponse (requests / 1 sec)[elapsed=00:00:16.1271178;request=Transceiver.Demo.MultiplyRequest],Rate,0
09/27/2026 12:47:01,Transceiver,transceiver_receive_object_duration (ms)[Percentile=50],Metric,0.04718017578125
09/27/2026 12:47:01,Transceiver,transceiver_receive_object_duration (ms)[Percentile=95],Metric,0.0845947265625
09/27/2026 12:47:01,Transceiver,transceiver_receive_object_duration (ms)[Percentile=99],Metric,0.135498046875
09/27/2026 12:47:01,Transceiver,transceiver_requests_total_SumRequestSumResponse (requests / 1 sec),Rate,360
09/27/2026 12:47:02,Transceiver,transceiver_requests_slow_total_SumRequestSumResponse (requests / 1 sec)[elapsed=00:00:10.6627140;request=Transceiver.Demo.SumRequest],Rate,0
09/27/2026 12:47:02,Transceiver,transceiver_requests_total_MultiplyRequestMultiplyResponse (requests / 1 sec),Rate,946
09/27/2026 12:47:02,Transceiver,transceiver_requests_slow_total_MultiplyRequestMultiplyResponse (requests / 1 sec)[elapsed=00:00:10.6628511;request=Transceiver.Demo.MultiplyRequest],Rate,0
09/27/2026 12:47:02,Transceiver,transceiver_requests_slow_total_MultiplyRequestMultiplyResponse (requests / 1 sec)[elapsed=00:00:16.1271178;request=Transceiver.Demo.MultiplyRequest],Rate,0
09/27/2026 12:47:02,Transceiver,transceiver_receive_object_duration (ms)[Percentile=50],Metric,0.04144287109375
09/27/2026 12:47:02,Transceiver,transceiver_receive_object_duration (ms)[Percentile=95],Metric,0.081298828125
09/27/2026 12:47:02,Transceiver,transceiver_receive_object_duration (ms)[Percentile=99],Metric,0.132568359375
09/27/2026 12:47:02,Transceiver,transceiver_requests_total_SumRequestSumResponse (requests / 1 sec),Rate,936
09/27/2026 12:47:03,Transceiver,transceiver_requests_slow_total_SumRequestSumResponse (requests / 1 sec)[elapsed=00:00:10.6627140;request=Transceiver.Demo.SumRequest],Rate,0
09/27/2026 12:47:03,Transceiver,transceiver_requests_total_MultiplyRequestMultiplyResponse (requests / 1 sec),Rate,1010
09/27/2026 12:47:03,Transceiver,transceiver_requests_slow_total_MultiplyRequestMultiplyResponse (requests / 1 sec)[elapsed=00:00:10.6628511;request=Transceiver.Demo.MultiplyRequest],Rate,0
09/27/2026 12:47:03,Transceiver,transceiver_requests_slow_total_MultiplyRequestMultiplyResponse (requests / 1 sec)[elapsed=00:00:16.1271178;request=Transceiver.Demo.MultiplyRequest],Rate,0
09/27/2026 12:47:03,Transceiver,transceiver_receive_object_duration (ms)[Percentile=50],Metric,0.04095458984375
09/27/2026 12:47:03,Transceiver,transceiver_receive_object_duration (ms)[Percentile=95],Metric,0.08544921875
09/27/2026 12:47:03,Transceiver,transceiver_receive_object_duration (ms)[Percentile=99],Metric,0.1236572265625
09/27/2026 12:47:03,Transceiver,transceiver_requests_total_SumRequestSumResponse (requests / 1 sec),Rate,1009
09/27/2026 12:47:04,Transceiver,transceiver_requests_slow_total_SumRequestSumResponse (requests / 1 sec)[elapsed=00:00:10.6627140;request=Transceiver.Demo.SumRequest],Rate,0
09/27/2026 12:47:04,Transceiver,transceiver_requests_total_MultiplyRequestMultiplyResponse (requests / 1 sec),Rate,828
09/27/2026 12:47:04,Transceiver,transceiver_requests_slow_total_MultiplyRequestMultiplyResponse (requests / 1 sec)[elapsed=00:00:10.6628511;request=Transceiver.Demo.MultiplyRequest],Rate,0
09/27/2026 12:47:04,Transceiver,transceiver_requests_slow_total_MultiplyRequestMultiplyResponse (requests / 1 sec)[elapsed=00:00:16.1271178;request=Transceiver.Demo.MultiplyRequest],Rate,0
09/27/2026 12:47:04,Transceiver,transceiver_receive_object_duration (ms)[Percentile=50],Metric,0.0390625
09/27/2026 12:47:04,Transceiver,transceiver_receive_object_duration (ms)[Percentile=95],Metric,0.082763671875
09/27/2026 12:47:04,Transceiver,transceiver_receive_object_duration (ms)[Percentile=99],Metric,0.15673828125
09/27/2026 12:47:04,Transceiver,transceiver_requests_total_SumRequestSumResponse (requests / 1 sec),Rate,830
09/27/2026 12:47:05,Transceiver,transceiver_requests_slow_total_SumRequestSumResponse (requests / 1 sec)[elapsed=00:00:10.6627140;request=Transceiver.Demo.SumRequest],Rate,0
09/27/2026 12:47:05,Transceiver,transceiver_requests_total_MultiplyRequestMultiplyResponse (requests / 1 sec),Rate,1266
09/27/2026 12:47:05,Transceiver,transceiver_requests_slow_total_MultiplyRequestMultiplyResponse (requests / 1 sec)[elapsed=00:00:10.6628511;request=Transceiver.Demo.MultiplyRequest],Rate,0
09/27/2026 12:47:05,Transceiver,transceiver_requests_slow_total_MultiplyRequestMultiplyResponse (requests / 1 sec)[elapsed=00:00:16.1271178;request=Transceiver.Demo.MultiplyRequest],Rate,0
09/27/2026 12:47:05,Transceiver,transceiver_receive_object_duration (ms)[Percentile=50],Metric,0.03857421875
09/27/2026 12:47:05,Transceiver,transceiver_receive_object_duration (ms)[Percentile=95],Metric,0.068359375
09/27/2026 12:47:05,Transceiver,transceiver_receive_object_duration (ms)[Percentile=99],Metric,0.10009765625
09/27/2026 12:47:05,Transceiver,transceiver_requests_total_SumRequestSumResponse (requests / 1 sec),Rate,1272
09/27/2026 12:47:06,Transceiver,transceiver_requests_slow_total_SumRequestSumResponse (requests / 1 sec)[elapsed=00:00:10.6627140;request=Transceiver.Demo.SumRequest],Rate,0
09/27/2026 12:47:06,Transceiver,transceiver_requests_total_MultiplyRequestMultiplyResponse (requests / 1 sec),Rate,810
09/27/2026 12:47:06,Transceiver,transceiver_requests_slow_total_MultiplyRequestMultiplyResponse (requests / 1 sec)[elapsed=00:00:10.6628511;request=Transceiver.Demo.MultiplyRequest],Rate,0
09/27/2026 12:47:06,Transceiver,transceiver_requests_slow_total_MultiplyRequestMultiplyResponse (requests / 1 sec)[elapsed=00:00:16.1271178;request=Transceiver.Demo.MultiplyRequest],Rate,0
09/27/2026 12:47:06,Transceiver,transceiver_receive_object_duration (ms)[Percentile=50],Metric,0.0413818359375
09/27/2026 12:47:06,Transceiver,transceiver_receive_object_duration (ms)[Percentile=95],Metric,0.0784912109375
09/27/2026 12:47:06,Transceiver,transceiver_receive_object_duration (ms)[Percentile=99],Metric,0.12939453125
09/27/2026 12:47:06,Transceiver,transceiver_requests_total_SumRequestSumResponse (requests / 1 sec),Rate,830
09/27/2026 12:47:07,Transceiver,transceiver_requests_slow_total_SumRequestSumResponse (requests / 1 sec)[elapsed=00:00:10.6627140;request=Transceiver.Demo.SumRequest],Rate,0
09/27/2026 12:47:07,Transceiver,transceiver_requests_total_MultiplyRequestMultiplyResponse (requests / 1 sec),Rate,990
09/27/2026 12:47:07,Transceiver,transceiver_requests_slow_total_MultiplyRequestMultiplyResponse (requests / 1 sec)[elapsed=00:00:10.6628511;request=Transceiver.Demo.MultiplyRequest],Rate,0
09/27/2026 12:47:07,Transceiver,transceiver_requests_slow_total_MultiplyRequestMultiplyResponse (requests / 1 sec)[elapsed=00:00:16.1271178;request=Transceiver.Demo.MultiplyRequest],Rate,0
09/27/2026 12:47:07,Transceiver,transceiver_receive_object_duration (ms)[Percentile=50],Metric,0.0400390625
09/27/2026 12:47:07,Transceiver,transceiver_receive_object_duration (ms)[Percentile=95],Metric,0.075439453125
09/27/2026 12:47:07,Transceiver,transceiver_receive_object_duration (ms)[Percentile=99],Metric,0.189697265625
09/27/2026 12:47:07,Transceiver,transceiver_requests_total_SumRequestSumResponse (requests / 1 sec),Rate,982
09/27/2026 12:47:08,Transceiver,transceiver_requests_slow_total_SumRequestSumResponse (requests / 1 sec)[elapsed=00:00:10.6627140;request=Transceiver.Demo.SumRequest],Rate,0
09/27/2026 12:47:08,Transceiver,transceiver_requests_total_MultiplyRequestMultiplyResponse (requests / 1 sec),Rate,1072
09/27/2026 12:47:08,Transceiver,transceiver_requests_slow_total_MultiplyRequestMultiplyResponse (requests / 1 sec)[elapsed=00:00:10.6628511;request=Transceiver.Demo.MultiplyRequest],Rate,0
09/27/2026 12:47:08,Transceiver,transceiver_requests_slow_total_MultiplyRequestMultiplyResponse (requests / 1 sec)[elapsed=00:00:16.1271178;request=Transceiver.Demo.MultiplyRequest],Rate,0
09/27/2026 12:47:08,Transceiver,transceiver_receive_object_duration (ms)[Percentile=50],Metric,0.03985595703125
09/27/2026 12:47:08,Transceiver,transceiver_receive_object_duration (ms)[Percentile=95],Metric,0.0732421875
09/27/2026 12:47:08,Transceiver,transceiver_receive_object_duration (ms)[Percentile=99],Metric,0.133544921875
09/27/2026 12:47:08,Transceiver,transceiver_requests_total_SumRequestSumResponse (requests / 1 sec),Rate,1053
09/27/2026 12:47:09,Transceiver,transceiver_requests_slow_total_SumRequestSumResponse (requests / 1 sec)[elapsed=00:00:10.6627140;request=Transceiver.Demo.SumRequest],Rate,0
09/27/2026 12:47:09,Transceiver,transceiver_requests_total_MultiplyRequestMultiplyResponse (requests / 1 sec),Rate,914
09/27/2026 12:47:09,Transceiver,transceiver_requests_slow_total_MultiplyRequestMultiplyResponse (requests / 1 sec)[elapsed=00:00:10.6628511;request=Transceiver.Demo.MultiplyRequest],Rate,0
09/27/2026 12:47:09,Transceiver,transceiver_requests_slow_total_MultiplyRequestMultiplyResponse (requests / 1 sec)[elapsed=00:00:16.1271178;request=Transceiver.Demo.MultiplyRequest],Rate,0
09/27/2026 12:47:09,Transceiver,transceiver_receive_object_duration (ms)[Percentile=50],Metric,0.0435791015625
09/27/2026 12:47:09,Transceiver,transceiver_receive_object_duration (ms)[Percentile=95],Metric,0.0782470703125
09/27/2026 12:47:09,Transceiver,transceiver_receive_object_duration (ms)[Percentile=99],Metric,0.1328125
09/27/2026 12:47:09,Transceiver,transceiver_requests_total_SumRequestSumResponse (requests / 1 sec),Rate,906
09/27/2026 12:47:10,Transceiver,transceiver_requests_slow_total_SumRequestSumResponse (requests / 1 sec)[elapsed=00:00:10.6627140;request=Transceiver.Demo.SumRequest],Rate,0
09/27/2026 12:47:10,Transceiver,transceiver_requests_total_MultiplyRequestMultiplyResponse (requests / 1 sec),Rate,1206
09/27/2026 12:47:10,Transceiver,transceiver_requests_slow_total_MultiplyRequestMultiplyResponse (requests / 1 sec)[elapsed=00:00:10.6628511;request=Transceiver.Demo.MultiplyRequest],Rate,0
09/27/2026 12:47:10,Transceiver,transceiver_requests_slow_total_MultiplyRequestMultiplyResponse (requests / 1 sec)[elapsed=00:00:16.1271178;request=Transceiver.Demo.MultiplyRequest],Rate,0
09/27/2026 12:47:10,Transceiver,transceiver_receive_object_duration (ms)[Percentile=50],Metric,0.04296875
09/27/2026 12:47:10,Transceiver,transceiver_receive_object_duration (ms)[Percentile=95],Metric,0.0745849609375
09/27/2026 12:47:10,Transceiver,transceiver_receive_object_duration (ms)[Percentile=99],Metric,0.12841796875
09/27/2026 12:47:10,Transceiver,transceiver_requests_total_SumRequestSumResponse (requests / 1 sec),Rate,1175
09/27/2026 12:47:11,Transceiver,transceiver_requests_slow_total_SumRequestSumResponse (requests / 1 sec)[elapsed=00:00:10.6627140;request=Transceiver.Demo.SumRequest],Rate,0
09/27/2026 12:47:11,Transceiver,transceiver_requests_total_MultiplyRequestMultiplyResponse (requests / 1 sec),Rate,1162
09/27/2026 12:47:11,Transceiver,transceiver_requests_slow_total_MultiplyRequestMultiplyResponse (requests / 1 sec)[elapsed=00:00:10.6628511;request=Transceiver.Demo.MultiplyRequest],Rate,0
09/27/2026 12:47:11,Transceiver,transceiver_requests_slow_total_MultiplyRequestMultiplyResponse (requests / 1 sec)[elapsed=00:00:16.1271178;request=Transceiver.Demo.MultiplyRequest],Rate,0
09/27/2026 12:47:11,Transceiver,transceiver_receive_object_duration (ms)[Percentile=50],Metric,0.04345703125
09/27/2026 12:47:11,Transceiver,transceiver_receive_object_duration (ms)[Percentile=95],Metric,0.0721435546875
09/27/2026 12:47:11,Transceiver,transceiver_receive_object_duration (ms)[Percentile=99],Metric,0.119873046875
09/27/2026 12:47:11,Transceiver,transceiver_requests_total_SumRequestSumResponse (requests / 1 sec),Rate,1149
09/27/2026 12:47:12,Transceiver,transceiver_requests_slow_total_SumRequestSumResponse (requests / 1 sec)[elapsed=00:00:10.6627140;request=Transceiver.Demo.SumRequest],Rate,0
09/27/2026 12:47:12,Transceiver,transceiver_requests_total_MultiplyRequestMultiplyResponse (requests / 1 sec),Rate,720
09/27/2026 12:47:12,Transceiver,transceiver_requests_slow_total_MultiplyRequestMultiplyResponse (requests / 1 sec)[elapsed=00:00:10.6628511;request=Transceiver.Demo.MultiplyRequest],Rate,0
09/27/2026 12:47:12,Transceiver,transceiver_requests_slow_total_MultiplyRequestMultiplyResponse (requests / 1 sec)[elapsed=00:00:16.1271178;request=Transceiver.Demo.MultiplyRequest],Rate,0
09/27/2026 12:47:12,Transceiver,transceiver_receive_object_duration (ms)[Percentile=50],Metric,0.04608154296875
09/27/2026 12:47:12,Transceiver,transceiver_receive_object_duration (ms)[Percentile=95],Metric,0.091796875
09/27/2026 12:47:12,Transceiver,transceiver_receive_object_duration (ms)[Percentile=99],Metric,0.133056640625
09/27/2026 12:47:12,Transceiver,transceiver_requests_total_SumRequestSumResponse (requests / 1 sec),Rate,715
09/27/2026 12:47:13,Transceiver,transceiver_requests_slow_total_SumRequestSumResponse (requests / 1 sec)[elapsed=00:00:10.6627140;request=Transceiver.Demo.SumRequest],Rate,0
09/27/2026 12:47:13,Transceiver,transceiver_requests_total_MultiplyRequestMultiplyResponse (requests / 1 sec),Rate,975
09/27/2026 12:47:13,Transceiver,transceiver_requests_slow_total_MultiplyRequestMultiplyResponse (requests / 1 sec)[elapsed=00:00:10.6628511;request=Transceiver.Demo.MultiplyRequest],Rate,0
09/27/2026 12:47:13,Transceiver,transceiver_requests_slow_total_MultiplyRequestMultiplyResponse (requests / 1 sec)[elapsed=00:00:16.1271178;request=Transceiver.Demo.MultiplyRequest],Rate,0
09/27/2026 12:47:13,Transceiver,transceiver_receive_object_duration (ms)[Percentile=50],Metric,0.04437255859375
09/27/2026 12:47:13,Transceiver,transceiver_receive_object_duration (ms)[Percentile=95],Metric,0.091796875
09/27/2026 12:47:13,Transceiver,transceiver_receive_object_duration (ms)[Percentile=99],Metric,0.1533203125
09/27/2026 12:47:13,Transceiver,transceiver_requests_total_SumRequestSumResponse (requests / 1 sec),Rate,956
09/27/2026 12:47:14,Transceiver,transceiver_requests_slow_total_SumRequestSumResponse (requests / 1 sec)[elapsed=00:00:10.6627140;request=Transceiver.Demo.SumRequest],Rate,0
09/27/2026 12:47:14,Transceiver,transceiver_requests_total_MultiplyRequestMultiplyResponse (requests / 1 sec),Rate,894
09/27/2026 12:47:14,Transceiver,transceiver_requests_slow_total_MultiplyRequestMultiplyResponse (requests / 1 sec)[elapsed=00:00:10.6628511;request=Transceiver.Demo.MultiplyRequest],Rate,0
09/27/2026 12:47:14,Transceiver,transceiver_requests_slow_total_MultiplyRequestMultiplyResponse (requests / 1 sec)[elapsed=00:00:16.1271178;request=Transceiver.Demo.MultiplyRequest],Rate,0
09/27/2026 12:47:14,Transceiver,transceiver_receive_object_duration (ms)[Percentile=50],Metric,0.04815673828125
09/27/2026 12:47:14,Transceiver,transceiver_receive_object_duration (ms)[Percentile=95],Metric,0.097412109375
09/27/2026 12:47:14,Transceiver,transceiver_receive_object_duration (ms)[Percentile=99],Metric,0.154541015625
09/27/2026 12:47:14,Transceiver,transceiver_requests_total_SumRequestSumResponse (requests / 1 sec),Rate,924
09/27/2026 12:47:15,Transceiver,transceiver_requests_slow_total_SumRequestSumResponse (requests / 1 sec)[elapsed=00:00:10.6627140;request=Transceiver.Demo.SumRequest],Rate,0
09/27/2026 12:47:15,Transceiver,transceiver_requests_total_MultiplyRequestMultiplyResponse (requests / 1 sec),Rate,1127
09/27/2026 12:47:15,Transceiver,transceiver_requests_slow_total_MultiplyRequestMultiplyResponse (requests / 1 sec)[elapsed=00:00:10.6628511;request=Transceiver.Demo.MultiplyRequest],Rate,0
09/27/2026 12:47:15,Transceiver,transceiver_requests_slow_total_MultiplyRequestMultiplyResponse (requests / 1 sec)[elapsed=00:00:16.1271178;request=Transceiver.Demo.MultiplyRequest],Rate,0
09/27/2026 12:47:15,Transceiver,transceiver_receive_object_duration (ms)[Percentile=50],Metric,0.0418701171875
09/27/2026 12:47:15,Transceiver,transceiver_receive_object_duration (ms)[Percentile=95],Metric,0.0816650390625
09/27/2026 12:47:15,Transceiver,transceiver_receive_object_duration (ms)[Percentile=99],Metric,0.13427734375
09/27/2026 12:47:15,Transceiver,transceiver_requests_total_SumRequestSumResponse (requests / 1 sec),Rate,1124
09/27/2026 12:47:16,Transceiver,transceiver_requests_slow_total_SumRequestSumResponse (requests / 1 sec)[elapsed=00:00:10.6627140;request=Transceiver.Demo.SumRequest],Rate,0
09/27/2026 12:47:16,Transceiver,transceiver_requests_total_MultiplyRequestMultiplyResponse (requests / 1 sec),Rate,865
09/27/2026 12:47:16,Transceiver,transceiver_requests_slow_total_MultiplyRequestMultiplyResponse (requests / 1 sec)[elapsed=00:00:10.6628511;request=Transceiver.Demo.MultiplyRequest],Rate,0
09/27/2026 12:47:16,Transceiver,transceiver_requests_slow_total_MultiplyRequestMultiplyResponse (requests / 1 sec)[elapsed=00:00:16.1271178;request=Transceiver.Demo.MultiplyRequest],Rate,0
09/27/2026 12:47:16,Transceiver,transceiver_receive_object_duration (ms)[Percentile=50],Metric,0.0458984375
09/27/2026 12:47:16,Transceiver,transceiver_receive_object_duration (ms)[Percentile=95],Metric,0.098388671875
09/27/2026 12:47:16,Transceiver,transceiver_receive_object_duration (ms)[Percentile=99],Metric,0.16162109375
09/27/2026 12:47:16,Transceiver,transceiver_requests_total_SumRequestSumResponse (requests / 1 sec),Rate,852
09/27/2026 12:47:17,Transceiver,transceiver_requests_slow_total_SumRequestSumResponse (requests / 1 sec)[elapsed=00:00:10.6627140;request=Transceiver.Demo.SumRequest],Rate,0
09/27/2026 12:47:17,Transceiver,transceiver_requests_total_MultiplyRequestMultiplyResponse (requests / 1 sec),Rate,1083
09/27/2026 12:47:17,Transceiver,transceiver_requests_slow_total_MultiplyRequestMultiplyResponse (requests / 1 sec)[elapsed=00:00:10.6628511;request=Transceiver.Demo.MultiplyRequest],Rate,0
09/27/2026 12:47:17,Transceiver,transceiver_requests_slow_total_MultiplyRequestMultiplyResponse (requests / 1 sec)[elapsed=00:00:16.1271178;request=Transceiver.Demo.MultiplyRequest],Rate,0
09/27/2026 12:47:17,Transceiver,transceiver_receive_object_duration (ms)[Percentile=50],Metric,0.0389404296875
09/27/2026 12:47:17,Transceiver,transceiver_receive_object_duration (ms)[Percentile=95],Metric,0.080322265625
09/27/2026 12:47:17,Transceiver,transceiver_receive_object_duration (ms)[Percentile=99],Metric,0.132080078125
09/27/2026 12:47:17,Transceiver,transceiver_requests_total_SumRequestSumResponse (requests / 1 sec),Rate,1097
09/27/2026 12:47:18,Transceiver,transceiver_requests_slow_total_SumRequestSumResponse (requests / 1 sec)[elapsed=00:00:10.6627140;request=Transceiver.Demo.SumRequest],Rate,0
09/27/2026 12:47:18,Transceiver,transceiver_requests_total_MultiplyRequestMultiplyResponse (requests / 1 sec),Rate,1049
09/27/2026 12:47:18,Transceiver,transceiver_requests_slow_total_MultiplyRequestMultiplyResponse (requests / 1 sec)[elapsed=00:00:10.6628511;request=Transceiver.Demo.MultiplyRequest],Rate,0
09/27/2026 12:47:18,Transceiver,transceiver_requests_slow_total_MultiplyRequestMultiplyResponse (requests / 1 sec)[elapsed=00:00:16.1271178;request=Transceiver.Demo.MultiplyRequest],Rate,0
09/27/2026 12:47:18,Transceiver,transceiver_receive_object_duration (ms)[Percentile=50],Metric,0.0423583984375
09/27/2026 12:47:18,Transceiver,transceiver_receive_object_duration (ms)[Percentile=95],Metric,0.0867919921875
09/27/2026 12:47:18,Transceiver,transceiver_receive_object_duration (ms)[Percentile=99],Metric,0.1221923828125
09/27/2026 12:47:18,Transceiver,transceiver_requests_total_SumRequestSumResponse (requests / 1 sec),Rate,1026
09/27/2026 12:47:19,Transceiver,transceiver_requests_slow_total_SumRequestSumResponse (requests / 1 sec)[elapsed=00:00:10.6627140;request=Transceiver.Demo.SumRequest],Rate,0
09/27/2026 12:47:19,Transceiver,transceiver_requests_total_MultiplyRequestMultiplyResponse (requests / 1 sec),Rate,698
09/27/2026 12:47:19,Transceiver,transceiver_requests_slow_total_MultiplyRequestMultiplyResponse (requests / 1 sec)[elapsed=00:00:10.6628511;request=Transceiver.Demo.MultiplyRequest],Rate,0
09/27/2026 12:47:19,Transceiver,transceiver_requests_slow_total_MultiplyRequestMultiplyResponse (requests / 1 sec)[elapsed=00:00:16.1271178;request=Transceiver.Demo.MultiplyRequest],Rate,0
09/27/2026 12:47:19,Transceiver,transceiver_receive_object_duration (ms)[Percentile=50],Metric,0.04766845703125
09/27/2026 12:47:19,Transceiver,transceiver_receive_object_duration (ms)[Percentile=95],Metric,0.0977783203125
09/27/2026 12:47:19,Transceiver,transceiver_receive_object_duration (ms)[Percentile=99],Metric,0.17919921875
09/27/2026 12:47:19,Transceiver,transceiver_requests_total_SumRequestSumResponse (requests / 1 sec),Rate,690
09/27/2026 12:47:20,Transceiver,transceiver_requests_slow_total_SumRequestSumResponse (requests / 1 sec)[elapsed=00:00:10.6627140;request=Transceiver.Demo.SumRequest],Rate,0
09/27/2026 12:47:20,Transceiver,transceiver_requests_total_MultiplyRequestMultiplyResponse (requests / 1 sec),Rate,830
09/27/2026 12:47:20,Transceiver,transceiver_requests_slow_total_MultiplyRequestMultiplyResponse (requests / 1 sec)[elapsed=00:00:10.6628511;request=Transceiver.Demo.MultiplyRequest],Rate,0
09/27/2026 12:47:20,Transceiver,transceiver_requests_slow_total_MultiplyRequestMultiplyResponse (requests / 1 sec)[elapsed=00:00:16.1271178;request=Transceiver.Demo.MultiplyRequest],Rate,0
09/27/2026 12:47:20,Transceiver,transceiver_receive_object_duration (ms)[Percentile=50],Metric,0.04608154296875
09/27/2026 12:47:20,Transceiver,transceiver_receive_object_duration (ms)[Percentile=95],Metric,0.0885009765625
09/27/2026 12:47:20,Transceiver,transceiver_receive_object_duration (ms)[Percentile=99],Metric,0.146728515625
09/27/2026 12:47:20,Transceiver,transceiver_requests_total_SumRequestSumResponse (requests / 1 sec),Rate,824
09/27/2026 12:47:21,Transceiver,transceiver_requests_slow_total_SumRequestSumResponse (requests / 1 sec)[elapsed=00:00:10.6627140;request=Transceiver.Demo.SumRequest],Rate,0
09/27/2026 12:47:21,Transceiver,transceiver_requests_total_MultiplyRequestMultiplyResponse (requests / 1 sec),Rate,934
09/27/2026 12:47:21,Transceiver,transceiver_requests_slow_total_MultiplyRequestMultiplyResponse (requests / 1 sec)[elapsed=00:00:10.6628511;request=Transceiver.Demo.MultiplyRequest],Rate,0
09/27/2026 12:47:21,Transceiver,transceiver_requests_slow_total_MultiplyRequestMultiplyResponse (requests / 1 sec)[elapsed=00:00:16.1271178;request=Transceiver.Demo.MultiplyRequest],Rate,0
09/27/2026 12:47:21,Transceiver,transceiver_receive_object_duration (ms)[Percentile=50],Metric,0.04559326171875
09/27/2026 12:47:21,Transceiver,transceiver_receive_object_duration (ms)[Percentile=95],Metric,0.08544921875
09/27/2026 12:47:21,Transceiver,transceiver_receive_object_duration (ms)[Percentile=99],Metric,0.1259765625
09/27/2026 12:47:21,Transceiver,transceiver_requests_total_SumRequestSumResponse (requests / 1 sec),Rate,938
09/27/2026 12:47:22,Transceiver,transceiver_requests_slow_total_SumRequestSumResponse (requests / 1 sec)[elapsed=00:00:10.6627140;request=Transceiver.Demo.SumRequest],Rate,0
09/27/2026 12:47:22,Transceiver,transceiver_requests_total_MultiplyRequestMultiplyResponse (requests / 1 sec),Rate,741
09/27/2026 12:47:22,Transceiver,transceiver_requests_slow_total_MultiplyRequestMultiplyResponse (requests / 1 sec)[elapsed=00:00:10.6628511;request=Transceiver.Demo.MultiplyRequest],Rate,0
09/27/2026 12:47:22,Transceiver,transceiver_requests_slow_total_MultiplyRequestMultiplyResponse (requests / 1 sec)[elapsed=00:00:16.1271178;request=Transceiver.Demo.MultiplyRequest],Rate,0
09/27/2026 12:47:22,Transceiver,transceiver_receive_object_duration (ms)[Percentile=50],Metric,0.05035400390625
09/27/2026 12:47:22,Transceiver,transceiver_receive_object_duration (ms)[Percentile=95],Metric,0.104248046875
09/27/2026 12:47:22,Transceiver,transceiver_receive_object_duration (ms)[Percentile=99],Metric,0.16796875
09/27/2026 12:47:22,Transceiver,transceiver_requests_total_SumRequestSumResponse (requests / 1 sec),Rate,745
09/27/2026 12:47:23,Transceiver,transceiver_requests_slow_total_SumRequestSumResponse (requests / 1 sec)[elapsed=00:00:10.6627140;request=Transceiver.Demo.SumRequest],Rate,0
09/27/2026 12:47:23,Transceiver,transceiver_requests_total_MultiplyRequestMultiplyResponse (requests / 1 sec),Rate,843
09/27/2026 12:47:23,Transceiver,transceiver_requests_slow_total_MultiplyRequestMultiplyResponse (requests / 1 sec)[elapsed=00:00:10.6628511;request=Transceiver.Demo.MultiplyRequest],Rate,0
09/27/2026 12:47:23,Transceiver,transceiver_requests_slow_total_MultiplyRequestMultiplyResponse (requests / 1 sec)[elapsed=00:00:16.1271178;request=Transceiver.Demo.MultiplyRequest],Rate,0
09/27/2026 12:47:23,Transceiver,transceiver_receive_object_duration (ms)[Percentile=50],Metric,0.05584716796875
09/27/2026 12:47:23,Transceiver,transceiver_receive_object_duration (ms)[Percentile=95],Metric,0.11083984375
09/27/2026 12:47:23,Transceiver,transceiver_receive_object_duration (ms)[Percentile=99],Metric,0.192626953125
09/27/2026 12:47:23,Transceiver,transceiver_requests_total_SumRequestSumResponse (requests / 1 sec),Rate,843
09/27/2026 12:47:24,Transceiver,transceiver_requests_slow_total_SumRequestSumResponse (requests / 1 sec)[elapsed=00:00:10.6627140;request=Transceiver.Demo.SumRequest],Rate,0
09/27/2026 12:47:24,Transceiver,transceiver_requests_total_MultiplyRequestMultiplyResponse (requests / 1 sec),Rate,729
09/27/2026 12:47:24,Transceiver,transceiver_requests_slow_total_MultiplyRequestMultiplyResponse (requests / 1 sec)[elapsed=00:00:10.6628511;request=Transceiver.Demo.MultiplyRequest],Rate,0
09/27/2026 12:47:24,Transceiver,transceiver_requests_slow_total_MultiplyRequestMultiplyResponse (requests / 1 sec)[elapsed=00:00:16.1271178;request=Transceiver.Demo.MultiplyRequest],Rate,0
09/27/2026 12:47:24,Transceiver,transceiver_receive_object_duration (ms)[Percentile=50],Metric,0.04827880859375
09/27/2026 12:47:24,Transceiver,transceiver_receive_object_duration (ms)[Percentile=95],Metric,0.11181640625
09/27/2026 12:47:24,Transceiver,transceiver_receive_object_duration (ms)[Percentile=99],Metric,0.189697265625
09/27/2026 12:47:24,Transceiver,transceiver_requests_total_SumRequestSumResponse (requests / 1 sec),Rate,730
09/27/2026 12:47:25,Transceiver,transceiver_requests_slow_total_SumRequestSumResponse (requests / 1 sec)[elapsed=00:00:10.6627140;request=Transceiver.Demo.SumRequest],Rate,0
09/27/2026 12:47:25,Transceiver,transceiver_requests_total_MultiplyRequestMultiplyResponse (requests / 1 sec),Rate,1057
09/27/2026 12:47:25,Transceiver,transceiver_requests_slow_total_MultiplyRequestMultiplyResponse (requests / 1 sec)[elapsed=00:00:10.6628511;request=Transceiver.Demo.MultiplyRequest],Rate,0
09/27/2026 12:47:25,Transceiver,transceiver_requests_slow_total_MultiplyRequestMultiplyResponse (requests / 1 sec)[elapsed=00:00:16.1271178;request=Transceiver.Demo.MultiplyRequest],Rate,0
09/27/2026 12:47:25,Transceiver,transceiver_receive_object_duration (ms)[Percentile=50],Metric,0.05609130859375
09/27/2026 12:47:25,Transceiver,transceiver_receive_object_duration (ms)[Percentile=95],Metric,0.12060546875
09/27/2026 12:47:25,Transceiver,transceiver_receive_object_duration (ms)[Percentile=99],Metric,0.224365234375
09/27/2026 12:47:25,Transceiver,transceiver_requests_total_SumRequestSumResponse (requests / 1 sec),Rate,1057
09/27/2026 12:47:26,Transceiver,transceiver_requests_slow_total_SumRequestSumResponse (requests / 1 sec)[elapsed=00:00:10.6627140;request=Transceiver.Demo.SumRequest],Rate,0
09/27/2026 12:47:26,Transceiver,transceiver_requests_total_MultiplyRequestMultiplyResponse (requests / 1 sec),Rate,862
09/27/2026 12:47:26,Transceiver,transceiver_requests_slow_total_MultiplyRequestMultiplyResponse (requests / 1 sec)[elapsed=00:00:10.6628511;request=Transceiver.Demo.MultiplyRequest],Rate,0
09/27/2026 12:47:26,Transceiver,transceiver_requests_slow_total_MultiplyRequestMultiplyResponse (requests / 1 sec)[elapsed=00:00:16.1271178;request=Transceiver.Demo.MultiplyRequest],Rate,0
09/27/2026 12:47:26,Transceiver,transceiver_receive_object_duration (ms)[Percentile=50],Metric,0.0469970703125
09/27/2026 12:47:26,Transceiver,transceiver_receive_object_duration (ms)[Percentile=95],Metric,0.0892333984375
09/27/2026 12:47:26,Transceiver,transceiver_receive_object_duration (ms)[Percentile=99],Metric,0.15576171875
09/27/2026 12:47:26,Transceiver,transceiver_requests_total_SumRequestSumResponse (requests / 1 sec),Rate,889
09/27/2026 12:47:27,Transceiver,transceiver_requests_slow_total_SumRequestSumResponse (requests / 1 sec)[elapsed=00:00:10.6627140;request=Transceiver.Demo.SumRequest],Rate,0
09/27/2026 12:47:27,Transceiver,transceiver_requests_total_MultiplyRequestMultiplyResponse (requests / 1 sec),Rate,1035
09/27/2026 12:47:27,Transceiver,transceiver_requests_slow_total_MultiplyRequestMultiplyResponse (requests / 1 sec)[elapsed=00:00:10.6628511;request=Transceiver.Demo.MultiplyRequest],Rate,0
09/27/2026 12:47:27,Transceiver,transceiver_requests_slow_total_MultiplyRequestMultiplyResponse (requests / 1 sec)[elapsed=00:00:16.1271178;request=Transceiver.Demo.MultiplyRequest],Rate,0
09/27/2026 12:47:27,Transceiver,transceiver_receive_object_duration (ms)[Percentile=50],Metric,0.04547119140625
09/27/2026 12:47:27,Transceiver,transceiver_receive_object_duration (ms)[Percentile=95],Metric,0.090087890625
09/27/2026 12:47:27,Transceiver,transceiver_receive_object_duration (ms)[Percentile=99],Metric,0.152099609375
09/27/2026 12:47:27,Transceiver,transceiver_requests_total_SumRequestSumResponse (requests / 1 sec),Rate,1034
09/27/2026 12:47:28,Transceiver,transceiver_requests_slow_total_SumRequestSumResponse (requests / 1 sec)[elapsed=00:00:10.6627140;request=Transceiver.Demo.SumRequest],Rate,0
09/27/2026 12:47:28,Transceiver,transceiver_requests_total_MultiplyRequestMultiplyResponse (requests / 1 sec),Rate,983
09/27/2026 12:47:28,Transceiver,transceiver_requests_slow_total_MultiplyRequestMultiplyResponse (requests / 1 sec)[elapsed=00:00:10.6628511;request=Transceiver.Demo.MultiplyRequest],Rate,0
09/27/2026 12:47:28,Transceiver,transceiver_requests_slow_total_MultiplyRequestMultiplyResponse (requests / 1 sec)[elapsed=00:00:16.1271178;request=Transceiver.Demo.MultiplyRequest],Rate,0
09/27/2026 12:47:28,Transceiver,transceiver_receive_object_duration (ms)[Percentile=50],Metric,0.04388427734375
09/27/2026 12:47:28,Transceiver,transceiver_receive_object_duration (ms)[Percentile=95],Metric,0.0843505859375
09/27/2026 12:47:28,Transceiver,transceiver_receive_object_duration (ms)[Percentile=99],Metric,0.2265625
09/27/2026 12:47:28,Transceiver,transceiver_requests_total_SumRequestSumResponse (requests / 1 sec),Rate,998
09/27/2026 12:47:29,Transceiver,transceiver_requests_slow_total_SumRequestSumResponse (requests / 1 sec)[elapsed=00:00:10.6627140;request=Transceiver.Demo.SumRequest],Rate,0
09/27/2026 12:47:29,Transceiver,transceiver_requests_total_MultiplyRequestMultiplyResponse (requests / 1 sec),Rate,927
09/27/2026 12:47:29,Transceiver,transceiver_requests_slow_total_MultiplyRequestMultiplyResponse (requests / 1 sec)[elapsed=00:00:10.6628511;request=Transceiver.Demo.MultiplyRequest],Rate,0
09/27/2026 12:47:29,Transceiver,transceiver_requests_slow_total_MultiplyRequestMultiplyResponse (requests / 1 sec)[elapsed=00:00:16.1271178;request=Transceiver.Demo.MultiplyRequest],Rate,0
09/27/2026 12:47:29,Transceiver,transceiver_receive_object_duration (ms)[Percentile=50],Metric,0.04278564453125
09/27/2026 12:47:29,Transceiver,transceiver_receive_object_duration (ms)[Percentile=95],Metric,0.094970703125
09/27/2026 12:47:29,Transceiver,transceiver_receive_object_duration (ms)[Percentile=99],Metric,0.1904296875
09/27/2026 12:47:29,Transceiver,transceiver_requests_total_SumRequestSumResponse (requests / 1 sec),Rate,948
09/27/2026 12:47:30,Transceiver,transceiver_requests_slow_total_SumRequestSumResponse (requests / 1 sec)[elapsed=00:00:10.6627140;request=Transceiver.Demo.SumRequest],Rate,0
09/27/2026 12:47:30,Transceiver,transceiver_requests_total_MultiplyRequestMultiplyResponse (requests / 1 sec),Rate,731
09/27/2026 12:47:30,Transceiver,transceiver_requests_slow_total_MultiplyRequestMultiplyResponse (requests / 1 sec)[elapsed=00:00:10.6628511;request=Transceiver.Demo.MultiplyRequest],Rate,0
09/27/2026 12:47:30,Transceiver,transceiver_requests_slow_total_MultiplyRequestMultiplyResponse (requests / 1 sec)[elapsed=00:00:16.1271178;request=Transceiver.Demo.MultiplyRequest],Rate,0
09/27/2026 12:47:30,Transceiver,transceiver_receive_object_duration (ms)[Percentile=50],Metric,0.053466796875
09/27/2026 12:47:30,Transceiver,transceiver_receive_object_duration (ms)[Percentile=95],Metric,0.1141357421875
09/27/2026 12:47:30,Transceiver,transceiver_receive_object_duration (ms)[Percentile=99],Metric,0.1884765625
09/27/2026 12:47:30,Transceiver,transceiver_requests_total_SumRequestSumResponse (requests / 1 sec),Rate,742
09/27/2026 12:47:31,Transceiver,transceiver_requests_slow_total_SumRequestSumResponse (requests / 1 sec)[elapsed=00:00:10.6627140;request=Transceiver.Demo.SumRequest],Rate,0
09/27/2026 12:47:31,Transceiver,transceiver_requests_total_MultiplyRequestMultiplyResponse (requests / 1 sec),Rate,857
09/27/2026 12:47:31,Transceiver,transceiver_requests_slow_total_MultiplyRequestMultiplyResponse (requests / 1 sec)[elapsed=00:00:10.6628511;request=Transceiver.Demo.MultiplyRequest],Rate,0
09/27/2026 12:47:31,Transceiver,transceiver_requests_slow_total_MultiplyRequestMultiplyResponse (requests / 1 sec)[elapsed=00:00:16.1271178;request=Transceiver.Demo.MultiplyRequest],Rate,0
09/27/2026 12:47:31,Transceiver,transceiver_receive_object_duration (ms)[Percentile=50],Metric,0.05889892578125
09/27/2026 12:47:31,Transceiver,transceiver_receive_object_duration (ms)[Percentile=95],Metric,0.1416015625
09/27/2026 12:47:31,Transceiver,transceiver_receive_object_duration (ms)[Percentile=99],Metric,0.2470703125
09/27/2026 12:47:31,Transceiver,transceiver_requests_total_SumRequestSumResponse (requests / 1 sec),Rate,851
09/27/2026 12:47:32,Transceiver,transceiver_requests_slow_total_SumRequestSumResponse (requests / 1 sec)[elapsed=00:00:10.6627140;request=Transceiver.Demo.SumRequest],Rate,0
09/27/2026 12:47:32,Transceiver,transceiver_requests_total_MultiplyRequestMultiplyResponse (requests / 1 sec),Rate,851
09/27/2026 12:47:32,Transceiver,transceiver_requests_slow_total_MultiplyRequestMultiplyResponse (requests / 1 sec)[elapsed=00:00:10.6628511;request=Transceiver.Demo.MultiplyRequest],Rate,0
09/27/2026 12:47:32,Transceiver,transceiver_requests_slow_total_MultiplyRequestMultiplyResponse (requests / 1 sec)[elapsed=00:00:16.1271178;request=Transceiver.Demo.MultiplyRequest],Rate,0
09/27/2026 12:47:32,Transceiver,transceiver_receive_object_duration (ms)[Percentile=50],Metric,0.058349609375
09/27/2026 12:47:32,Transceiver,transceiver_receive_object_duration (ms)[Percentile=95],Metric,0.1221923828125
09/27/2026 12:47:32,Transceiver,transceiver_receive_object_duration (ms)[Percentile=99],Metric,0.175048828125
09/27/2026 12:47:32,Transceiver,transceiver_requests_total_SumRequestSumResponse (requests / 1 sec),Rate,859
09/27/2026 12:47:33,Transceiver,transceiver_requests_slow_total_SumRequestSumResponse (requests / 1 sec)[elapsed=00:00:10.6627140;request=Transceiver.Demo.SumRequest],Rate,0
09/27/2026 12:47:33,Transceiver,transceiver_requests_total_MultiplyRequestMultiplyResponse (requests / 1 sec),Rate,916
09/27/2026 12:47:33,Transceiver,transceiver_requests_slow_total_MultiplyRequestMultiplyResponse (requests / 1 sec)[elapsed=00:00:10.6628511;request=Transceiver.Demo.MultiplyRequest],Rate,0
09/27/2026 12:47:33,Transceiver,transceiver_requests_slow_total_MultiplyRequestMultiplyResponse (requests / 1 sec)[elapsed=00:00:16.1271178;request=Transceiver.Demo.MultiplyRequest],Rate,0
09/27/2026 12:47:33,Transceiver,transceiver_receive_object_duration (ms)[Percentile=50],Metric,0.05426025390625
09/27/2026 12:47:33,Transceiver,transceiver_receive_object_duration (ms)[Percentile=95],Metric,0.1083984375
09/27/2026 12:47:33,Transceiver,transceiver_receive_object_duration (ms)[Percentile=99],Metric,0.177490234375
09/27/2026 12:47:33,Transceiver,transceiver_requests_total_SumRequestSumResponse (requests / 1 sec),Rate,907
09/27/2026 12:47:34,Transceiver,transceiver_requests_slow_total_SumRequestSumResponse (requests / 1 sec)[elapsed=00:00:10.6627140;request=Transceiver.Demo.SumRequest],Rate,0
09/27/2026 12:47:34,Transceiver,transceiver_requests_total_MultiplyRequestMultiplyResponse (requests / 1 sec),Rate,1070
09/27/2026 12:47:34,Transceiver,transceiver_requests_slow_total_MultiplyRequestMultiplyResponse (requests / 1 sec)[elapsed=00:00:10.6628511;request=Transceiver.Demo.MultiplyRequest],Rate,0
09/27/2026 12:47:34,Transceiver,transceiver_requests_slow_total_MultiplyRequestMultiplyResponse (requests / 1 sec)[elapsed=00:00:16.1271178;request=Transceiver.Demo.MultiplyRequest],Rate,0
09/27/2026 12:47:34,Transceiver,transceiver_receive_object_duration (ms)[Percentile=50],Metric,0.0467529296875
09/27/2026 12:47:34,Transceiver,transceiver_receive_object_duration (ms)[Percentile=95],Metric,0.0946044921875
09/27/2026 12:47:34,Transceiver,transceiver_receive_object_duration (ms)[Percentile=99],Metric,0.152099609375
09/27/2026 12:47:34,Transceiver,transceiver_requests_total_SumRequestSumResponse (requests / 1 sec),Rate,1063
09/27/2026 12:47:35,Transceiver,transceiver_requests_slow_total_SumRequestSumResponse (requests / 1 sec)[elapsed=00:00:10.6627140;request=Transceiver.Demo.SumRequest],Rate,0
09/27/2026 12:47:35,Transceiver,transceiver_requests_total_MultiplyRequestMultiplyResponse (requests / 1 sec),Rate,875
09/27/2026 12:47:35,Transceiver,transceiver_requests_slow_total_MultiplyRequestMultiplyResponse (requests / 1 sec)[elapsed=00:00:10.6628511;request=Transceiver.Demo.MultiplyRequest],Rate,0
09/27/2026 12:47:35,Transceiver,transceiver_requests_slow_total_MultiplyRequestMultiplyResponse (requests / 1 sec)[elapsed=00:00:16.1271178;request=Transceiver.Demo.MultiplyRequest],Rate,0
09/27/2026 12:47:35,Transceiver,transceiver_receive_object_duration (ms)[Percentile=50],Metric,0.04833984375
09/27/2026 12:47:35,Transceiver,transceiver_receive_object_duration (ms)[Percentile=95],Metric,0.0867919921875
09/27/2026 12:47:35,Transceiver,transceiver_receive_object_duration (ms)[Percentile=99],Metric,0.150634765625
09/27/2026 12:47:35,Transceiver,transceiver_requests_total_SumRequestSumResponse (requests / 1 sec),Rate,865
09/27/2026 12:47:36,Transceiver,transceiver_requests_slow_total_SumRequestSumResponse (requests / 1 sec)[elapsed=00:00:10.6627140;request=Transceiver.Demo.SumRequest],Rate,0
09/27/2026 12:47:36,Transceiver,transceiver_requests_total_MultiplyRequestMultiplyResponse (requests / 1 sec),Rate,801
09/27/2026 12:47:36,Transceiver,transceiver_requests_slow_total_MultiplyRequestMultiplyResponse (requests / 1 sec)[elapsed=00:00:10.6628511;request=Transceiver.Demo.MultiplyRequest],Rate,0
09/27/2026 12:47:36,Transceiver,transceiver_requests_slow_total_MultiplyRequestMultiplyResponse (requests / 1 sec)[elapsed=00:00:16.1271178;request=Transceiver.Demo.MultiplyRequest],Rate,0
09/27/2026 12:47:36,Transceiver,transceiver_receive_object_duration (ms)[Percentile=50],Metric,0.048095703125
09/27/2026 12:47:36,Transceiver,transceiver_receive_object_duration (ms)[Percentile=95],Metric,0.091064453125
09/27/2026 12:47:36,Transceiver,transceiver_receive_object_duration (ms)[Percentile=99],Metric,0.17236328125
09/27/2026 12:47:36,Transceiver,transceiver_requests_total_SumRequestSumResponse (requests / 1 sec),Rate,792
09/27/2026 12:47:37,Transceiver,transceiver_requests_slow_total_SumRequestSumResponse (requests / 1 sec)[elapsed=00:00:10.6627140;request=Transceiver.Demo.SumRequest],Rate,0
09/27/2026 12:47:37,Transceiver,transceiver_requests_total_MultiplyRequestMultiplyResponse (requests / 1 sec),Rate,1050
09/27/2026 12:47:37,Transceiver,transceiver_requests_slow_total_MultiplyRequestMultiplyResponse (requests / 1 sec)[elapsed=00:00:10.6628511;request=Transceiver.Demo.MultiplyRequest],Rate,0
09/27/2026 12:47:37,Transceiver,transceiver_requests_slow_total_MultiplyRequestMultiplyResponse (requests / 1 sec)[elapsed=00:00:16.1271178;request=Transceiver.Demo.MultiplyRequest],Rate,0
09/27/2026 12:47:37,Transceiver,transceiver_receive_object_duration (ms)[Percentile=50],Metric,0.04669189453125
09/27/2026 12:47:37,Transceiver,transceiver_receive_object_duration (ms)[Percentile=95],Metric,0.0888671875
09/27/2026 12:47:37,Transceiver,transceiver_receive_object_duration (ms)[Percentile=99],Metric,0.132568359375
09/27/2026 12:47:37,Transceiver,transceiver_requests_total_SumRequestSumResponse (requests / 1 sec),Rate,1037
09/27/2026 12:47:38,Transceiver,transceiver_requests_slow_total_SumRequestSumResponse (requests / 1 sec)[elapsed=00:00:10.6627140;request=Transceiver.Demo.SumRequest],Rate,0
09/27/2026 12:47:38,Transceiver,transceiver_requests_total_MultiplyRequestMultiplyResponse (requests / 1 sec),Rate,888
09/27/2026 12:47:38,Transceiver,transceiver_requests_slow_total_MultiplyRequestMultiplyResponse (requests / 1 sec)[elapsed=00:00:10.6628511;request=Transceiver.Demo.MultiplyRequest],Rate,0
09/27/2026 12:47:38,Transceiver,transceiver_requests_slow_total_MultiplyRequestMultiplyResponse (requests / 1 sec)[elapsed=00:00:16.1271178;request=Transceiver.Demo.MultiplyRequest],Rate,0
09/27/2026 12:47:38,Transceiver,transceiver_receive_object_duration (ms)[Percentile=50],Metric,0.04388427734375
09/27/2026 12:47:38,Transceiver,transceiver_receive_object_duration (ms)[Percentile=95],Metric,0.079833984375
09/27/2026 12:47:38,Transceiver,transceiver_receive_object_duration (ms)[Percentile=99],Metric,0.1298828125
09/27/2026 12:47:38,Transceiver,transceiver_requests_total_SumRequestSumResponse (requests / 1 sec),Rate,891
09/27/2026 12:47:39,Transceiver,transceiver_requests_slow_total_SumRequestSumResponse (requests / 1 sec)[elapsed=00:00:10.6627140;request=Transceiver.Demo.SumRequest],Rate,0
09/27/2026 12:47:39,Transceiver,transceiver_requests_total_MultiplyRequestMultiplyResponse (requests / 1 sec),Rate,867
09/27/2026 12:47:39,Transceiver,transceiver_requests_slow_total_MultiplyRequestMultiplyResponse (requests / 1 sec)[elapsed=00:00:10.6628511;request=Transceiver.Demo.MultiplyRequest],Rate,0
09/27/2026 12:47:39,Transceiver,transceiver_requests_slow_total_MultiplyRequestMultiplyResponse (requests / 1 sec)[elapsed=00:00:16.1271178;request=Transceiver.Demo.MultiplyRequest],Rate,0
09/27/2026 12:47:39,Transceiver,transceiver_receive_object_duration (ms)[Percentile=50],Metric,0.04559326171875
09/27/2026 12:47:39,Transceiver,transceiver_receive_object_duration (ms)[Percentile=95],Metric,0.107177734375
09/27/2026 12:47:39,Transceiver,transceiver_receive_object_duration (ms)[Percentile=99],Metric,0.15771484375
09/27/2026 12:47:39,Transceiver,transceiver_requests_total_SumRequestSumResponse (requests / 1 sec),Rate,878
09/27/2026 12:47:40,Transceiver,transceiver_requests_slow_total_SumRequestSumResponse (requests / 1 sec)[elapsed=00:00:10.6627140;request=Transceiver.Demo.SumRequest],Rate,0
09/27/2026 12:47:40,Transceiver,transceiver_requests_total_MultiplyRequestMultiplyResponse (requests / 1 sec),Rate,1156
09/27/2026 12:47:40,Transceiver,transceiver_requests_slow_total_MultiplyRequestMultiplyResponse (requests / 1 sec)[elapsed=00:00:10.6628511;request=Transceiver.Demo.MultiplyRequest],Rate,0
09/27/2026 12:47:40,Transceiver,transceiver_requests_slow_total_MultiplyRequestMultiplyResponse (requests / 1 sec)[elapsed=00:00:16.1271178;request=Transceiver.Demo.MultiplyRequest],Rate,0
09/27/2026 12:47:40,Transceiver,transceiver_receive_object_duration (ms)[Percentile=50],Metric,0.04217529296875
09/27/2026 12:47:40,Transceiver,transceiver_receive_object_duration (ms)[Percentile=95],Metric,0.0733642578125
09/27/2026 12:47:40,Transceiver,transceiver_receive_object_duration (ms)[Percentile=99],Metric,0.11328125
09/27/2026 12:47:40,Transceiver,transceiver_requests_total_SumRequestSumResponse (requests / 1 sec),Rate,1179
09/27/2026 12:47:41,Transceiver,transceiver_requests_slow_total_SumRequestSumResponse (requests / 1 sec)[elapsed=00:00:10.6627140;request=Transceiver.Demo.SumRequest],Rate,0
09/27/2026 12:47:41,Transceiver,transceiver_requests_total_MultiplyRequestMultiplyResponse (requests / 1 sec),Rate,965
09/27/2026 12:47:41,Transceiver,transceiver_requests_slow_total_MultiplyRequestMultiplyResponse (requests / 1 sec)[elapsed=00:00:10.6628511;request=Transceiver.Demo.MultiplyRequest],Rate,0
09/27/2026 12:47:41,Transceiver,transceiver_requests_slow_total_MultiplyRequestMultiplyResponse (requests / 1 sec)[elapsed=00:00:16.1271178;request=Transceiver.Demo.MultiplyRequest],Rate,0
09/27/2026 12:47:41,Transceiver,transceiver_receive_object_duration (ms)[Percentile=50],Metric,0.04339599609375
09/27/2026 12:47:41,Transceiver,transceiver_receive_object_duration (ms)[Percentile=95],Metric,0.0806884765625
09/27/2026 12:47:41,Transceiver,transceiver_receive_object_duration (ms)[Percentile=99],Metric,0.1416015625
09/27/2026 12:47:41,Transceiver,transceiver_requests_total_SumRequestSumResponse (requests / 1 sec),Rate,972
09/27/2026 12:47:42,Transceiver,transceiver_requests_slow_total_SumRequestSumResponse (requests / 1 sec)[elapsed=00:00:10.6627140;request=Transceiver.Demo.SumRequest],Rate,0
09/27/2026 12:47:42,Transceiver,transceiver_requests_total_MultiplyRequestMultiplyResponse (requests / 1 sec),Rate,743
09/27/2026 12:47:42,Transceiver,transceiver_requests_slow_total_MultiplyRequestMultiplyResponse (requests / 1 sec)[elapsed=00:00:10.6628511;request=Transceiver.Demo.MultiplyRequest],Rate,0
09/27/2026 12:47:42,Transceiver,transceiver_requests_slow_total_MultiplyRequestMultiplyResponse (requests / 1 sec)[elapsed=00:00:16.1271178;request=Transceiver.Demo.MultiplyRequest],Rate,0
09/27/2026 12:47:42,Transceiver,transceiver_receive_object_duration (ms)[Percentile=50],Metric,0.044189453125
09/27/2026 12:47:42,Transceiver,transceiver_receive_object_duration (ms)[Percentile=95],Metric,0.092041015625
09/27/2026 12:47:42,Transceiver,transceiver_receive_object_duration (ms)[Percentile=99],Metric,0.140869140625
09/27/2026 12:47:42,Transceiver,transceiver_requests_total_SumRequestSumResponse (requests / 1 sec),Rate,737
09/27/2026 12:47:43,Transceiver,transceiver_requests_slow_total_SumRequestSumResponse (requests / 1 sec)[elapsed=00:00:10.6627140;request=Transceiver.Demo.SumRequest],Rate,0
09/27/2026 12:47:43,Transceiver,transceiver_requests_total_MultiplyRequestMultiplyResponse (requests / 1 sec),Rate,948
09/27/2026 12:47:43,Transceiver,transceiver_requests_slow_total_MultiplyRequestMultiplyResponse (requests / 1 sec)[elapsed=00:00:10.6628511;request=Transceiver.Demo.MultiplyRequest],Rate,0
09/27/2026 12:47:43,Transceiver,transceiver_requests_slow_total_MultiplyRequestMultiplyResponse (requests / 1 sec)[elapsed=00:00:16.1271178;request=Transceiver.Demo.MultiplyRequest],Rate,0
09/27/2026 12:47:43,Transceiver,transceiver_receive_object_duration (ms)[Percentile=50],Metric,0.04229736328125
09/27/2026 12:47:43,Transceiver,transceiver_receive_object_duration (ms)[Percentile=95],Metric,0.080810546875
09/27/2026 12:47:43,Transceiver,transceiver_receive_object_duration (ms)[Percentile=99],Metric,0.14697265625
09/27/2026 12:47:43,Transceiver,transceiver_requests_total_SumRequestSumResponse (requests / 1 sec),Rate,948
09/27/2026 12:47:44,Transceiver,transceiver_requests_slow_total_SumRequestSumResponse (requests / 1 sec)[elapsed=00:00:10.6627140;request=Transceiver.Demo.SumRequest],Rate,0
09/27/2026 12:47:44,Transceiver,transceiver_requests_total_MultiplyRequestMultiplyResponse (requests / 1 sec),Rate,1114
09/27/2026 12:47:44,Transceiver,transceiver_requests_slow_total_MultiplyRequestMultiplyResponse (requests / 1 sec)[elapsed=00:00:10.6628511;request=Transceiver.Demo.MultiplyRequest],Rate,0
09/27/2026 12:47:44,Transceiver,transceiver_requests_slow_total_MultiplyRequestMultiplyResponse (requests / 1 sec)[elapsed=00:00:16.1271178;request=Transceiver.Demo.MultiplyRequest],Rate,0
09/27/2026 12:47:44,Transceiver,transceiver_receive_object_duration (ms)[Percentile=50],Metric,0.04437255859375
09/27/2026 12:47:44,Transceiver,transceiver_receive_object_duration (ms)[Percentile=95],Metric,0.09619140625
09/27/2026 12:47:44,Transceiver,transceiver_receive_object_duration (ms)[Percentile=99],Metric,0.18408203125
09/27/2026 12:47:44,Transceiver,transceiver_requests_total_SumRequestSumResponse (requests / 1 sec),Rate,1126
09/27/2026 12:47:45,Transceiver,transceiver_requests_slow_total_SumRequestSumResponse (requests / 1 sec)[elapsed=00:00:10.6627140;request=Transceiver.Demo.SumRequest],Rate,0
09/27/2026 12:47:45,Transceiver,transceiver_requests_total_MultiplyRequestMultiplyResponse (requests / 1 sec),Rate,1063
09/27/2026 12:47:45,Transceiver,transceiver_requests_slow_total_MultiplyRequestMultiplyResponse (requests / 1 sec)[elapsed=00:00:10.6628511;request=Transceiver.Demo.MultiplyRequest],Rate,0
09/27/2026 12:47:45,Transceiver,transceiver_requests_slow_total_MultiplyRequestMultiplyResponse (requests / 1 sec)[elapsed=00:00:16.1271178;request=Transceiver.Demo.MultiplyRequest],Rate,0
09/27/2026 12:47:45,Transceiver,transceiver_receive_object_duration (ms)[Percentile=50],Metric,0.0430908203125
09/27/2026 12:47:45,Transceiver,transceiver_receive_object_duration (ms)[Percentile=95],Metric,0.077392578125
09/27/2026 12:47:45,Transceiver,transceiver_receive_object_duration (ms)[Percentile=99],Metric,0.11865234375
09/27/2026 12:47:45,Transceiver,transceiver_requests_total_SumRequestSumResponse (requests / 1 sec),Rate,1063
09/27/2026 12:47:46,Transceiver,transceiver_requests_slow_total_SumRequestSumResponse (requests / 1 sec)[elapsed=00:00:10.6627140;request=Transceiver.Demo.SumRequest],Rate,0
09/27/2026 12:47:46,Transceiver,transceiver_requests_total_MultiplyRequestMultiplyResponse (requests / 1 sec),Rate,1189
09/27/2026 12:47:46,Transceiver,transceiver_requests_slow_total_MultiplyRequestMultiplyResponse (requests / 1 sec)[elapsed=00:00:10.6628511;request=Transceiver.Demo.MultiplyRequest],Rate,0
09/27/2026 12:47:46,Transceiver,transceiver_requests_slow_total_MultiplyRequestMultiplyResponse (requests / 1 sec)[elapsed=00:00:16.1271178;request=Transceiver.Demo.MultiplyRequest],Rate,0
09/27/2026 12:47:46,Transceiver,transceiver_receive_object_duration (ms)[Percentile=50],Metric,0.0452880859375
09/27/2026 12:47:46,Transceiver,transceiver_receive_object_duration (ms)[Percentile=95],Metric,0.0850830078125
09/27/2026 12:47:46,Transceiver,transceiver_receive_object_duration (ms)[Percentile=99],Metric,0.145751953125
09/27/2026 12:47:46,Transceiver,transceiver_requests_total_SumRequestSumResponse (requests / 1 sec),Rate,1198
09/27/2026 12:47:47,Transceiver,transceiver_requests_slow_total_SumRequestSumResponse (requests / 1 sec)[elapsed=00:00:10.6627140;request=Transceiver.Demo.SumRequest],Rate,0
09/27/2026 12:47:47,Transceiver,transceiver_requests_total_MultiplyRequestMultiplyResponse (requests / 1 sec),Rate,869
09/27/2026 12:47:47,Transceiver,transceiver_requests_slow_total_MultiplyRequestMultiplyResponse (requests / 1 sec)[elapsed=00:00:10.6628511;request=Transceiver.Demo.MultiplyRequest],Rate,0
09/27/2026 12:47:47,Transceiver,transceiver_requests_slow_total_MultiplyRequestMultiplyResponse (requests / 1 sec)[elapsed=00:00:16.1271178;request=Transceiver.Demo.MultiplyRequest],Rate,0
09/27/2026 12:47:47,Transceiver,transceiver_receive_object_duration (ms)[Percentile=50],Metric,0.04345703125
09/27/2026 12:47:47,Transceiver,transceiver_receive_object_duration (ms)[Percentile=95],Metric,0.0849609375
09/27/2026 12:47:47,Transceiver,transceiver_receive_object_duration (ms)[Percentile=99],Metric,0.1318359375
09/27/2026 12:47:47,Transceiver,transceiver_requests_total_SumRequestSumResponse (requests / 1 sec),Rate,861
09/27/2026 12:47:48,Transceiver,transceiver_requests_slow_total_SumRequestSumResponse (requests / 1 sec)[elapsed=00:00:10.6627140;request=Transceiver.Demo.SumRequest],Rate,0
09/27/2026 12:47:48,Transceiver,transceiver_requests_total_MultiplyRequestMultiplyResponse (requests / 1 sec),Rate,1027
09/27/2026 12:47:48,Transceiver,transceiver_requests_slow_total_MultiplyRequestMultiplyResponse (requests / 1 sec)[elapsed=00:00:10.6628511;request=Transceiver.Demo.MultiplyRequest],Rate,0
09/27/2026 12:47:48,Transceiver,transceiver_requests_slow_total_MultiplyRequestMultiplyResponse (requests / 1 sec)[elapsed=00:00:16.1271178;request=Transceiver.Demo.MultiplyRequest],Rate,0
09/27/2026 12:47:48,Transceiver,transceiver_receive_object_duration (ms)[Percentile=50],Metric,0.041748046875
09/27/2026 12:47:48,Transceiver,transceiver_receive_object_duration (ms)[Percentile=95],Metric,0.0821533203125
09/27/2026 12:47:48,Transceiver,transceiver_receive_object_duration (ms)[Percentile=99],Metric,0.15283203125
09/27/2026 12:47:48,Transceiver,transceiver_requests_total_SumRequestSumResponse (requests / 1 sec),Rate,1031
09/27/2026 12:47:49,Transceiver,transceiver_requests_slow_total_SumRequestSumResponse (requests / 1 sec)[elapsed=00:00:10.6627140;request=Transceiver.Demo.SumRequest],Rate,0
09/27/2026 12:47:49,Transceiver,transceiver_requests_total_MultiplyRequestMultiplyResponse (requests / 1 sec),Rate,1024
09/27/2026 12:47:49,Transceiver,transceiver_requests_slow_total_MultiplyRequestMultiplyResponse (requests / 1 sec)[elapsed=00:00:10.6628511;request=Transceiver.Demo.MultiplyRequest],Rate,0
09/27/2026 12:47:49,Transceiver,transceiver_requests_slow_total_MultiplyRequestMultiplyResponse (requests / 1 sec)[elapsed=00:00:16.1271178;request=Transceiver.Demo.MultiplyRequest],Rate,0
09/27/2026 12:47:49,Transceiver,transceiver_receive_object_duration (ms)[Percentile=50],Metric,0.0450439453125
09/27/2026 12:47:49,Transceiver,transceiver_receive_object_duration (ms)[Percentile=95],Metric,0.0921630859375
09/27/2026 12:47:49,Transceiver,transceiver_receive_object_duration (ms)[Percentile=99],Metric,0.14208984375
09/27/2026 12:47:49,Transceiver,transceiver_requests_total_SumRequestSumResponse (requests / 1 sec),Rate,1025
09/27/2026 12:47:50,Transceiver,transceiver_requests_slow_total_SumRequestSumResponse (requests / 1 sec)[elapsed=00:00:10.6627140;request=Transceiver.Demo.SumRequest],Rate,0
09/27/2026 12:47:50,Transceiver,transceiver_requests_total_MultiplyRequestMultiplyResponse (requests / 1 sec),Rate,980
09/27/2026 12:47:50,Transceiver,transceiver_requests_slow_total_MultiplyRequestMultiplyResponse (requests / 1 sec)[elapsed=00:00:10.6628511;request=Transceiver.Demo.MultiplyRequest],Rate,0
09/27/2026 12:47:50,Transceiver,transceiver_requests_slow_total_MultiplyRequestMultiplyResponse (requests / 1 sec)[elapsed=00:00:16.1271178;request=Transceiver.Demo.MultiplyRequest],Rate,0
09/27/2026 12:47:50,Transceiver,transceiver_receive_object_duration (ms)[Percentile=50],Metric,0.0435791015625
09/27/2026 12:47:50,Transceiver,transceiver_receive_object_duration (ms)[Percentile=95],Metric,0.088134765625
09/27/2026 12:47:50,Transceiver,transceiver_receive_object_duration (ms)[Percentile=99],Metric,0.13916015625
09/27/2026 12:47:50,Transceiver,transceiver_requests_total_SumRequestSumResponse (requests / 1 sec),Rate,983
09/27/2026 12:47:51,Transceiver,transceiver_requests_slow_total_SumRequestSumResponse (requests / 1 sec)[elapsed=00:00:10.6627140;request=Transceiver.Demo.SumRequest],Rate,0
09/27/2026 12:47:51,Transceiver,transceiver_requests_total_MultiplyRequestMultiplyResponse (requests / 1 sec),Rate,1299
09/27/2026 12:47:51,Transceiver,transceiver_requests_slow_total_MultiplyRequestMultiplyResponse (requests / 1 sec)[elapsed=00:00:10.6628511;request=Transceiver.Demo.MultiplyRequest],Rate,0
09/27/2026 12:47:51,Transceiver,transceiver_requests_slow_total_MultiplyRequestMultiplyResponse (requests / 1 sec)[elapsed=00:00:16.1271178;request=Transceiver.Demo.MultiplyRequest],Rate,0
09/27/2026 12:47:51,Transceiver,transceiver_receive_object_duration (ms)[Percentile=50],Metric,0.04095458984375
09/27/2026 12:47:51,Transceiver,transceiver_receive_object_duration (ms)[Percentile=95],Metric,0.0751953125
09/27/2026 12:47:51,Transceiver,transceiver_receive_object_duration (ms)[Percentile=99],Metric,0.130859375
09/27/2026 12:47:51,Transceiver,transceiver_requests_total_SumRequestSumResponse (requests / 1 sec),Rate,1281
09/27/2026 12:47:52,Transceiver,transceiver_requests_slow_total_SumRequestSumResponse (requests / 1 sec)[elapsed=00:00:10.6627140;request=Transceiver.Demo.SumRequest],Rate,0
09/27/2026 12:47:52,Transceiver,transceiver_requests_total_MultiplyRequestMultiplyResponse (requests / 1 sec),Rate,912
09/27/2026 12:47:52,Transceiver,transceiver_requests_slow_total_MultiplyRequestMultiplyResponse (requests / 1 sec)[elapsed=00:00:10.6628511;request=Transceiver.Demo.MultiplyRequest],Rate,0
09/27/2026 12:47:52,Transceiver,transceiver_requests_slow_total_MultiplyRequestMultiplyResponse (requests / 1 sec)[elapsed=00:00:16.1271178;request=Transceiver.Demo.MultiplyRequest],Rate,0
09/27/2026 12:47:52,Transceiver,transceiver_receive_object_duration (ms)[Percentile=50],Metric,0.040283203125
09/27/2026 12:47:52,Transceiver,transceiver_receive_object_duration (ms)[Percentile=95],Metric,0.0926513671875
09/27/2026 12:47:52,Transceiver,transceiver_receive_object_duration (ms)[Percentile=99],Metric,0.135498046875
09/27/2026 12:47:52,Transceiver,transceiver_requests_total_SumRequestSumResponse (requests / 1 sec),Rate,925
09/27/2026 12:47:53,Transceiver,transceiver_requests_slow_total_SumRequestSumResponse (requests / 1 sec)[elapsed=00:00:10.6627140;request=Transceiver.Demo.SumRequest],Rate,0
09/27/2026 12:47:53,Transceiver,transceiver_requests_total_MultiplyRequestMultiplyResponse (requests / 1 sec),Rate,817
09/27/2026 12:47:53,Transceiver,transceiver_requests_slow_total_MultiplyRequestMultiplyResponse (requests / 1 sec)[elapsed=00:00:10.6628511;request=Transceiver.Demo.MultiplyRequest],Rate,0
09/27/2026 12:47:53,Transceiver,transceiver_requests_slow_total_MultiplyRequestMultiplyResponse (requests / 1 sec)[elapsed=00:00:16.1271178;request=Transceiver.Demo.MultiplyRequest],Rate,0
09/27/2026 12:47:53,Transceiver,transceiver_receive_object_duration (ms)[Percentile=50],Metric,0.04833984375
09/27/2026 12:47:53,Transceiver,transceiver_receive_object_duration (ms)[Percentile=95],Metric,0.0966796875
09/27/2026 12:47:53,Transceiver,transceiver_receive_object_duration (ms)[Percentile=99],Metric,0.167236328125
09/27/2026 12:47:53,Transceiver,transceiver_requests_total_SumRequestSumResponse (requests / 1 sec),Rate,826
09/27/2026 12:47:54,Transceiver,transceiver_requests_slow_total_SumRequestSumResponse (requests / 1 sec)[elapsed=00:00:10.6627140;request=Transceiver.Demo.SumRequest],Rate,0
09/27/2026 12:47:54,Transceiver,transceiver_requests_total_MultiplyRequestMultiplyResponse (requests / 1 sec),Rate,1277
09/27/2026 12:47:54,Transceiver,transceiver_requests_slow_total_MultiplyRequestMultiplyResponse (requests / 1 sec)[elapsed=00:00:10.6628511;request=Transceiver.Demo.MultiplyRequest],Rate,0
09/27/2026 12:47:54,Transceiver,transceiver_requests_slow_total_MultiplyRequestMultiplyResponse (requests / 1 sec)[elapsed=00:00:16.1271178;request=Transceiver.Demo.MultiplyRequest],Rate,0
09/27/2026 12:47:54,Transceiver,transceiver_receive_object_duration (ms)[Percentile=50],Metric,0.04339599609375
09/27/2026 12:47:54,Transceiver,transceiver_receive_object_duration (ms)[Percentile=95],Metric,0.0797119140625
09/27/2026 12:47:54,Transceiver,transceiver_receive_object_duration (ms)[Percentile=99],Metric,0.13427734375
09/27/2026 12:47:54,Transceiver,transceiver_requests_total_SumRequestSumResponse (requests / 1 sec),Rate,1271
09/27/2026 12:47:55,Transceiver,transceiver_requests_slow_total_SumRequestSumResponse (requests / 1 sec)[elapsed=00:00:10.6627140;request=Transceiver.Demo.SumRequest],Rate,0
09/27/2026 12:47:55,Transceiver,transceiver_requests_total_MultiplyRequestMultiplyResponse (requests / 1 sec),Rate,901
09/27/2026 12:47:55,Transceiver,transceiver_requests_slow_total_MultiplyRequestMultiplyResponse (requests / 1 sec)[elapsed=00:00:10.6628511;request=Transceiver.Demo.MultiplyRequest],Rate,0
09/27/2026 12:47:55,Transceiver,transceiver_requests_slow_total_MultiplyRequestMultiplyResponse (requests / 1 sec)[elapsed=00:00:16.1271178;request=Transceiver.Demo.MultiplyRequest],Rate,0
09/27/2026 12:47:55,Transceiver,transceiver_receive_object_duration (ms)[Percentile=50],Metric,0.04254150390625
09/27/2026 12:47:55,Transceiver,transceiver_receive_object_duration (ms)[Percentile=95],Metric,0.081787109375
09/27/2026 12:47:55,Transceiver,transceiver_receive_object_duration (ms)[Percentile=99],Metric,0.13330078125
09/27/2026 12:47:55,Transceiver,transceiver_requests_total_SumRequestSumResponse (requests / 1 sec),Rate,915
09/27/2026 12:47:56,Transceiver,transceiver_requests_slow_total_SumRequestSumResponse (requests / 1 sec)[elapsed=00:00:10.6627140;request=Transceiver.Demo.SumRequest],Rate,0
09/27/2026 12:47:56,Transceiver,transceiver_requests_total_MultiplyRequestMultiplyResponse (requests / 1 sec),Rate,1039
09/27/2026 12:47:56,Transceiver,transceiver_requests_slow_total_MultiplyRequestMultiplyResponse (requests / 1 sec)[elapsed=00:00:10.6628511;request=Transceiver.Demo.MultiplyRequest],Rate,0
09/27/2026 12:47:56,Transceiver,transceiver_requests_slow_total_MultiplyRequestMultiplyResponse (requests / 1 sec)[elapsed=00:00:16.1271178;request=Transceiver.Demo.MultiplyRequest],Rate,0
09/27/2026 12:47:56,Transceiver,transceiver_receive_object_duration (ms)[Percentile=50],Metric,0.04266357421875
09/27/2026 12:47:56,Transceiver,transceiver_receive_object_duration (ms)[Percentile=95],Metric,0.085693359375
09/27/2026 12:47:56,Transceiver,transceiver_receive_object_duration (ms)[Percentile=99],Metric,0.15380859375
09/27/2026 12:47:56,Transceiver,transceiver_requests_total_SumRequestSumResponse (requests / 1 sec),Rate,1050
09/27/2026 12:47:57,Transceiver,transceiver_requests_slow_total_SumRequestSumResponse (requests / 1 sec)[elapsed=00:00:10.6627140;request=Transceiver.Demo.SumRequest],Rate,0
09/27/2026 12:47:57,Transceiver,transceiver_requests_total_MultiplyRequestMultiplyResponse (requests / 1 sec),Rate,1066
09/27/2026 12:47:57,Transceiver,transceiver_requests_slow_total_MultiplyRequestMultiplyResponse (requests / 1 sec)[elapsed=00:00:10.6628511;request=Transceiver.Demo.MultiplyRequest],Rate,0
09/27/2026 12:47:57,Transceiver,transceiver_requests_slow_total_MultiplyRequestMultiplyResponse (requests / 1 sec)[elapsed=00:00:16.1271178;request=Transceiver.Demo.MultiplyRequest],Rate,0
09/27/2026 12:47:57,Transceiver,transceiver_receive_object_duration (ms)[Percentile=50],Metric,0.0450439453125
09/27/2026 12:47:57,Transceiver,transceiver_receive_object_duration (ms)[Percentile=95],Metric,0.0899658203125
09/27/2026 12:47:57,Transceiver,transceiver_receive_object_duration (ms)[Percentile=99],Metric,0.15966796875
09/27/2026 12:47:57,Transceiver,transceiver_requests_total_SumRequestSumResponse (requests / 1 sec),Rate,1078
09/27/2026 12:47:58,Transceiver,transceiver_requests_slow_total_SumRequestSumResponse (requests / 1 sec)[elapsed=00:00:10.6627140;request=Transceiver.Demo.SumRequest],Rate,0
09/27/2026 12:47:58,Transceiver,transceiver_requests_total_MultiplyRequestMultiplyResponse (requests / 1 sec),Rate,969
09/27/2026 12:47:58,Transceiver,transceiver_requests_slow_total_MultiplyRequestMultiplyResponse (requests / 1 sec)[elapsed=00:00:10.6628511;request=Transceiver.Demo.MultiplyRequest],Rate,0
09/27/2026 12:47:58,Transceiver,transceiver_requests_slow_total_MultiplyRequestMultiplyResponse (requests / 1 sec)[elapsed=00:00:16.1271178;request=Transceiver.Demo.MultiplyRequest],Rate,0
09/27/2026 12:47:58,Transceiver,transceiver_receive_object_duration (ms)[Percentile=50],Metric,0.0430908203125
09/27/2026 12:47:58,Transceiver,transceiver_receive_object_duration (ms)[Percentile=95],Metric,0.0791015625
09/27/2026 12:47:58,Transceiver,transceiver_receive_object_duration (ms)[Percentile=99],Metric,0.126708984375
09/27/2026 12:47:58,Transceiver,transceiver_requests_total_SumRequestSumResponse (requests / 1 sec),Rate,977
09/27/2026 12:47:59,Transceiver,transceiver_requests_slow_total_SumRequestSumResponse (requests / 1 sec)[elapsed=00:00:10.6627140;request=Transceiver.Demo.SumRequest],Rate,0
09/27/2026 12:47:59,Transceiver,transceiver_requests_total_MultiplyRequestMultiplyResponse (requests / 1 sec),Rate,947
09/27/2026 12:47:59,Transceiver,transceiver_requests_slow_total_MultiplyRequestMultiplyResponse (requests / 1 sec)[elapsed=00:00:10.6628511;request=Transceiver.Demo.MultiplyRequest],Rate,0
09/27/2026 12:47:59,Transceiver,transceiver_requests_slow_total_MultiplyRequestMultiplyResponse (requests / 1 sec)[elapsed=00:00:16.1271178;request=Transceiver.Demo.MultiplyRequest],Rate,0
09/27/2026 12:47:59,Transceiver,transceiver_receive_object_duration (ms)[Percentile=50],Metric,0.04449462890625
09/27/2026 12:47:59,Transceiver,transceiver_receive_object_duration (ms)[Percentile=95],Metric,0.0870361328125
09/27/2026 12:47:59,Transceiver,transceiver_receive_object_duration (ms)[Percentile=99],Metric,0.13525390625
09/27/2026 12:47:59,Transceiver,transceiver_requests_total_SumRequestSumResponse (requests / 1 sec),Rate,940
09/27/2026 12:48:00,Transceiver,transceiver_requests_slow_total_SumRequestSumResponse (requests / 1 sec)[elapsed=00:00:10.6627140;request=Transceiver.Demo.SumRequest],Rate,0
09/27/2026 12:48:00,Transceiver,transceiver_requests_total_MultiplyRequestMultiplyResponse (requests / 1 sec),Rate,1103
09/27/2026 12:48:00,Transceiver,transceiver_requests_slow_total_MultiplyRequestMultiplyResponse (requests / 1 sec)[elapsed=00:00:10.6628511;request=Transceiver.Demo.MultiplyRequest],Rate,0
09/27/2026 12:48:00,Transceiver,transceiver_requests_slow_total_MultiplyRequestMultiplyResponse (requests / 1 sec)[elapsed=00:00:16.1271178;request=Transceiver.Demo.MultiplyRequest],Rate,0
09/27/2026 12:48:00,Transceiver,transceiver_receive_object_duration (ms)[Percentile=50],Metric,0.04425048828125
09/27/2026 12:48:00,Transceiver,transceiver_receive_object_duration (ms)[Percentile=95],Metric,0.0780029296875
09/27/2026 12:48:00,Transceiver,transceiver_receive_object_duration (ms)[Percentile=99],Metric,0.1212158203125
09/27/2026 12:48:00,Transceiver,transceiver_requests_total_SumRequestSumResponse (requests / 1 sec),Rate,1102
09/27/2026 12:48:01,Transceiver,transceiver_requests_slow_total_SumRequestSumResponse (requests / 1 sec)[elapsed=00:00:10.6627140;request=Transceiver.Demo.SumRequest],Rate,0
09/27/2026 12:48:01,Transceiver,transceiver_requests_total_MultiplyRequestMultiplyResponse (requests / 1 sec),Rate,813
09/27/2026 12:48:01,Transceiver,transceiver_requests_slow_total_MultiplyRequestMultiplyResponse (requests / 1 sec)[elapsed=00:00:10.6628511;request=Transceiver.Demo.MultiplyRequest],Rate,0
09/27/2026 12:48:01,Transceiver,transceiver_requests_slow_total_MultiplyRequestMultiplyResponse (requests / 1 sec)[elapsed=00:00:16.1271178;request=Transceiver.Demo.MultiplyRequest],Rate,0
09/27/2026 12:48:01,Transceiver,transceiver_receive_object_duration (ms)[Percentile=50],Metric,0.04559326171875
09/27/2026 12:48:01,Transceiver,transceiver_receive_object_duration (ms)[Percentile=95],Metric,0.0843505859375
09/27/2026 12:48:01,Transceiver,transceiver_receive_object_duration (ms)[Percentile=99],Metric,0.15869140625
09/27/2026 12:48:01,Transceiver,transceiver_requests_total_SumRequestSumResponse (requests / 1 sec),Rate,816
09/27/2026 12:48:02,Transceiver,transceiver_requests_slow_total_SumRequestSumResponse (requests / 1 sec)[elapsed=00:00:10.6627140;request=Transceiver.Demo.SumRequest],Rate,0
09/27/2026 12:48:02,Transceiver,transceiver_requests_total_MultiplyRequestMultiplyResponse (requests / 1 sec),Rate,1057
09/27/2026 12:48:02,Transceiver,transceiver_requests_slow_total_MultiplyRequestMultiplyResponse (requests / 1 sec)[elapsed=00:00:10.6628511;request=Transceiver.Demo.MultiplyRequest],Rate,0
09/27/2026 12:48:02,Transceiver,transceiver_requests_slow_total_MultiplyRequestMultiplyResponse (requests / 1 sec)[elapsed=00:00:16.1271178;request=Transceiver.Demo.MultiplyRequest],Rate,0
09/27/2026 12:48:02,Transceiver,transceiver_receive_object_duration (ms)[Percentile=50],Metric,0.04339599609375
09/27/2026 12:48:02,Transceiver,transceiver_receive_object_duration (ms)[Percentile=95],Metric,0.0821533203125
09/27/2026 12:48:02,Transceiver,transceiver_receive_object_duration (ms)[Percentile=99],Metric,0.14208984375
09/27/2026 12:48:02,Transceiver,transceiver_requests_total_SumRequestSumResponse (requests / 1 sec),Rate,1042
09/27/2026 12:48:03,Transceiver,transceiver_requests_slow_total_SumRequestSumResponse (requests / 1 sec)[elapsed=00:00:10.6627140;request=Transceiver.Demo.SumRequest],Rate,0
09/27/2026 12:48:03,Transceiver,transceiver_requests_total_MultiplyRequestMultiplyResponse (requests / 1 sec),Rate,1100
09/27/2026 12:48:03,Transceiver,transceiver_requests_slow_total_MultiplyRequestMultiplyResponse (requests / 1 sec)[elapsed=00:00:10.6628511;request=Transceiver.Demo.MultiplyRequest],Rate,0
09/27/2026 12:48:03,Transceiver,transceiver_requests_slow_total_MultiplyRequestMultiplyResponse (requests / 1 sec)[elapsed=00:00:16.1271178;request=Transceiver.Demo.MultiplyRequest],Rate,0
09/27/2026 12:48:03,Transceiver,transceiver_receive_object_duration (ms)[Percentile=50],Metric,0.04254150390625
09/27/2026 12:48:03,Transceiver,transceiver_receive_object_duration (ms)[Percentile=95],Metric,0.080810546875
09/27/2026 12:48:03,Transceiver,transceiver_receive_object_duration (ms)[Percentile=99],Metric,0.125
09/27/2026 12:48:03,Transceiver,transceiver_requests_total_SumRequestSumResponse (requests / 1 sec),Rate,1094
09/27/2026 12:48:04,Transceiver,transceiver_requests_slow_total_SumRequestSumResponse (requests / 1 sec)[elapsed=00:00:10.6627140;request=Transceiver.Demo.SumRequest],Rate,0
09/27/2026 12:48:04,Transceiver,transceiver_requests_total_MultiplyRequestMultiplyResponse (requests / 1 sec),Rate,1084
09/27/2026 12:48:04,Transceiver,transceiver_requests_slow_total_MultiplyRequestMultiplyResponse (requests / 1 sec)[elapsed=00:00:10.6628511;request=Transceiver.Demo.MultiplyRequest],Rate,0
09/27/2026 12:48:04,Transceiver,transceiver_requests_slow_total_MultiplyRequestMultiplyResponse (requests / 1 sec)[elapsed=00:00:16.1271178;request=Transceiver.Demo.MultiplyRequest],Rate,0
09/27/2026 12:48:04,Transceiver,transceiver_receive_object_duration (ms)[Percentile=50],Metric,0.04144287109375
09/27/2026 12:48:04,Transceiver,transceiver_receive_object_duration (ms)[Percentile=95],Metric,0.0775146484375
09/27/2026 12:48:04,Transceiver,transceiver_receive_object_duration (ms)[Percentile=99],Metric,0.11279296875
09/27/2026 12:48:04,Transceiver,transceiver_requests_total_SumRequestSumResponse (requests / 1 sec),Rate,1105
09/27/2026 12:48:05,Transceiver,transceiver_requests_slow_total_SumRequestSumResponse (requests / 1 sec)[elapsed=00:00:10.6627140;request=Transceiver.Demo.SumRequest],Rate,0
09/27/2026 12:48:05,Transceiver,transceiver_requests_total_MultiplyRequestMultiplyResponse (requests / 1 sec),Rate,1010
09/27/2026 12:48:05,Transceiver,transceiver_requests_slow_total_MultiplyRequestMultiplyResponse (requests / 1 sec)[elapsed=00:00:10.6628511;request=Transceiver.Demo.MultiplyRequest],Rate,0
09/27/2026 12:48:05,Transceiver,transceiver_requests_slow_total_MultiplyRequestMultiplyResponse (requests / 1 sec)[elapsed=00:00:16.1271178;request=Transceiver.Demo.MultiplyRequest],Rate,0
09/27/2026 12:48:05,Transceiver,transceiver_receive_object_duration (ms)[Percentile=50],Metric,0.0474853515625
09/27/2026 12:48:05,Transceiver,transceiver_receive_object_duration (ms)[Percentile=95],Metric,0.0955810546875
09/27/2026 12:48:05,Transceiver,transceiver_receive_object_duration (ms)[Percentile=99],Metric,0.1865234375
09/27/2026 12:48:05,Transceiver,transceiver_requests_total_SumRequestSumResponse (requests / 1 sec),Rate,1010
09/27/2026 12:48:06,Transceiver,transceiver_requests_slow_total_SumRequestSumResponse (requests / 1 sec)[elapsed=00:00:10.6627140;request=Transceiver.Demo.SumRequest],Rate,0
09/27/2026 12:48:06,Transceiver,transceiver_requests_total_MultiplyRequestMultiplyResponse (requests / 1 sec),Rate,862
09/27/2026 12:48:06,Transceiver,transceiver_requests_slow_total_MultiplyRequestMultiplyResponse (requests / 1 sec)[elapsed=00:00:10.6628511;request=Transceiver.Demo.MultiplyRequest],Rate,0
09/27/2026 12:48:06,Transceiver,transceiver_requests_slow_total_MultiplyRequestMultiplyResponse (requests / 1 sec)[elapsed=00:00:16.1271178;request=Transceiver.Demo.MultiplyRequest],Rate,0
09/27/2026 12:48:06,Transceiver,transceiver_receive_object_duration (ms)[Percentile=50],Metric,0.0440673828125
09/27/2026 12:48:06,Transceiver,transceiver_receive_object_duration (ms)[Percentile=95],Metric,0.0889892578125
09/27/2026 12:48:06,Transceiver,transceiver_receive_object_duration (ms)[Percentile=99],Metric,0.138916015625
09/27/2026 12:48:06,Transceiver,transceiver_requests_total_SumRequestSumResponse (requests / 1 sec),Rate,846
09/27/2026 12:48:07,Transceiver,transceiver_requests_slow_total_SumRequestSumResponse (requests / 1 sec)[elapsed=00:00:10.6627140;request=Transceiver.Demo.SumRequest],Rate,0
09/27/2026 12:48:07,Transceiver,transceiver_requests_total_MultiplyRequestMultiplyResponse (requests / 1 sec),Rate,1073
09/27/2026 12:48:07,Transceiver,transceiver_requests_slow_total_MultiplyRequestMultiplyResponse (requests / 1 sec)[elapsed=00:00:10.6628511;request=Transceiver.Demo.MultiplyRequest],Rate,0
09/27/2026 12:48:07,Transceiver,transceiver_requests_slow_total_MultiplyRequestMultiplyResponse (requests / 1 sec)[elapsed=00:00:16.1271178;request=Transceiver.Demo.MultiplyRequest],Rate,0
09/27/2026 12:48:07,Transceiver,transceiver_receive_object_duration (ms)[Percentile=50],Metric,0.046142578125
09/27/2026 12:48:07,Transceiver,transceiver_receive_object_duration (ms)[Percentile=95],Metric,0.0872802734375
09/27/2026 12:48:07,Transceiver,transceiver_receive_object_duration (ms)[Percentile=99],Metric,0.166259765625
09/27/2026 12:48:07,Transceiver,transceiver_requests_total_SumRequestSumResponse (requests / 1 sec),Rate,1057
09/27/2026 12:48:08,Transceiver,transceiver_requests_slow_total_SumRequestSumResponse (requests / 1 sec)[elapsed=00:00:10.6627140;request=Transceiver.Demo.SumRequest],Rate,0
09/27/2026 12:48:08,Transceiver,transceiver_requests_total_MultiplyRequestMultiplyResponse (requests / 1 sec),Rate,853
09/27/2026 12:48:08,Transceiver,transceiver_requests_slow_total_MultiplyRequestMultiplyResponse (requests / 1 sec)[elapsed=00:00:10.6628511;request=Transceiver.Demo.MultiplyRequest],Rate,0
09/27/2026 12:48:08,Transceiver,transceiver_requests_slow_total_MultiplyRequestMultiplyResponse (requests / 1 sec)[elapsed=00:00:16.1271178;request=Transceiver.Demo.MultiplyRequest],Rate,0
09/27/2026 12:48:08,Transceiver,transceiver_receive_object_duration (ms)[Percentile=50],Metric,0.0428466796875
09/27/2026 12:48:08,Transceiver,transceiver_receive_object_duration (ms)[Percentile=95],Metric,0.0849609375
09/27/2026 12:48:08,Transceiver,transceiver_receive_object_duration (ms)[Percentile=99],Metric,0.13720703125
09/27/2026 12:48:08,Transceiver,transceiver_requests_total_SumRequestSumResponse (requests / 1 sec),Rate,850
09/27/2026 12:48:09,Transceiver,transceiver_requests_slow_total_SumRequestSumResponse (requests / 1 sec)[elapsed=00:00:10.6627140;request=Transceiver.Demo.SumRequest],Rate,0
09/27/2026 12:48:09,Transceiver,transceiver_requests_total_MultiplyRequestMultiplyResponse (requests / 1 sec),Rate,787
09/27/2026 12:48:09,Transceiver,transceiver_requests_slow_total_MultiplyRequestMultiplyResponse (requests / 1 sec)[elapsed=00:00:10.6628511;request=Transceiver.Demo.MultiplyRequest],Rate,0
09/27/2026 12:48:09,Transceiver,transceiver_requests_slow_total_MultiplyRequestMultiplyResponse (requests / 1 sec)[elapsed=00:00:16.1271178;request=Transceiver.Demo.MultiplyRequest],Rate,0
09/27/2026 12:48:09,Transceiver,transceiver_receive_object_duration (ms)[Percentile=50],Metric,0.05914306640625
09/27/2026 12:48:09,Transceiver,transceiver_receive_object_duration (ms)[Percentile=95],Metric,0.1151123046875
09/27/2026 12:48:09,Transceiver,transceiver_receive_object_duration (ms)[Percentile=99],Metric,0.167724609375
09/27/2026 12:48:09,Transceiver,transceiver_requests_total_SumRequestSumResponse (requests / 1 sec),Rate,774
09/27/2026 12:48:10,Transceiver,transceiver_requests_slow_total_SumRequestSumResponse (requests / 1 sec)[elapsed=00:00:10.6627140;request=Transceiver.Demo.SumRequest],Rate,0
09/27/2026 12:48:10,Transceiver,transceiver_requests_total_MultiplyRequestMultiplyResponse (requests / 1 sec),Rate,733
09/27/2026 12:48:10,Transceiver,transceiver_requests_slow_total_MultiplyRequestMultiplyResponse (requests / 1 sec)[elapsed=00:00:10.6628511;request=Transceiver.Demo.MultiplyRequest],Rate,0
09/27/2026 12:48:10,Transceiver,transceiver_requests_slow_total_MultiplyRequestMultiplyResponse (requests / 1 sec)[elapsed=00:00:16.1271178;request=Transceiver.Demo.MultiplyRequest],Rate,0
09/27/2026 12:48:10,Transceiver,transceiver_receive_object_duration (ms)[Percentile=50],Metric,0.05267333984375
09/27/2026 12:48:10,Transceiver,transceiver_receive_object_duration (ms)[Percentile=95],Metric,0.111083984375
09/27/2026 12:48:10,Transceiver,transceiver_receive_object_duration (ms)[Percentile=99],Metric,0.155029296875
09/27/2026 12:48:10,Transceiver,transceiver_requests_total_SumRequestSumResponse (requests / 1 sec),Rate,748
09/27/2026 12:48:11,Transceiver,transceiver_requests_slow_total_SumRequestSumResponse (requests / 1 sec)[elapsed=00:00:10.6627140;request=Transceiver.Demo.SumRequest],Rate,0
09/27/2026 12:48:11,Transceiver,transceiver_requests_total_MultiplyRequestMultiplyResponse (requests / 1 sec),Rate,861
09/27/2026 12:48:11,Transceiver,transceiver_requests_slow_total_MultiplyRequestMultiplyResponse (requests / 1 sec)[elapsed=00:00:10.6628511;request=Transceiver.Demo.MultiplyRequest],Rate,0
09/27/2026 12:48:11,Transceiver,transceiver_requests_slow_total_MultiplyRequestMultiplyResponse (requests / 1 sec)[elapsed=00:00:16.1271178;request=Transceiver.Demo.MultiplyRequest],Rate,0
09/27/2026 12:48:11,Transceiver,transceiver_receive_object_duration (ms)[Percentile=50],Metric,0.045166015625
09/27/2026 12:48:11,Transceiver,transceiver_receive_object_duration (ms)[Percentile=95],Metric,0.0994873046875
09/27/2026 12:48:11,Transceiver,transceiver_receive_object_duration (ms)[Percentile=99],Metric,0.216064453125
09/27/2026 12:48:11,Transceiver,transceiver_requests_total_SumRequestSumResponse (requests / 1 sec),Rate,867
09/27/2026 12:48:12,Transceiver,transceiver_requests_slow_total_SumRequestSumResponse (requests / 1 sec)[elapsed=00:00:10.6627140;request=Transceiver.Demo.SumRequest],Rate,0
09/27/2026 12:48:12,Transceiver,transceiver_requests_total_MultiplyRequestMultiplyResponse (requests / 1 sec),Rate,793
09/27/2026 12:48:12,Transceiver,transceiver_requests_slow_total_MultiplyRequestMultiplyResponse (requests / 1 sec)[elapsed=00:00:10.6628511;request=Transceiver.Demo.MultiplyRequest],Rate,0
09/27/2026 12:48:12,Transceiver,transceiver_requests_slow_total_MultiplyRequestMultiplyResponse (requests / 1 sec)[elapsed=00:00:16.1271178;request=Transceiver.Demo.MultiplyRequest],Rate,0
09/27/2026 12:48:12,Transceiver,transceiver_receive_object_duration (ms)[Percentile=50],Metric,0.0491943359375
09/27/2026 12:48:12,Transceiver,transceiver_receive_object_duration (ms)[Percentile=95],Metric,0.09521484375
09/27/2026 12:48:12,Transceiver,transceiver_receive_object_duration (ms)[Percentile=99],Metric,0.13671875
09/27/2026 12:48:12,Transceiver,transceiver_requests_total_SumRequestSumResponse (requests / 1 sec),Rate,789
09/27/2026 12:48:13,Transceiver,transceiver_requests_slow_total_SumRequestSumResponse (requests / 1 sec)[elapsed=00:00:10.6627140;request=Transceiver.Demo.SumRequest],Rate,0
09/27/2026 12:48:13,Transceiver,transceiver_requests_total_MultiplyRequestMultiplyResponse (requests / 1 sec),Rate,957
09/27/2026 12:48:13,Transceiver,transceiver_requests_slow_total_MultiplyRequestMultiplyResponse (requests / 1 sec)[elapsed=00:00:10.6628511;request=Transceiver.Demo.MultiplyRequest],Rate,0
09/27/2026 12:48:13,Transceiver,transceiver_requests_slow_total_MultiplyRequestMultiplyResponse (requests / 1 sec)[elapsed=00:00:16.1271178;request=Transceiver.Demo.MultiplyRequest],Rate,0
09/27/2026 12:48:13,Transceiver,transceiver_receive_object_duration (ms)[Percentile=50],Metric,0.046875
09/27/2026 12:48:13,Transceiver,transceiver_receive_object_duration (ms)[Percentile=95],Metric,0.09228515625
09/27/2026 12:48:13,Transceiver,transceiver_receive_object_duration (ms)[Percentile=99],Metric,0.179931640625
09/27/2026 12:48:13,Transceiver,transceiver_requests_total_SumRequestSumResponse (requests / 1 sec),Rate,959
09/27/2026 12:48:14,Transceiver,transceiver_requests_slow_total_SumRequestSumResponse (requests / 1 sec)[elapsed=00:00:10.6627140;request=Transceiver.Demo.SumRequest],Rate,0
09/27/2026 12:48:14,Transceiver,transceiver_requests_total_MultiplyRequestMultiplyResponse (requests / 1 sec),Rate,1022
09/27/2026 12:48:14,Transceiver,transceiver_requests_slow_total_MultiplyRequestMultiplyResponse (requests / 1 sec)[elapsed=00:00:10.6628511;request=Transceiver.Demo.MultiplyRequest],Rate,0
09/27/2026 12:48:14,Transceiver,transceiver_requests_slow_total_MultiplyRequestMultiplyResponse (requests / 1 sec)[elapsed=00:00:16.1271178;request=Transceiver.Demo.MultiplyRequest],Rate,0
09/27/2026 12:48:14,Transceiver,transceiver_receive_object_duration (ms)[Percentile=50],Metric,0.04595947265625
09/27/2026 12:48:14,Transceiver,transceiver_receive_object_duration (ms)[Percentile=95],Metric,0.089599609375
09/27/2026 12:48:14,Transceiver,transceiver_receive_object_duration (ms)[Percentile=99],Metric,0.12841796875
09/27/2026 12:48:14,Transceiver,transceiver_requests_total_SumRequestSumResponse (requests / 1 sec),Rate,1009
09/27/2026 12:48:15,Transceiver,transceiver_requests_slow_total_SumRequestSumResponse (requests / 1 sec)[elapsed=00:00:10.6627140;request=Transceiver.Demo.SumRequest],Rate,0
09/27/2026 12:48:15,Transceiver,transceiver_requests_total_MultiplyRequestMultiplyResponse (requests / 1 sec),Rate,771
09/27/2026 12:48:15,Transceiver,transceiver_requests_slow_total_MultiplyRequestMultiplyResponse (requests / 1 sec)[elapsed=00:00:10.6628511;request=Transceiver.Demo.MultiplyRequest],Rate,0
09/27/2026 12:48:15,Transceiver,transceiver_requests_slow_total_MultiplyRequestMultiplyResponse (requests / 1 sec)[elapsed=00:00:16.1271178;request=Transceiver.Demo.MultiplyRequest],Rate,0
09/27/2026 12:48:15,Transceiver,transceiver_receive_object_duration (ms)[Percentile=50],Metric,0.04364013671875
09/27/2026 12:48:15,Transceiver,transceiver_receive_object_duration (ms)[Percentile=95],Metric,0.086181640625
09/27/2026 12:48:15,Transceiver,transceiver_receive_object_duration (ms)[Percentile=99],Metric,0.13671875
09/27/2026 12:48:15,Transceiver,transceiver_requests_total_SumRequestSumResponse (requests / 1 sec),Rate,793
09/27/2026 12:48:16,Transceiver,transceiver_requests_slow_total_SumRequestSumResponse (requests / 1 sec)[elapsed=00:00:10.6627140;request=Transceiver.Demo.SumRequest],Rate,0
09/27/2026 12:48:16,Transceiver,transceiver_requests_total_MultiplyRequestMultiplyResponse (requests / 1 sec),Rate,917
09/27/2026 12:48:16,Transceiver,transceiver_requests_slow_total_MultiplyRequestMultiplyResponse (requests / 1 sec)[elapsed=00:00:10.6628511;request=Transceiver.Demo.MultiplyRequest],Rate,0
09/27/2026 12:48:16,Transceiver,transceiver_requests_slow_total_MultiplyRequestMultiplyResponse (requests / 1 sec)[elapsed=00:00:16.1271178;request=Transceiver.Demo.MultiplyRequest],Rate,0
09/27/2026 12:48:16,Transceiver,transceiver_receive_object_duration (ms)[Percentile=50],Metric,0.0462646484375
09/27/2026 12:48:16,Transceiver,transceiver_receive_object_duration (ms)[Percentile=95],Metric,0.1011962890625
09/27/2026 12:48:16,Transceiver,transceiver_receive_object_duration (ms)[Percentile=99],Metric,0.193359375
09/27/2026 12:48:16,Transceiver,transceiver_requests_total_SumRequestSumResponse (requests / 1 sec),Rate,917
09/27/2026 12:48:17,Transceiver,transceiver_requests_slow_total_SumRequestSumResponse (requests / 1 sec)[elapsed=00:00:10.6627140;request=Transceiver.Demo.SumRequest],Rate,0
09/27/2026 12:48:17,Transceiver,transceiver_requests_total_MultiplyRequestMultiplyResponse (requests / 1 sec),Rate,860
09/27/2026 12:48:17,Transceiver,transceiver_requests_slow_total_MultiplyRequestMultiplyResponse (requests / 1 sec)[elapsed=00:00:10.6628511;request=Transceiver.Demo.MultiplyRequest],Rate,0
09/27/2026 12:48:17,Transceiver,transceiver_requests_slow_total_MultiplyRequestMultiplyResponse (requests / 1 sec)[elapsed=00:00:16.1271178;request=Transceiver.Demo.MultiplyRequest],Rate,0
09/27/2026 12:48:17,Transceiver,transceiver_receive_object_duration (ms)[Percentile=50],Metric,0.0457763671875
09/27/2026 12:48:17,Transceiver,transceiver_receive_object_duration (ms)[Percentile=95],Metric,0.087890625
09/27/2026 12:48:17,Transceiver,transceiver_receive_object_duration (ms)[Percentile=99],Metric,0.1298828125
09/27/2026 12:48:17,Transceiver,transceiver_requests_total_SumRequestSumResponse (requests / 1 sec),Rate,871
09/27/2026 12:48:18,Transceiver,transceiver_requests_slow_total_SumRequestSumResponse (requests / 1 sec)[elapsed=00:00:10.6627140;request=Transceiver.Demo.SumRequest],Rate,0
09/27/2026 12:48:18,Transceiver,transceiver_requests_total_MultiplyRequestMultiplyResponse (requests / 1 sec),Rate,775
09/27/2026 12:48:18,Transceiver,transceiver_requests_slow_total_MultiplyRequestMultiplyResponse (requests / 1 sec)[elapsed=00:00:10.6628511;request=Transceiver.Demo.MultiplyRequest],Rate,0
09/27/2026 12:48:18,Transceiver,transceiver_requests_slow_total_MultiplyRequestMultiplyResponse (requests / 1 sec)[elapsed=00:00:16.1271178;request=Transceiver.Demo.MultiplyRequest],Rate,0
09/27/2026 12:48:18,Transceiver,transceiver_receive_object_duration (ms)[Percentile=50],Metric,0.045654296875
09/27/2026 12:48:18,Transceiver,transceiver_receive_object_duration (ms)[Percentile=95],Metric,0.0948486328125
09/27/2026 12:48:18,Transceiver,transceiver_receive_object_duration (ms)[Percentile=99],Metric,0.26171875
09/27/2026 12:48:18,Transceiver,transceiver_requests_total_SumRequestSumResponse (requests / 1 sec),Rate,791
09/27/2026 12:48:19,Transceiver,transceiver_requests_slow_total_SumRequestSumResponse (requests / 1 sec)[elapsed=00:00:10.6627140;request=Transceiver.Demo.SumRequest],Rate,0
09/27/2026 12:48:19,Transceiver,transceiver_requests_total_MultiplyRequestMultiplyResponse (requests / 1 sec),Rate,975
09/27/2026 12:48:19,Transceiver,transceiver_requests_slow_total_MultiplyRequestMultiplyResponse (requests / 1 sec)[elapsed=00:00:10.6628511;request=Transceiver.Demo.MultiplyRequest],Rate,0
09/27/2026 12:48:19,Transceiver,transceiver_requests_slow_total_MultiplyRequestMultiplyResponse (requests / 1 sec)[elapsed=00:00:16.1271178;request=Transceiver.Demo.MultiplyRequest],Rate,0
09/27/2026 12:48:19,Transceiver,transceiver_receive_object_duration (ms)[Percentile=50],Metric,0.04266357421875
09/27/2026 12:48:19,Transceiver,transceiver_receive_object_duration (ms)[Percentile=95],Metric,0.0816650390625
09/27/2026 12:48:19,Transceiver,transceiver_receive_object_duration (ms)[Percentile=99],Metric,0.161865234375
09/27/2026 12:48:19,Transceiver,transceiver_requests_total_SumRequestSumResponse (requests / 1 sec),Rate,976
09/27/2026 12:48:20,Transceiver,transceiver_requests_slow_total_SumRequestSumResponse (requests / 1 sec)[elapsed=00:00:10.6627140;request=Transceiver.Demo.SumRequest],Rate,0
09/27/2026 12:48:20,Transceiver,transceiver_requests_total_MultiplyRequestMultiplyResponse (requests / 1 sec),Rate,835
09/27/2026 12:48:20,Transceiver,transceiver_requests_slow_total_MultiplyRequestMultiplyResponse (requests / 1 sec)[elapsed=00:00:10.6628511;request=Transceiver.Demo.MultiplyRequest],Rate,0
09/27/2026 12:48:20,Transceiver,transceiver_requests_slow_total_MultiplyRequestMultiplyResponse (requests / 1 sec)[elapsed=00:00:16.1271178;request=Transceiver.Demo.MultiplyRequest],Rate,0
09/27/2026 12:48:20,Transceiver,transceiver_receive_object_duration (ms)[Percentile=50],Metric,0.04339599609375
09/27/2026 12:48:20,Transceiver,transceiver_receive_object_duration (ms)[Percentile=95],Metric,0.081298828125
09/27/2026 12:48:20,Transceiver,transceiver_receive_object_duration (ms)[Percentile=99],Metric,0.1226806640625
09/27/2026 12:48:20,Transceiver,transceiver_requests_total_SumRequestSumResponse (requests / 1 sec),Rate,833
09/27/2026 12:48:21,Transceiver,transceiver_requests_slow_total_SumRequestSumResponse (requests / 1 sec)[elapsed=00:00:10.6627140;request=Transceiver.Demo.SumRequest],Rate,0
09/27/2026 12:48:21,Transceiver,transceiver_requests_total_MultiplyRequestMultiplyResponse (requests / 1 sec),Rate,707
09/27/2026 12:48:21,Transceiver,transceiver_requests_slow_total_MultiplyRequestMultiplyResponse (requests / 1 sec)[elapsed=00:00:10.6628511;request=Transceiver.Demo.MultiplyRequest],Rate,0
09/27/2026 12:48:21,Transceiver,transceiver_requests_slow_total_MultiplyRequestMultiplyResponse (requests / 1 sec)[elapsed=00:00:16.1271178;request=Transceiver.Demo.MultiplyRequest],Rate,0
09/27/2026 12:48:21,Transceiver,transceiver_receive_object_duration (ms)[Percentile=50],Metric,0.0511474609375
09/27/2026 12:48:21,Transceiver,transceiver_receive_object_duration (ms)[Percentile=95],Metric,0.111083984375
09/27/2026 12:48:21,Transceiver,transceiver_receive_object_duration (ms)[Percentile=99],Metric,0.150390625
09/27/2026 12:48:21,Transceiver,transceiver_requests_total_SumRequestSumResponse (requests / 1 sec),Rate,707
09/27/2026 12:48:22,Transceiver,transceiver_requests_slow_total_SumRequestSumResponse (requests / 1 sec)[elapsed=00:00:10.6627140;request=Transceiver.Demo.SumRequest],Rate,0
09/27/2026 12:48:22,Transceiver,transceiver_requests_total_MultiplyRequestMultiplyResponse (requests / 1 sec),Rate,710
09/27/2026 12:48:22,Transceiver,transceiver_requests_slow_total_MultiplyRequestMultiplyResponse (requests / 1 sec)[elapsed=00:00:10.6628511;request=Transceiver.Demo.MultiplyRequest],Rate,0
09/27/2026 12:48:22,Transceiver,transceiver_requests_slow_total_MultiplyRequestMultiplyResponse (requests / 1 sec)[elapsed=00:00:16.1271178;request=Transceiver.Demo.MultiplyRequest],Rate,0
09/27/2026 12:48:22,Transceiver,transceiver_receive_object_duration (ms)[Percentile=50],Metric,0.05169677734375
09/27/2026 12:48:22,Transceiver,transceiver_receive_object_duration (ms)[Percentile=95],Metric,0.1077880859375
09/27/2026 12:48:22,Transceiver,transceiver_receive_object_duration (ms)[Percentile=99],Metric,0.141357421875
09/27/2026 12:48:22,Transceiver,transceiver_requests_total_SumRequestSumResponse (requests / 1 sec),Rate,710
09/27/2026 12:48:23,Transceiver,transceiver_requests_slow_total_SumRequestSumResponse (requests / 1 sec)[elapsed=00:00:10.6627140;request=Transceiver.Demo.SumRequest],Rate,0
09/27/2026 12:48:23,Transceiver,transceiver_requests_total_MultiplyRequestMultiplyResponse (requests / 1 sec),Rate,913
09/27/2026 12:48:23,Transceiver,transceiver_requests_slow_total_MultiplyRequestMultiplyResponse (requests / 1 sec)[elapsed=00:00:10.6628511;request=Transceiver.Demo.MultiplyRequest],Rate,0
09/27/2026 12:48:23,Transceiver,transceiver_requests_slow_total_MultiplyRequestMultiplyResponse (requests / 1 sec)[elapsed=00:00:16.1271178;request=Transceiver.Demo.MultiplyRequest],Rate,0
09/27/2026 12:48:23,Transceiver,transceiver_receive_object_duration (ms)[Percentile=50],Metric,0.045654296875
09/27/2026 12:48:23,Transceiver,transceiver_receive_object_duration (ms)[Percentile=95],Metric,0.0938720703125
09/27/2026 12:48:23,Transceiver,transceiver_receive_object_duration (ms)[Percentile=99],Metric,0.14306640625
09/27/2026 12:48:23,Transceiver,transceiver_requests_total_SumRequestSumResponse (requests / 1 sec),Rate,917
09/27/2026 12:48:24,Transceiver,transceiver_requests_slow_total_SumRequestSumResponse (requests / 1 sec)[elapsed=00:00:10.6627140;request=Transceiver.Demo.SumRequest],Rate,0
09/27/2026 12:48:24,Transceiver,transceiver_requests_total_MultiplyRequestMultiplyResponse (requests / 1 sec),Rate,776
09/27/2026 12:48:24,Transceiver,transceiver_requests_slow_total_MultiplyRequestMultiplyResponse (requests / 1 sec)[elapsed=00:00:10.6628511;request=Transceiver.Demo.MultiplyRequest],Rate,0
09/27/2026 12:48:24,Transceiver,transceiver_requests_slow_total_MultiplyRequestMultiplyResponse (requests / 1 sec)[elapsed=00:00:16.1271178;request=Transceiver.Demo.MultiplyRequest],Rate,0
09/27/2026 12:48:24,Transceiver,transceiver_receive_object_duration (ms)[Percentile=50],Metric,0.04974365234375
09/27/2026 12:48:24,Transceiver,transceiver_receive_object_duration (ms)[Percentile=95],Metric,0.111328125
09/27/2026 12:48:24,Transceiver,transceiver_receive_object_duration (ms)[Percentile=99],Metric,0.185302734375
09/27/2026 12:48:24,Transceiver,transceiver_requests_total_SumRequestSumResponse (requests / 1 sec),Rate,784
09/27/2026 12:48:25,Transceiver,transceiver_requests_slow_total_SumRequestSumResponse (requests / 1 sec)[elapsed=00:00:10.6627140;request=Transceiver.Demo.SumRequest],Rate,0
09/27/2026 12:48:25,Transceiver,transceiver_requests_total_MultiplyRequestMultiplyResponse (requests / 1 sec),Rate,1160
09/27/2026 12:48:25,Transceiver,transceiver_requests_slow_total_MultiplyRequestMultiplyResponse (requests / 1 sec)[elapsed=00:00:10.6628511;request=Transceiver.Demo.MultiplyRequest],Rate,0
09/27/2026 12:48:25,Transceiver,transceiver_requests_slow_total_MultiplyRequestMultiplyResponse (requests / 1 sec)[elapsed=00:00:16.1271178;request=Transceiver.Demo.MultiplyRequest],Rate,0
09/27/2026 12:48:25,Transceiver,transceiver_receive_object_duration (ms)[Percentile=50],Metric,0.04376220703125
09/27/2026 12:48:25,Transceiver,transceiver_receive_object_duration (ms)[Percentile=95],Metric,0.086181640625
09/27/2026 12:48:25,Transceiver,transceiver_receive_object_duration (ms)[Percentile=99],Metric,0.151611328125
09/27/2026 12:48:25,Transceiver,transceiver_requests_total_SumRequestSumResponse (requests / 1 sec),Rate,1134
09/27/2026 12:48:26,Transceiver,transceiver_requests_slow_total_SumRequestSumResponse (requests / 1 sec)[elapsed=00:00:10.6627140;request=Transceiver.Demo.SumRequest],Rate,0
09/27/2026 12:48:26,Transceiver,transceiver_requests_total_MultiplyRequestMultiplyResponse (requests / 1 sec),Rate,1100
09/27/2026 12:48:26,Transceiver,transceiver_requests_slow_total_MultiplyRequestMultiplyResponse (requests / 1 sec)[elapsed=00:00:10.6628511;request=Transceiver.Demo.MultiplyRequest],Rate,0
09/27/2026 12:48:26,Transceiver,transceiver_requests_slow_total_MultiplyRequestMultiplyResponse (requests / 1 sec)[elapsed=00:00:16.1271178;request=Transceiver.Demo.MultiplyRequest],Rate,0
09/27/2026 12:48:26,Transceiver,transceiver_receive_object_duration (ms)[Percentile=50],Metric,0.04315185546875
09/27/2026 12:48:26,Transceiver,transceiver_receive_object_duration (ms)[Percentile=95],Metric,0.0823974609375
09/27/2026 12:48:26,Transceiver,transceiver_receive_object_duration (ms)[Percentile=99],Metric,0.1234130859375
09/27/2026 12:48:26,Transceiver,transceiver_requests_total_SumRequestSumResponse (requests / 1 sec),Rate,1116
09/27/2026 12:48:27,Transceiver,transceiver_requests_slow_total_SumRequestSumResponse (requests / 1 sec)[elapsed=00:00:10.6627140;request=Transceiver.Demo.SumRequest],Rate,0
09/27/2026 12:48:27,Transceiver,transceiver_requests_total_MultiplyRequestMultiplyResponse (requests / 1 sec),Rate,961
09/27/2026 12:48:27,Transceiver,transceiver_requests_slow_total_MultiplyRequestMultiplyResponse (requests / 1 sec)[elapsed=00:00:10.6628511;request=Transceiver.Demo.MultiplyRequest],Rate,0
09/27/2026 12:48:27,Transceiver,transceiver_requests_slow_total_MultiplyRequestMultiplyResponse (requests / 1 sec)[elapsed=00:00:16.1271178;request=Transceiver.Demo.MultiplyRequest],Rate,0
09/27/2026 12:48:27,Transceiver,transceiver_receive_object_duration (ms)[Percentile=50],Metric,0.04248046875
09/27/2026 12:48:27,Transceiver,transceiver_receive_object_duration (ms)[Percentile=95],Metric,0.0821533203125
09/27/2026 12:48:27,Transceiver,transceiver_receive_object_duration (ms)[Percentile=99],Metric,0.130859375
09/27/2026 12:48:27,Transceiver,transceiver_requests_total_SumRequestSumResponse (requests / 1 sec),Rate,955
09/27/2026 12:48:28,Transceiver,transceiver_requests_slow_total_SumRequestSumResponse (requests / 1 sec)[elapsed=00:00:10.6627140;request=Transceiver.Demo.SumRequest],Rate,0
09/27/2026 12:48:28,Transceiver,transceiver_requests_total_MultiplyRequestMultiplyResponse (requests / 1 sec),Rate,901
09/27/2026 12:48:28,Transceiver,transceiver_requests_slow_total_MultiplyRequestMultiplyResponse (requests / 1 sec)[elapsed=00:00:10.6628511;request=Transceiver.Demo.MultiplyRequest],Rate,0
09/27/2026 12:48:28,Transceiver,transceiver_requests_slow_total_MultiplyRequestMultiplyResponse (requests / 1 sec)[elapsed=00:00:16.1271178;request=Transceiver.Demo.MultiplyRequest],Rate,0
09/27/2026 12:48:28,Transceiver,transceiver_receive_object_duration (ms)[Percentile=50],Metric,0.03875732421875
09/27/2026 12:48:28,Transceiver,transceiver_receive_object_duration (ms)[Percentile=95],Metric,0.08447265625
09/27/2026 12:48:28,Transceiver,transceiver_receive_object_duration (ms)[Percentile=99],Metric,0.136474609375
09/27/2026 12:48:28,Transceiver,transceiver_requests_total_SumRequestSumResponse (requests / 1 sec),Rate,895
09/27/2026 12:48:29,Transceiver,transceiver_requests_slow_total_SumRequestSumResponse (requests / 1 sec)[elapsed=00:00:10.6627140;request=Transceiver.Demo.SumRequest],Rate,0
09/27/2026 12:48:29,Transceiver,transceiver_requests_total_MultiplyRequestMultiplyResponse (requests / 1 sec),Rate,961
09/27/2026 12:48:29,Transceiver,transceiver_requests_slow_total_MultiplyRequestMultiplyResponse (requests / 1 sec)[elapsed=00:00:10.6628511;request=Transceiver.Demo.MultiplyRequest],Rate,0
09/27/2026 12:48:29,Transceiver,transceiver_requests_slow_total_MultiplyRequestMultiplyResponse (requests / 1 sec)[elapsed=00:00:16.1271178;request=Transceiver.Demo.MultiplyRequest],Rate,0
09/27/2026 12:48:29,Transceiver,transceiver_receive_object_duration (ms)[Percentile=50],Metric,0.04205322265625
09/27/2026 12:48:29,Transceiver,transceiver_receive_object_duration (ms)[Percentile=95],Metric,0.0869140625
09/27/2026 12:48:29,Transceiver,transceiver_receive_object_duration (ms)[Percentile=99],Metric,0.138427734375
09/27/2026 12:48:29,Transceiver,transceiver_requests_total_SumRequestSumResponse (requests / 1 sec),Rate,960
09/27/2026 12:48:48,Transceiver,transceiver_requests_slow_total_SumRequestSumResponse (requests / 1 sec)[elapsed=00:00:10.6627140;request=Transceiver.Demo.SumRequest],Rate,0
09/27/2026 12:48:48,Transceiver,transceiver_requests_total_MultiplyRequestMultiplyResponse (requests / 1 sec),Rate,1045
09/27/2026 12:48:48,Transceiver,transceiver_requests_slow_total_MultiplyRequestMultiplyResponse (requests / 1 sec)[elapsed=00:00:10.6628511;request=Transceiver.Demo.MultiplyRequest],Rate,0
09/27/2026 12:48:48,Transceiver,transceiver_requests_slow_total_MultiplyRequestMultiplyResponse (requests / 1 sec)[elapsed=00:00:16.1271178;request=Transceiver.Demo.MultiplyRequest],Rate,0
09/27/2026 12:48:48,Transceiver,transceiver_receive_object_duration (ms)[Percentile=50],Metric,0.040283203125
09/27/2026 12:48:48,Transceiver,transceiver_receive_object_duration (ms)[Percentile=95],Metric,0.0826416015625
09/27/2026 12:48:48,Transceiver,transceiver_receive_object_duration (ms)[Percentile=99],Metric,0.130859375
09/27/2026 12:48:48,Transceiver,transceiver_requests_total_SumRequestSumResponse (requests / 1 sec),Rate,1003
09/27/2026 12:48:48,Transceiver,transceiver_requests_slow_total_SumRequestSumResponse (requests / 1 sec)[elapsed=00:00:10.6627140;request=Transceiver.Demo.SumRequest],Rate,0
09/27/2026 12:48:48,Transceiver,transceiver_requests_total_MultiplyRequestMultiplyResponse (requests / 1 sec),Rate,656
09/27/2026 12:48:48,Transceiver,transceiver_requests_slow_total_MultiplyRequestMultiplyResponse (requests / 1 sec)[elapsed=00:00:10.6628511;request=Transceiver.Demo.MultiplyRequest],Rate,0
09/27/2026 12:48:48,Transceiver,transceiver_requests_slow_total_MultiplyRequestMultiplyResponse (requests / 1 sec)[elapsed=00:00:16.1271178;request=Transceiver.Demo.MultiplyRequest],Rate,0
09/27/2026 12:48:48,Transceiver,transceiver_receive_object_duration (ms)[Percentile=50],Metric,0.04119873046875
09/27/2026 12:48:48,Transceiver,transceiver_receive_object_duration (ms)[Percentile=95],Metric,0.092041015625
09/27/2026 12:48:48,Transceiver,transceiver_receive_object_duration (ms)[Percentile=99],Metric,0.18359375
09/27/2026 12:48:48,Transceiver,transceiver_requests_total_SumRequestSumResponse (requests / 1 sec),Rate,665
09/27/2026 12:48:49,Transceiver,transceiver_requests_slow_total_SumRequestSumResponse (requests / 1 sec)[elapsed=00:00:10.6627140;request=Transceiver.Demo.SumRequest],Rate,0
09/27/2026 12:48:49,Transceiver,transceiver_requests_total_MultiplyRequestMultiplyResponse (requests / 1 sec),Rate,1212
09/27/2026 12:48:49,Transceiver,transceiver_requests_slow_total_MultiplyRequestMultiplyResponse (requests / 1 sec)[elapsed=00:00:10.6628511;request=Transceiver.Demo.MultiplyRequest],Rate,0
09/27/2026 12:48:49,Transceiver,transceiver_requests_slow_total_MultiplyRequestMultiplyResponse (requests / 1 sec)[elapsed=00:00:16.1271178;request=Transceiver.Demo.MultiplyRequest],Rate,0
09/27/2026 12:48:49,Transceiver,transceiver_receive_object_duration (ms)[Percentile=50],Metric,0.03997802734375
09/27/2026 12:48:49,Transceiver,transceiver_receive_object_duration (ms)[Percentile=95],Metric,0.0804443359375
09/27/2026 12:48:49,Transceiver,transceiver_receive_object_duration (ms)[Percentile=99],Metric,0.130126953125
09/27/2026 12:48:49,Transceiver,transceiver_requests_total_SumRequestSumResponse (requests / 1 sec),Rate,1214
09/27/2026 12:48:50,Transceiver,transceiver_requests_slow_total_SumRequestSumResponse (requests / 1 sec)[elapsed=00:00:10.6627140;request=Transceiver.Demo.SumRequest],Rate,0
09/27/2026 12:48:50,Transceiver,transceiver_requests_total_MultiplyRequestMultiplyResponse (requests / 1 sec),Rate,858
09/27/2026 12:48:50,Transceiver,transceiver_requests_slow_total_MultiplyRequestMultiplyResponse (requests / 1 sec)[elapsed=00:00:10.6628511;request=Transceiver.Demo.MultiplyRequest],Rate,0
09/27/2026 12:48:50,Transceiver,transceiver_requests_slow_total_MultiplyRequestMultiplyResponse (requests / 1 sec)[elapsed=00:00:16.1271178;request=Transceiver.Demo.MultiplyRequest],Rate,0
09/27/2026 12:48:50,Transceiver,transceiver_receive_object_duration (ms)[Percentile=50],Metric,0.04144287109375
09/27/2026 12:48:50,Transceiver,transceiver_receive_object_duration (ms)[Percentile=95],Metric,0.0885009765625
09/27/2026 12:48:50,Transceiver,transceiver_receive_object_duration (ms)[Percentile=99],Metric,0.163818359375
09/27/2026 12:48:50,Transceiver,transceiver_requests_total_SumRequestSumResponse (requests / 1 sec),Rate,889
09/27/2026 12:48:51,Transceiver,transceiver_requests_slow_total_SumRequestSumResponse (requests / 1 sec)[elapsed=00:00:10.6627140;request=Transceiver.Demo.SumRequest],Rate,0
09/27/2026 12:48:51,Transceiver,transceiver_requests_total_MultiplyRequestMultiplyResponse (requests / 1 sec),Rate,683
09/27/2026 12:48:51,Transceiver,transceiver_requests_slow_total_MultiplyRequestMultiplyResponse (requests / 1 sec)[elapsed=00:00:10.6628511;request=Transceiver.Demo.MultiplyRequest],Rate,0
09/27/2026 12:48:51,Transceiver,transceiver_requests_slow_total_MultiplyRequestMultiplyResponse (requests / 1 sec)[elapsed=00:00:16.1271178;request=Transceiver.Demo.MultiplyRequest],Rate,0
09/27/2026 12:48:51,Transceiver,transceiver_receive_object_duration (ms)[Percentile=50],Metric,0.04833984375
09/27/2026 12:48:51,Transceiver,transceiver_receive_object_duration (ms)[Percentile=95],Metric,0.109375
09/27/2026 12:48:51,Transceiver,transceiver_receive_object_duration (ms)[Percentile=99],Metric,0.18896484375
09/27/2026 12:48:51,Transceiver,transceiver_requests_total_SumRequestSumResponse (requests / 1 sec),Rate,668
09/27/2026 12:48:52,Transceiver,transceiver_requests_slow_total_SumRequestSumResponse (requests / 1 sec)[elapsed=00:00:10.6627140;request=Transceiver.Demo.SumRequest],Rate,0
09/27/2026 12:48:52,Transceiver,transceiver_requests_total_MultiplyRequestMultiplyResponse (requests / 1 sec),Rate,955
09/27/2026 12:48:52,Transceiver,transceiver_requests_slow_total_MultiplyRequestMultiplyResponse (requests / 1 sec)[elapsed=00:00:10.6628511;request=Transceiver.Demo.MultiplyRequest],Rate,0
09/27/2026 12:48:52,Transceiver,transceiver_requests_slow_total_MultiplyRequestMultiplyResponse (requests / 1 sec)[elapsed=00:00:16.1271178;request=Transceiver.Demo.MultiplyRequest],Rate,0
09/27/2026 12:48:52,Transceiver,transceiver_receive_object_duration (ms)[Percentile=50],Metric,0.04437255859375
09/27/2026 12:48:52,Transceiver,transceiver_receive_object_duration (ms)[Percentile=95],Metric,0.0806884765625
09/27/2026 12:48:52,Transceiver,transceiver_receive_object_duration (ms)[Percentile=99],Metric,0.1226806640625
09/27/2026 12:48:52,Transceiver,transceiver_requests_total_SumRequestSumResponse (requests / 1 sec),Rate,961
09/27/2026 12:48:53,Transceiver,transceiver_requests_slow_total_SumRequestSumResponse (requests / 1 sec)[elapsed=00:00:10.6627140;request=Transceiver.Demo.SumRequest],Rate,0
09/27/2026 12:48:53,Transceiver,transceiver_requests_total_MultiplyRequestMultiplyResponse (requests / 1 sec),Rate,1039
09/27/2026 12:48:53,Transceiver,transceiver_requests_slow_total_MultiplyRequestMultiplyResponse (requests / 1 sec)[elapsed=00:00:10.6628511;request=Transceiver.Demo.MultiplyRequest],Rate,0
09/27/2026 12:48:53,Transceiver,transceiver_requests_slow_total_MultiplyRequestMultiplyResponse (requests / 1 sec)[elapsed=00:00:16.1271178;request=Transceiver.Demo.MultiplyRequest],Rate,0
09/27/2026 12:48:53,Transceiver,transceiver_receive_object_duration (ms)[Percentile=50],Metric,0.0430908203125
09/27/2026 12:48:53,Transceiver,transceiver_receive_object_duration (ms)[Percentile=95],Metric,0.0859375
09/27/2026 12:48:53,Transceiver,transceiver_receive_object_duration (ms)[Percentile=99],Metric,0.15625
09/27/2026 12:48:53,Transceiver,transceiver_requests_total_SumRequestSumResponse (requests / 1 sec),Rate,1029
09/27/2026 12:48:54,Transceiver,transceiver_requests_slow_total_SumRequestSumResponse (requests / 1 sec)[elapsed=00:00:10.6627140;request=Transceiver.Demo.SumRequest],Rate,0
09/27/2026 12:48:54,Transceiver,transceiver_requests_total_MultiplyRequestMultiplyResponse (requests / 1 sec),Rate,725
09/27/2026 12:48:54,Transceiver,transceiver_requests_slow_total_MultiplyRequestMultiplyResponse (requests / 1 sec)[elapsed=00:00:10.6628511;request=Transceiver.Demo.MultiplyRequest],Rate,0
09/27/2026 12:48:54,Transceiver,transceiver_requests_slow_total_MultiplyRequestMultiplyResponse (requests / 1 sec)[elapsed=00:00:16.1271178;request=Transceiver.Demo.MultiplyRequest],Rate,0
09/27/2026 12:48:54,Transceiver,transceiver_receive_object_duration (ms)[Percentile=50],Metric,0.0496826171875
09/27/2026 12:48:54,Transceiver,transceiver_receive_object_duration (ms)[Percentile=95],Metric,0.1104736328125
09/27/2026 12:48:54,Transceiver,transceiver_receive_object_duration (ms)[Percentile=99],Metric,0.217041015625
09/27/2026 12:48:54,Transceiver,transceiver_requests_total_SumRequestSumResponse (requests / 1 sec),Rate,715
09/27/2026 12:48:55,Transceiver,transceiver_requests_slow_total_SumRequestSumResponse (requests / 1 sec)[elapsed=00:00:10.6627140;request=Transceiver.Demo.SumRequest],Rate,0
09/27/2026 12:48:55,Transceiver,transceiver_requests_total_MultiplyRequestMultiplyResponse (requests / 1 sec),Rate,1098
09/27/2026 12:48:55,Transceiver,transceiver_requests_slow_total_MultiplyRequestMultiplyResponse (requests / 1 sec)[elapsed=00:00:10.6628511;request=Transceiver.Demo.MultiplyRequest],Rate,0
09/27/2026 12:48:55,Transceiver,transceiver_requests_slow_total_MultiplyRequestMultiplyResponse (requests / 1 sec)[elapsed=00:00:16.1271178;request=Transceiver.Demo.MultiplyRequest],Rate,0
09/27/2026 12:48:55,Transceiver,transceiver_receive_object_duration (ms)[Percentile=50],Metric,0.04205322265625
09/27/2026 12:48:55,Transceiver,transceiver_receive_object_duration (ms)[Percentile=95],Metric,0.0865478515625
09/27/2026 12:48:55,Transceiver,transceiver_receive_object_duration (ms)[Percentile=99],Metric,0.140625
09/27/2026 12:48:55,Transceiver,transceiver_requests_total_SumRequestSumResponse (requests / 1 sec),Rate,1097
09/27/2026 12:48:56,Transceiver,transceiver_requests_slow_total_SumRequestSumResponse (requests / 1 sec)[elapsed=00:00:10.6627140;request=Transceiver.Demo.SumRequest],Rate,0
09/27/2026 12:48:56,Transceiver,transceiver_requests_total_MultiplyRequestMultiplyResponse (requests / 1 sec),Rate,879
09/27/2026 12:48:56,Transceiver,transceiver_requests_slow_total_MultiplyRequestMultiplyResponse (requests / 1 sec)[elapsed=00:00:10.6628511;request=Transceiver.Demo.MultiplyRequest],Rate,0
09/27/2026 12:48:56,Transceiver,transceiver_requests_slow_total_MultiplyRequestMultiplyResponse (requests / 1 sec)[elapsed=00:00:16.1271178;request=Transceiver.Demo.MultiplyRequest],Rate,0
09/27/2026 12:48:56,Transceiver,transceiver_receive_object_duration (ms)[Percentile=50],Metric,0.0491943359375
09/27/2026 12:48:56,Transceiver,transceiver_receive_object_duration (ms)[Percentile=95],Metric,0.0966796875
09/27/2026 12:48:56,Transceiver,transceiver_receive_object_duration (ms)[Percentile=99],Metric,0.151123046875
09/27/2026 12:48:56,Transceiver,transceiver_requests_total_SumRequestSumResponse (requests / 1 sec),Rate,893
09/27/2026 12:48:57,Transceiver,transceiver_requests_slow_total_SumRequestSumResponse (requests / 1 sec)[elapsed=00:00:10.6627140;request=Transceiver.Demo.SumRequest],Rate,0
09/27/2026 12:48:57,Transceiver,transceiver_requests_total_MultiplyRequestMultiplyResponse (requests / 1 sec),Rate,857
09/27/2026 12:48:57,Transceiver,transceiver_requests_slow_total_MultiplyRequestMultiplyResponse (requests / 1 sec)[elapsed=00:00:10.6628511;request=Transceiver.Demo.MultiplyRequest],Rate,0
09/27/2026 12:48:57,Transceiver,transceiver_requests_slow_total_MultiplyRequestMultiplyResponse (requests / 1 sec)[elapsed=00:00:16.1271178;request=Transceiver.Demo.MultiplyRequest],Rate,0
09/27/2026 12:48:57,Transceiver,transceiver_receive_object_duration (ms)[Percentile=50],Metric,0.044189453125
09/27/2026 12:48:57,Transceiver,transceiver_receive_object_duration (ms)[Percentile=95],Metric,0.091796875
09/27/2026 12:48:57,Transceiver,transceiver_receive_object_duration (ms)[Percentile=99],Metric,0.13427734375
09/27/2026 12:48:57,Transceiver,transceiver_requests_total_SumRequestSumResponse (requests / 1 sec),Rate,874
09/27/2026 12:48:58,Transceiver,transceiver_requests_slow_total_SumRequestSumResponse (requests / 1 sec)[elapsed=00:00:10.6627140;request=Transceiver.Demo.SumRequest],Rate,0
09/27/2026 12:48:58,Transceiver,transceiver_requests_total_MultiplyRequestMultiplyResponse (requests / 1 sec),Rate,850
09/27/2026 12:48:58,Transceiver,transceiver_requests_slow_total_MultiplyRequestMultiplyResponse (requests / 1 sec)[elapsed=00:00:10.6628511;request=Transceiver.Demo.MultiplyRequest],Rate,0
09/27/2026 12:48:58,Transceiver,transceiver_requests_slow_total_MultiplyRequestMultiplyResponse (requests / 1 sec)[elapsed=00:00:16.1271178;request=Transceiver.Demo.MultiplyRequest],Rate,0
09/27/2026 12:48:58,Transceiver,transceiver_receive_object_duration (ms)[Percentile=50],Metric,0.04296875
09/27/2026 12:48:58,Transceiver,transceiver_receive_object_duration (ms)[Percentile=95],Metric,0.08740234375
09/27/2026 12:48:58,Transceiver,transceiver_receive_object_duration (ms)[Percentile=99],Metric,0.132080078125
09/27/2026 12:48:58,Transceiver,transceiver_requests_total_SumRequestSumResponse (requests / 1 sec),Rate,849
09/27/2026 12:48:59,Transceiver,transceiver_requests_slow_total_SumRequestSumResponse (requests / 1 sec)[elapsed=00:00:10.6627140;request=Transceiver.Demo.SumRequest],Rate,0
09/27/2026 12:48:59,Transceiver,transceiver_requests_total_MultiplyRequestMultiplyResponse (requests / 1 sec),Rate,896
09/27/2026 12:48:59,Transceiver,transceiver_requests_slow_total_MultiplyRequestMultiplyResponse (requests / 1 sec)[elapsed=00:00:10.6628511;request=Transceiver.Demo.MultiplyRequest],Rate,0
09/27/2026 12:48:59,Transceiver,transceiver_requests_slow_total_MultiplyRequestMultiplyResponse (requests / 1 sec)[elapsed=00:00:16.1271178;request=Transceiver.Demo.MultiplyRequest],Rate,0
09/27/2026 12:48:59,Transceiver,transceiver_receive_object_duration (ms)[Percentile=50],Metric,0.0452880859375
09/27/2026 12:48:59,Transceiver,transceiver_receive_object_duration (ms)[Percentile=95],Metric,0.087890625
09/27/2026 12:48:59,Transceiver,transceiver_receive_object_duration (ms)[Percentile=99],Metric,0.135009765625
09/27/2026 12:48:59,Transceiver,transceiver_requests_total_SumRequestSumResponse (requests / 1 sec),Rate,904
09/27/2026 12:49:00,Transceiver,transceiver_requests_slow_total_SumRequestSumResponse (requests / 1 sec)[elapsed=00:00:10.6627140;request=Transceiver.Demo.SumRequest],Rate,0
09/27/2026 12:49:00,Transceiver,transceiver_requests_total_MultiplyRequestMultiplyResponse (requests / 1 sec),Rate,862
09/27/2026 12:49:00,Transceiver,transceiver_requests_slow_total_MultiplyRequestMultiplyResponse (requests / 1 sec)[elapsed=00:00:10.6628511;request=Transceiver.Demo.MultiplyRequest],Rate,0
09/27/2026 12:49:00,Transceiver,transceiver_requests_slow_total_MultiplyRequestMultiplyResponse (requests / 1 sec)[elapsed=00:00:16.1271178;request=Transceiver.Demo.MultiplyRequest],Rate,0
09/27/2026 12:49:00,Transceiver,transceiver_receive_object_duration (ms)[Percentile=50],Metric,0.04364013671875
09/27/2026 12:49:00,Transceiver,transceiver_receive_object_duration (ms)[Percentile=95],Metric,0.0955810546875
09/27/2026 12:49:00,Transceiver,transceiver_receive_object_duration (ms)[Percentile=99],Metric,0.18798828125
09/27/2026 12:49:00,Transceiver,transceiver_requests_total_SumRequestSumResponse (requests / 1 sec),Rate,865
09/27/2026 12:49:01,Transceiver,transceiver_requests_slow_total_SumRequestSumResponse (requests / 1 sec)[elapsed=00:00:10.6627140;request=Transceiver.Demo.SumRequest],Rate,0
09/27/2026 12:49:01,Transceiver,transceiver_requests_total_MultiplyRequestMultiplyResponse (requests / 1 sec),Rate,734
09/27/2026 12:49:01,Transceiver,transceiver_requests_slow_total_MultiplyRequestMultiplyResponse (requests / 1 sec)[elapsed=00:00:10.6628511;request=Transceiver.Demo.MultiplyRequest],Rate,0
09/27/2026 12:49:01,Transceiver,transceiver_requests_slow_total_MultiplyRequestMultiplyResponse (requests / 1 sec)[elapsed=00:00:16.1271178;request=Transceiver.Demo.MultiplyRequest],Rate,0
09/27/2026 12:49:01,Transceiver,transceiver_receive_object_duration (ms)[Percentile=50],Metric,0.04547119140625
09/27/2026 12:49:01,Transceiver,transceiver_receive_object_duration (ms)[Percentile=95],Metric,0.0927734375
09/27/2026 12:49:01,Transceiver,transceiver_receive_object_duration (ms)[Percentile=99],Metric,0.135986328125
09/27/2026 12:49:01,Transceiver,transceiver_requests_total_SumRequestSumResponse (requests / 1 sec),Rate,728
09/27/2026 12:49:02,Transceiver,transceiver_requests_slow_total_SumRequestSumResponse (requests / 1 sec)[elapsed=00:00:10.6627140;request=Transceiver.Demo.SumRequest],Rate,0
09/27/2026 12:49:02,Transceiver,transceiver_requests_total_MultiplyRequestMultiplyResponse (requests / 1 sec),Rate,929
09/27/2026 12:49:02,Transceiver,transceiver_requests_slow_total_MultiplyRequestMultiplyResponse (requests / 1 sec)[elapsed=00:00:10.6628511;request=Transceiver.Demo.MultiplyRequest],Rate,0
09/27/2026 12:49:02,Transceiver,transceiver_requests_slow_total_MultiplyRequestMultiplyResponse (requests / 1 sec)[elapsed=00:00:16.1271178;request=Transceiver.Demo.MultiplyRequest],Rate,0
09/27/2026 12:49:02,Transceiver,transceiver_receive_object_duration (ms)[Percentile=50],Metric,0.0479736328125
09/27/2026 12:49:02,Transceiver,transceiver_receive_object_duration (ms)[Percentile=95],Metric,0.098388671875
09/27/2026 12:49:02,Transceiver,transceiver_receive_object_duration (ms)[Percentile=99],Metric,0.14990234375
09/27/2026 12:49:02,Transceiver,transceiver_requests_total_SumRequestSumResponse (requests / 1 sec),Rate,920
09/27/2026 12:49:03,Transceiver,transceiver_requests_slow_total_SumRequestSumResponse (requests / 1 sec)[elapsed=00:00:10.6627140;request=Transceiver.Demo.SumRequest],Rate,0
09/27/2026 12:49:03,Transceiver,transceiver_requests_total_MultiplyRequestMultiplyResponse (requests / 1 sec),Rate,826
09/27/2026 12:49:03,Transceiver,transceiver_requests_slow_total_MultiplyRequestMultiplyResponse (requests / 1 sec)[elapsed=00:00:10.6628511;request=Transceiver.Demo.MultiplyRequest],Rate,0
09/27/2026 12:49:03,Transceiver,transceiver_requests_slow_total_MultiplyRequestMultiplyResponse (requests / 1 sec)[elapsed=00:00:16.1271178;request=Transceiver.Demo.MultiplyRequest],Rate,0
09/27/2026 12:49:03,Transceiver,transceiver_receive_object_duration (ms)[Percentile=50],Metric,0.05474853515625
09/27/2026 12:49:03,Transceiver,transceiver_receive_object_duration (ms)[Percentile=95],Metric,0.119140625
09/27/2026 12:49:03,Transceiver,transceiver_receive_object_duration (ms)[Percentile=99],Metric,0.18310546875
09/27/2026 12:49:03,Transceiver,transceiver_requests_total_SumRequestSumResponse (requests / 1 sec),Rate,826
09/27/2026 12:49:04,Transceiver,transceiver_requests_slow_total_SumRequestSumResponse (requests / 1 sec)[elapsed=00:00:10.6627140;request=Transceiver.Demo.SumRequest],Rate,0
09/27/2026 12:49:04,Transceiver,transceiver_requests_total_MultiplyRequestMultiplyResponse (requests / 1 sec),Rate,841
09/27/2026 12:49:04,Transceiver,transceiver_requests_slow_total_MultiplyRequestMultiplyResponse (requests / 1 sec)[elapsed=00:00:10.6628511;request=Transceiver.Demo.MultiplyRequest],Rate,0
09/27/2026 12:49:04,Transceiver,transceiver_requests_slow_total_MultiplyRequestMultiplyResponse (requests / 1 sec)[elapsed=00:00:16.1271178;request=Transceiver.Demo.MultiplyRequest],Rate,0
09/27/2026 12:49:04,Transceiver,transceiver_receive_object_duration (ms)[Percentile=50],Metric,0.0469970703125
09/27/2026 12:49:04,Transceiver,transceiver_receive_object_duration (ms)[Percentile=95],Metric,0.096923828125
09/27/2026 12:49:04,Transceiver,transceiver_receive_object_duration (ms)[Percentile=99],Metric,0.22119140625
09/27/2026 12:49:04,Transceiver,transceiver_requests_total_SumRequestSumResponse (requests / 1 sec),Rate,831
09/27/2026 12:49:05,Transceiver,transceiver_requests_slow_total_SumRequestSumResponse (requests / 1 sec)[elapsed=00:00:10.6627140;request=Transceiver.Demo.SumRequest],Rate,0
09/27/2026 12:49:05,Transceiver,transceiver_requests_total_MultiplyRequestMultiplyResponse (requests / 1 sec),Rate,923
09/27/2026 12:49:05,Transceiver,transceiver_requests_slow_total_MultiplyRequestMultiplyResponse (requests / 1 sec)[elapsed=00:00:10.6628511;request=Transceiver.Demo.MultiplyRequest],Rate,0
09/27/2026 12:49:05,Transceiver,transceiver_requests_slow_total_MultiplyRequestMultiplyResponse (requests / 1 sec)[elapsed=00:00:16.1271178;request=Transceiver.Demo.MultiplyRequest],Rate,0
09/27/2026 12:49:05,Transceiver,transceiver_receive_object_duration (ms)[Percentile=50],Metric,0.0474853515625
09/27/2026 12:49:05,Transceiver,transceiver_receive_object_duration (ms)[Percentile=95],Metric,0.0992431640625
09/27/2026 12:49:05,Transceiver,transceiver_receive_object_duration (ms)[Percentile=99],Metric,0.158447265625
09/27/2026 12:49:05,Transceiver,transceiver_requests_total_SumRequestSumResponse (requests / 1 sec),Rate,913
09/27/2026 12:49:06,Transceiver,transceiver_requests_slow_total_SumRequestSumResponse (requests / 1 sec)[elapsed=00:00:10.6627140;request=Transceiver.Demo.SumRequest],Rate,0
09/27/2026 12:49:06,Transceiver,transceiver_requests_total_MultiplyRequestMultiplyResponse (requests / 1 sec),Rate,772
09/27/2026 12:49:06,Transceiver,transceiver_requests_slow_total_MultiplyRequestMultiplyResponse (requests / 1 sec)[elapsed=00:00:10.6628511;request=Transceiver.Demo.MultiplyRequest],Rate,0
09/27/2026 12:49:06,Transceiver,transceiver_requests_slow_total_MultiplyRequestMultiplyResponse (requests / 1 sec)[elapsed=00:00:16.1271178;request=Transceiver.Demo.MultiplyRequest],Rate,0
09/27/2026 12:49:06,Transceiver,transceiver_receive_object_duration (ms)[Percentile=50],Metric,0.0478515625
09/27/2026 12:49:06,Transceiver,transceiver_receive_object_duration (ms)[Percentile=95],Metric,0.1104736328125
09/27/2026 12:49:06,Transceiver,transceiver_receive_object_duration (ms)[Percentile=99],Metric,0.1943359375
09/27/2026 12:49:06,Transceiver,transceiver_requests_total_SumRequestSumResponse (requests / 1 sec),Rate,777
09/27/2026 12:49:07,Transceiver,transceiver_requests_slow_total_SumRequestSumResponse (requests / 1 sec)[elapsed=00:00:10.6627140;request=Transceiver.Demo.SumRequest],Rate,0
09/27/2026 12:49:07,Transceiver,transceiver_requests_total_MultiplyRequestMultiplyResponse (requests / 1 sec),Rate,1246
09/27/2026 12:49:07,Transceiver,transceiver_requests_slow_total_MultiplyRequestMultiplyResponse (requests / 1 sec)[elapsed=00:00:10.6628511;request=Transceiver.Demo.MultiplyRequest],Rate,0
09/27/2026 12:49:07,Transceiver,transceiver_requests_slow_total_MultiplyRequestMultiplyResponse (requests / 1 sec)[elapsed=00:00:16.1271178;request=Transceiver.Demo.MultiplyRequest],Rate,0
09/27/2026 12:49:07,Transceiver,transceiver_receive_object_duration (ms)[Percentile=50],Metric,0.0452880859375
09/27/2026 12:49:07,Transceiver,transceiver_receive_object_duration (ms)[Percentile=95],Metric,0.0791015625
09/27/2026 12:49:07,Transceiver,transceiver_receive_object_duration (ms)[Percentile=99],Metric,0.15625
09/27/2026 12:49:07,Transceiver,transceiver_requests_total_SumRequestSumResponse (requests / 1 sec),Rate,1260
09/27/2026 12:49:08,Transceiver,transceiver_requests_slow_total_SumRequestSumResponse (requests / 1 sec)[elapsed=00:00:10.6627140;request=Transceiver.Demo.SumRequest],Rate,0
09/27/2026 12:49:08,Transceiver,transceiver_requests_total_MultiplyRequestMultiplyResponse (requests / 1 sec),Rate,1225
09/27/2026 12:49:08,Transceiver,transceiver_requests_slow_total_MultiplyRequestMultiplyResponse (requests / 1 sec)[elapsed=00:00:10.6628511;request=Transceiver.Demo.MultiplyRequest],Rate,0
09/27/2026 12:49:08,Transceiver,transceiver_requests_slow_total_MultiplyRequestMultiplyResponse (requests / 1 sec)[elapsed=00:00:16.1271178;request=Transceiver.Demo.MultiplyRequest],Rate,0
09/27/2026 12:49:08,Transceiver,transceiver_receive_object_duration (ms)[Percentile=50],Metric,0.04248046875
09/27/2026 12:49:08,Transceiver,transceiver_receive_object_duration (ms)[Percentile=95],Metric,0.0784912109375
09/27/2026 12:49:08,Transceiver,transceiver_receive_object_duration (ms)[Percentile=99],Metric,0.1146240234375
09/27/2026 12:49:08,Transceiver,transceiver_requests_total_SumRequestSumResponse (requests / 1 sec),Rate,1220
09/27/2026 12:49:09,Transceiver,transceiver_requests_slow_total_SumRequestSumResponse (requests / 1 sec)[elapsed=00:00:10.6627140;request=Transceiver.Demo.SumRequest],Rate,0
09/27/2026 12:49:09,Transceiver,transceiver_requests_total_MultiplyRequestMultiplyResponse (requests / 1 sec),Rate,847
09/27/2026 12:49:09,Transceiver,transceiver_requests_slow_total_MultiplyRequestMultiplyResponse (requests / 1 sec)[elapsed=00:00:10.6628511;request=Transceiver.Demo.MultiplyRequest],Rate,0
09/27/2026 12:49:09,Transceiver,transceiver_requests_slow_total_MultiplyRequestMultiplyResponse (requests / 1 sec)[elapsed=00:00:16.1271178;request=Transceiver.Demo.MultiplyRequest],Rate,0
09/27/2026 12:49:09,Transceiver,transceiver_receive_object_duration (ms)[Percentile=50],Metric,0.05078125
09/27/2026 12:49:09,Transceiver,transceiver_receive_object_duration (ms)[Percentile=95],Metric,0.111083984375
09/27/2026 12:49:09,Transceiver,transceiver_receive_object_duration (ms)[Percentile=99],Metric,0.193359375
09/27/2026 12:49:09,Transceiver,transceiver_requests_total_SumRequestSumResponse (requests / 1 sec),Rate,851
09/27/2026 12:49:10,Transceiver,transceiver_requests_slow_total_SumRequestSumResponse (requests / 1 sec)[elapsed=00:00:10.6627140;request=Transceiver.Demo.SumRequest],Rate,0
09/27/2026 12:49:10,Transceiver,transceiver_requests_total_MultiplyRequestMultiplyResponse (requests / 1 sec),Rate,918
09/27/2026 12:49:10,Transceiver,transceiver_requests_slow_total_MultiplyRequestMultiplyResponse (requests / 1 sec)[elapsed=00:00:10.6628511;request=Transceiver.Demo.MultiplyRequest],Rate,0
09/27/2026 12:49:10,Transceiver,transceiver_requests_slow_total_MultiplyRequestMultiplyResponse (requests / 1 sec)[elapsed=00:00:16.1271178;request=Transceiver.Demo.MultiplyRequest],Rate,0
09/27/2026 12:49:10,Transceiver,transceiver_receive_object_duration (ms)[Percentile=50],Metric,0.04095458984375
09/27/2026 12:49:10,Transceiver,transceiver_receive_object_duration (ms)[Percentile=95],Metric,0.0782470703125
09/27/2026 12:49:10,Transceiver,transceiver_receive_object_duration (ms)[Percentile=99],Metric,0.129638671875
09/27/2026 12:49:10,Transceiver,transceiver_requests_total_SumRequestSumResponse (requests / 1 sec),Rate,924
09/27/2026 12:49:11,Transceiver,transceiver_requests_slow_total_SumRequestSumResponse (requests / 1 sec)[elapsed=00:00:10.6627140;request=Transceiver.Demo.SumRequest],Rate,0
09/27/2026 12:49:11,Transceiver,transceiver_requests_total_MultiplyRequestMultiplyResponse (requests / 1 sec),Rate,1051
09/27/2026 12:49:11,Transceiver,transceiver_requests_slow_total_MultiplyRequestMultiplyResponse (requests / 1 sec)[elapsed=00:00:10.6628511;request=Transceiver.Demo.MultiplyRequest],Rate,0
09/27/2026 12:49:11,Transceiver,transceiver_requests_slow_total_MultiplyRequestMultiplyResponse (requests / 1 sec)[elapsed=00:00:16.1271178;request=Transceiver.Demo.MultiplyRequest],Rate,0
09/27/2026 12:49:11,Transceiver,transceiver_receive_object_duration (ms)[Percentile=50],Metric,0.0413818359375
09/27/2026 12:49:11,Transceiver,transceiver_receive_object_duration (ms)[Percentile=95],Metric,0.0843505859375
09/27/2026 12:49:11,Transceiver,transceiver_receive_object_duration (ms)[Percentile=99],Metric,0.228271484375
09/27/2026 12:49:11,Transceiver,transceiver_requests_total_SumRequestSumResponse (requests / 1 sec),Rate,1042
09/27/2026 12:49:12,Transceiver,transceiver_requests_slow_total_SumRequestSumResponse (requests / 1 sec)[elapsed=00:00:10.6627140;request=Transceiver.Demo.SumRequest],Rate,0
09/27/2026 12:49:12,Transceiver,transceiver_requests_total_MultiplyRequestMultiplyResponse (requests / 1 sec),Rate,911
09/27/2026 12:49:12,Transceiver,transceiver_requests_slow_total_MultiplyRequestMultiplyResponse (requests / 1 sec)[elapsed=00:00:10.6628511;request=Transceiver.Demo.MultiplyRequest],Rate,0
09/27/2026 12:49:12,Transceiver,transceiver_requests_slow_total_MultiplyRequestMultiplyResponse (requests / 1 sec)[elapsed=00:00:16.1271178;request=Transceiver.Demo.MultiplyRequest],Rate,0
09/27/2026 12:49:12,Transceiver,transceiver_receive_object_duration (ms)[Percentile=50],Metric,0.045166015625
09/27/2026 12:49:12,Transceiver,transceiver_receive_object_duration (ms)[Percentile=95],Metric,0.08935546875
09/27/2026 12:49:12,Transceiver,transceiver_receive_object_duration (ms)[Percentile=99],Metric,0.145263671875
09/27/2026 12:49:12,Transceiver,transceiver_requests_total_SumRequestSumResponse (requests / 1 sec),Rate,906
09/27/2026 12:49:13,Transceiver,transceiver_requests_slow_total_SumRequestSumResponse (requests / 1 sec)[elapsed=00:00:10.6627140;request=Transceiver.Demo.SumRequest],Rate,0
09/27/2026 12:49:13,Transceiver,transceiver_requests_total_MultiplyRequestMultiplyResponse (requests / 1 sec),Rate,1154
09/27/2026 12:49:13,Transceiver,transceiver_requests_slow_total_MultiplyRequestMultiplyResponse (requests / 1 sec)[elapsed=00:00:10.6628511;request=Transceiver.Demo.MultiplyRequest],Rate,0
09/27/2026 12:49:13,Transceiver,transceiver_requests_slow_total_MultiplyRequestMultiplyResponse (requests / 1 sec)[elapsed=00:00:16.1271178;request=Transceiver.Demo.MultiplyRequest],Rate,0
09/27/2026 12:49:13,Transceiver,transceiver_receive_object_duration (ms)[Percentile=50],Metric,0.0472412109375
09/27/2026 12:49:13,Transceiver,transceiver_receive_object_duration (ms)[Percentile=95],Metric,0.1077880859375
09/27/2026 12:49:13,Transceiver,transceiver_receive_object_duration (ms)[Percentile=99],Metric,0.18115234375
09/27/2026 12:49:13,Transceiver,transceiver_requests_total_SumRequestSumResponse (requests / 1 sec),Rate,1143
09/27/2026 12:49:14,Transceiver,transceiver_requests_slow_total_SumRequestSumResponse (requests / 1 sec)[elapsed=00:00:10.6627140;request=Transceiver.Demo.SumRequest],Rate,0
09/27/2026 12:49:14,Transceiver,transceiver_requests_total_MultiplyRequestMultiplyResponse (requests / 1 sec),Rate,736
09/27/2026 12:49:14,Transceiver,transceiver_requests_slow_total_MultiplyRequestMultiplyResponse (requests / 1 sec)[elapsed=00:00:10.6628511;request=Transceiver.Demo.MultiplyRequest],Rate,0
09/27/2026 12:49:14,Transceiver,transceiver_requests_slow_total_MultiplyRequestMultiplyResponse (requests / 1 sec)[elapsed=00:00:16.1271178;request=Transceiver.Demo.MultiplyRequest],Rate,0
09/27/2026 12:49:14,Transceiver,transceiver_receive_object_duration (ms)[Percentile=50],Metric,0.05108642578125
09/27/2026 12:49:14,Transceiver,transceiver_receive_object_duration (ms)[Percentile=95],Metric,0.1090087890625
09/27/2026 12:49:14,Transceiver,transceiver_receive_object_duration (ms)[Percentile=99],Metric,0.14892578125
09/27/2026 12:49:14,Transceiver,transceiver_requests_total_SumRequestSumResponse (requests / 1 sec),Rate,733
09/27/2026 12:49:15,Transceiver,transceiver_requests_slow_total_SumRequestSumResponse (requests / 1 sec)[elapsed=00:00:10.6627140;request=Transceiver.Demo.SumRequest],Rate,0
09/27/2026 12:49:15,Transceiver,transceiver_requests_total_MultiplyRequestMultiplyResponse (requests / 1 sec),Rate,1032
09/27/2026 12:49:15,Transceiver,transceiver_requests_slow_total_MultiplyRequestMultiplyResponse (requests / 1 sec)[elapsed=00:00:10.6628511;request=Transceiver.Demo.MultiplyRequest],Rate,0
09/27/2026 12:49:15,Transceiver,transceiver_requests_slow_total_MultiplyRequestMultiplyResponse (requests / 1 sec)[elapsed=00:00:16.1271178;request=Transceiver.Demo.MultiplyRequest],Rate,0
09/27/2026 12:49:15,Transceiver,transceiver_receive_object_duration (ms)[Percentile=50],Metric,0.04437255859375
09/27/2026 12:49:15,Transceiver,transceiver_receive_object_duration (ms)[Percentile=95],Metric,0.089599609375
09/27/2026 12:49:15,Transceiver,transceiver_receive_object_duration (ms)[Percentile=99],Metric,0.18359375
09/27/2026 12:49:15,Transceiver,transceiver_requests_total_SumRequestSumResponse (requests / 1 sec),Rate,1023
09/27/2026 12:49:16,Transceiver,transceiver_requests_slow_total_SumRequestSumResponse (requests / 1 sec)[elapsed=00:00:10.6627140;request=Transceiver.Demo.SumRequest],Rate,0
09/27/2026 12:49:16,Transceiver,transceiver_requests_total_MultiplyRequestMultiplyResponse (requests / 1 sec),Rate,894
09/27/2026 12:49:16,Transceiver,transceiver_requests_slow_total_MultiplyRequestMultiplyResponse (requests / 1 sec)[elapsed=00:00:10.6628511;request=Transceiver.Demo.MultiplyRequest],Rate,0
09/27/2026 12:49:16,Transceiver,transceiver_requests_slow_total_MultiplyRequestMultiplyResponse (requests / 1 sec)[elapsed=00:00:16.1271178;request=Transceiver.Demo.MultiplyRequest],Rate,0
09/27/2026 12:49:16,Transceiver,transceiver_receive_object_duration (ms)[Percentile=50],Metric,0.0445556640625
09/27/2026 12:49:16,Transceiver,transceiver_receive_object_duration (ms)[Percentile=95],Metric,0.087890625
09/27/2026 12:49:16,Transceiver,transceiver_receive_object_duration (ms)[Percentile=99],Metric,0.13720703125
09/27/2026 12:49:16,Transceiver,transceiver_requests_total_SumRequestSumResponse (requests / 1 sec),Rate,888
09/27/2026 12:49:17,Transceiver,transceiver_requests_slow_total_SumRequestSumResponse (requests / 1 sec)[elapsed=00:00:10.6627140;request=Transceiver.Demo.SumRequest],Rate,0
09/27/2026 12:49:17,Transceiver,transceiver_requests_total_MultiplyRequestMultiplyResponse (requests / 1 sec),Rate,937
09/27/2026 12:49:17,Transceiver,transceiver_requests_slow_total_MultiplyRequestMultiplyResponse (requests / 1 sec)[elapsed=00:00:10.6628511;request=Transceiver.Demo.MultiplyRequest],Rate,0
09/27/2026 12:49:17,Transceiver,transceiver_requests_slow_total_MultiplyRequestMultiplyResponse (requests / 1 sec)[elapsed=00:00:16.1271178;request=Transceiver.Demo.MultiplyRequest],Rate,0
09/27/2026 12:49:17,Transceiver,transceiver_receive_object_duration (ms)[Percentile=50],Metric,0.0518798828125
09/27/2026 12:49:17,Transceiver,transceiver_receive_object_duration (ms)[Percentile=95],Metric,0.0950927734375
09/27/2026 12:49:17,Transceiver,transceiver_receive_object_duration (ms)[Percentile=99],Metric,0.172607421875
09/27/2026 12:49:17,Transceiver,transceiver_requests_total_SumRequestSumResponse (requests / 1 sec),Rate,933
09/27/2026 12:49:18,Transceiver,transceiver_requests_slow_total_SumRequestSumResponse (requests / 1 sec)[elapsed=00:00:10.6627140;request=Transceiver.Demo.SumRequest],Rate,0
09/27/2026 12:49:18,Transceiver,transceiver_requests_total_MultiplyRequestMultiplyResponse (requests / 1 sec),Rate,783
09/27/2026 12:49:18,Transceiver,transceiver_requests_slow_total_MultiplyRequestMultiplyResponse (requests / 1 sec)[elapsed=00:00:10.6628511;request=Transceiver.Demo.MultiplyRequest],Rate,0
09/27/2026 12:49:18,Transceiver,transceiver_requests_slow_total_MultiplyRequestMultiplyResponse (requests / 1 sec)[elapsed=00:00:16.1271178;request=Transceiver.Demo.MultiplyRequest],Rate,0
09/27/2026 12:49:18,Transceiver,transceiver_receive_object_duration (ms)[Percentile=50],Metric,0.046142578125
09/27/2026 12:49:18,Transceiver,transceiver_receive_object_duration (ms)[Percentile=95],Metric,0.1060791015625
09/27/2026 12:49:18,Transceiver,transceiver_receive_object_duration (ms)[Percentile=99],Metric,0.155517578125
09/27/2026 12:49:18,Transceiver,transceiver_requests_total_SumRequestSumResponse (requests / 1 sec),Rate,772
09/27/2026 12:49:19,Transceiver,transceiver_requests_slow_total_SumRequestSumResponse (requests / 1 sec)[elapsed=00:00:10.6627140;request=Transceiver.Demo.SumRequest],Rate,0
09/27/2026 12:49:19,Transceiver,transceiver_requests_total_MultiplyRequestMultiplyResponse (requests / 1 sec),Rate,684
09/27/2026 12:49:19,Transceiver,transceiver_requests_slow_total_MultiplyRequestMultiplyResponse (requests / 1 sec)[elapsed=00:00:10.6628511;request=Transceiver.Demo.MultiplyRequest],Rate,0
09/27/2026 12:49:19,Transceiver,transceiver_requests_slow_total_MultiplyRequestMultiplyResponse (requests / 1 sec)[elapsed=00:00:16.1271178;request=Transceiver.Demo.MultiplyRequest],Rate,0
09/27/2026 12:49:19,Transceiver,transceiver_receive_object_duration (ms)[Percentile=50],Metric,0.0474853515625
09/27/2026 12:49:19,Transceiver,transceiver_receive_object_duration (ms)[Percentile=95],Metric,0.111083984375
09/27/2026 12:49:19,Transceiver,transceiver_receive_object_duration (ms)[Percentile=99],Metric,0.245361328125
09/27/2026 12:49:19,Transceiver,transceiver_requests_total_SumRequestSumResponse (requests / 1 sec),Rate,679
09/27/2026 12:49:20,Transceiver,transceiver_requests_slow_total_SumRequestSumResponse (requests / 1 sec)[elapsed=00:00:10.6627140;request=Transceiver.Demo.SumRequest],Rate,0
09/27/2026 12:49:20,Transceiver,transceiver_requests_total_MultiplyRequestMultiplyResponse (requests / 1 sec),Rate,803
09/27/2026 12:49:20,Transceiver,transceiver_requests_slow_total_MultiplyRequestMultiplyResponse (requests / 1 sec)[elapsed=00:00:10.6628511;request=Transceiver.Demo.MultiplyRequest],Rate,0
09/27/2026 12:49:20,Transceiver,transceiver_requests_slow_total_MultiplyRequestMultiplyResponse (requests / 1 sec)[elapsed=00:00:16.1271178;request=Transceiver.Demo.MultiplyRequest],Rate,0
09/27/2026 12:49:20,Transceiver,transceiver_receive_object_duration (ms)[Percentile=50],Metric,0.0457763671875
09/27/2026 12:49:20,Transceiver,transceiver_receive_object_duration (ms)[Percentile=95],Metric,0.1014404296875
09/27/2026 12:49:20,Transceiver,transceiver_receive_object_duration (ms)[Percentile=99],Metric,0.17578125
09/27/2026 12:49:20,Transceiver,transceiver_requests_total_SumRequestSumResponse (requests / 1 sec),Rate,808
09/27/2026 12:49:21,Transceiver,transceiver_requests_slow_total_SumRequestSumResponse (requests / 1 sec)[elapsed=00:00:10.6627140;request=Transceiver.Demo.SumRequest],Rate,0
09/27/2026 12:49:21,Transceiver,transceiver_requests_total_MultiplyRequestMultiplyResponse (requests / 1 sec),Rate,789
09/27/2026 12:49:21,Transceiver,transceiver_requests_slow_total_MultiplyRequestMultiplyResponse (requests / 1 sec)[elapsed=00:00:10.6628511;request=Transceiver.Demo.MultiplyRequest],Rate,0
09/27/2026 12:49:21,Transceiver,transceiver_requests_slow_total_MultiplyRequestMultiplyResponse (requests / 1 sec)[elapsed=00:00:16.1271178;request=Transceiver.Demo.MultiplyRequest],Rate,0
09/27/2026 12:49:21,Transceiver,transceiver_receive_object_duration (ms)[Percentile=50],Metric,0.05157470703125
09/27/2026 12:49:21,Transceiver,transceiver_receive_object_duration (ms)[Percentile=95],Metric,0.1187744140625
09/27/2026 12:49:21,Transceiver,transceiver_receive_object_duration (ms)[Percentile=99],Metric,0.2705078125
09/27/2026 12:49:21,Transceiver,transceiver_requests_total_SumRequestSumResponse (requests / 1 sec),Rate,784
09/27/2026 12:49:22,Transceiver,transceiver_requests_slow_total_SumRequestSumResponse (requests / 1 sec)[elapsed=00:00:10.6627140;request=Transceiver.Demo.SumRequest],Rate,0
09/27/2026 12:49:22,Transceiver,transceiver_requests_total_MultiplyRequestMultiplyResponse (requests / 1 sec),Rate,725
09/27/2026 12:49:22,Transceiver,transceiver_requests_slow_total_MultiplyRequestMultiplyResponse (requests / 1 sec)[elapsed=00:00:10.6628511;request=Transceiver.Demo.MultiplyRequest],Rate,0
09/27/2026 12:49:22,Transceiver,transceiver_requests_slow_total_MultiplyRequestMultiplyResponse (requests / 1 sec)[elapsed=00:00:16.1271178;request=Transceiver.Demo.MultiplyRequest],Rate,0
09/27/2026 12:49:22,Transceiver,transceiver_receive_object_duration (ms)[Percentile=50],Metric,0.04766845703125
09/27/2026 12:49:22,Transceiver,transceiver_receive_object_duration (ms)[Percentile=95],Metric,0.1102294921875
09/27/2026 12:49:22,Transceiver,transceiver_receive_object_duration (ms)[Percentile=99],Metric,0.193115234375
09/27/2026 12:49:22,Transceiver,transceiver_requests_total_SumRequestSumResponse (requests / 1 sec),Rate,726
09/27/2026 12:49:23,Transceiver,transceiver_requests_slow_total_SumRequestSumResponse (requests / 1 sec)[elapsed=00:00:10.6627140;request=Transceiver.Demo.SumRequest],Rate,0
09/27/2026 12:49:23,Transceiver,transceiver_requests_total_MultiplyRequestMultiplyResponse (requests / 1 sec),Rate,928
09/27/2026 12:49:23,Transceiver,transceiver_requests_slow_total_MultiplyRequestMultiplyResponse (requests / 1 sec)[elapsed=00:00:10.6628511;request=Transceiver.Demo.MultiplyRequest],Rate,0
09/27/2026 12:49:23,Transceiver,transceiver_requests_slow_total_MultiplyRequestMultiplyResponse (requests / 1 sec)[elapsed=00:00:16.1271178;request=Transceiver.Demo.MultiplyRequest],Rate,0
09/27/2026 12:49:23,Transceiver,transceiver_receive_object_duration (ms)[Percentile=50],Metric,0.0435791015625
09/27/2026 12:49:23,Transceiver,transceiver_receive_object_duration (ms)[Percentile=95],Metric,0.0904541015625
09/27/2026 12:49:23,Transceiver,transceiver_receive_object_duration (ms)[Percentile=99],Metric,0.133544921875
09/27/2026 12:49:23,Transceiver,transceiver_requests_total_SumRequestSumResponse (requests / 1 sec),Rate,920
09/27/2026 12:49:24,Transceiver,transceiver_requests_slow_total_SumRequestSumResponse (requests / 1 sec)[elapsed=00:00:10.6627140;request=Transceiver.Demo.SumRequest],Rate,0
09/27/2026 12:49:24,Transceiver,transceiver_requests_total_MultiplyRequestMultiplyResponse (requests / 1 sec),Rate,887
09/27/2026 12:49:24,Transceiver,transceiver_requests_slow_total_MultiplyRequestMultiplyResponse (requests / 1 sec)[elapsed=00:00:10.6628511;request=Transceiver.Demo.MultiplyRequest],Rate,0
09/27/2026 12:49:24,Transceiver,transceiver_requests_slow_total_MultiplyRequestMultiplyResponse (requests / 1 sec)[elapsed=00:00:16.1271178;request=Transceiver.Demo.MultiplyRequest],Rate,0
09/27/2026 12:49:24,Transceiver,transceiver_receive_object_duration (ms)[Percentile=50],Metric,0.04608154296875
09/27/2026 12:49:24,Transceiver,transceiver_receive_object_duration (ms)[Percentile=95],Metric,0.1005859375
09/27/2026 12:49:24,Transceiver,transceiver_receive_object_duration (ms)[Percentile=99],Metric,0.1669921875
09/27/2026 12:49:24,Transceiver,transceiver_requests_total_SumRequestSumResponse (requests / 1 sec),Rate,874
09/27/2026 12:49:25,Transceiver,transceiver_requests_slow_total_SumRequestSumResponse (requests / 1 sec)[elapsed=00:00:10.6627140;request=Transceiver.Demo.SumRequest],Rate,0
09/27/2026 12:49:25,Transceiver,transceiver_requests_total_MultiplyRequestMultiplyResponse (requests / 1 sec),Rate,730
09/27/2026 12:49:25,Transceiver,transceiver_requests_slow_total_MultiplyRequestMultiplyResponse (requests / 1 sec)[elapsed=00:00:10.6628511;request=Transceiver.Demo.MultiplyRequest],Rate,0
09/27/2026 12:49:25,Transceiver,transceiver_requests_slow_total_MultiplyRequestMultiplyResponse (requests / 1 sec)[elapsed=00:00:16.1271178;request=Transceiver.Demo.MultiplyRequest],Rate,0
09/27/2026 12:49:25,Transceiver,transceiver_receive_object_duration (ms)[Percentile=50],Metric,0.0484619140625
09/27/2026 12:49:25,Transceiver,transceiver_receive_object_duration (ms)[Percentile=95],Metric,0.1160888671875
09/27/2026 12:49:25,Transceiver,transceiver_receive_object_duration (ms)[Percentile=99],Metric,0.18798828125
09/27/2026 12:49:25,Transceiver,transceiver_requests_total_SumRequestSumResponse (requests / 1 sec),Rate,721
09/27/2026 12:49:26,Transceiver,transceiver_requests_slow_total_SumRequestSumResponse (requests / 1 sec)[elapsed=00:00:10.6627140;request=Transceiver.Demo.SumRequest],Rate,0
09/27/2026 12:49:26,Transceiver,transceiver_requests_total_MultiplyRequestMultiplyResponse (requests / 1 sec),Rate,925
09/27/2026 12:49:26,Transceiver,transceiver_requests_slow_total_MultiplyRequestMultiplyResponse (requests / 1 sec)[elapsed=00:00:10.6628511;request=Transceiver.Demo.MultiplyRequest],Rate,0
09/27/2026 12:49:26,Transceiver,transceiver_requests_slow_total_MultiplyRequestMultiplyResponse (requests / 1 sec)[elapsed=00:00:16.1271178;request=Transceiver.Demo.MultiplyRequest],Rate,0
09/27/2026 12:49:26,Transceiver,transceiver_receive_object_duration (ms)[Percentile=50],Metric,0.0445556640625
09/27/2026 12:49:26,Transceiver,transceiver_receive_object_duration (ms)[Percentile=95],Metric,0.093505859375
09/27/2026 12:49:26,Transceiver,transceiver_receive_object_duration (ms)[Percentile=99],Metric,0.1875
09/27/2026 12:49:26,Transceiver,transceiver_requests_total_SumRequestSumResponse (requests / 1 sec),Rate,908
09/27/2026 12:49:27,Transceiver,transceiver_requests_slow_total_SumRequestSumResponse (requests / 1 sec)[elapsed=00:00:10.6627140;request=Transceiver.Demo.SumRequest],Rate,0
09/27/2026 12:49:27,Transceiver,transceiver_requests_total_MultiplyRequestMultiplyResponse (requests / 1 sec),Rate,972
09/27/2026 12:49:27,Transceiver,transceiver_requests_slow_total_MultiplyRequestMultiplyResponse (requests / 1 sec)[elapsed=00:00:10.6628511;request=Transceiver.Demo.MultiplyRequest],Rate,0
09/27/2026 12:49:27,Transceiver,transceiver_requests_slow_total_MultiplyRequestMultiplyResponse (requests / 1 sec)[elapsed=00:00:16.1271178;request=Transceiver.Demo.MultiplyRequest],Rate,0
09/27/2026 12:49:27,Transceiver,transceiver_receive_object_duration (ms)[Percentile=50],Metric,0.044677734375
09/27/2026 12:49:27,Transceiver,transceiver_receive_object_duration (ms)[Percentile=95],Metric,0.098388671875
09/27/2026 12:49:27,Transceiver,transceiver_receive_object_duration (ms)[Percentile=99],Metric,0.160400390625
09/27/2026 12:49:27,Transceiver,transceiver_requests_total_SumRequestSumResponse (requests / 1 sec),Rate,955
09/27/2026 12:49:28,Transceiver,transceiver_requests_slow_total_SumRequestSumResponse (requests / 1 sec)[elapsed=00:00:10.6627140;request=Transceiver.Demo.SumRequest],Rate,0
09/27/2026 12:49:28,Transceiver,transceiver_requests_total_MultiplyRequestMultiplyResponse (requests / 1 sec),Rate,807
09/27/2026 12:49:28,Transceiver,transceiver_requests_slow_total_MultiplyRequestMultiplyResponse (requests / 1 sec)[elapsed=00:00:10.6628511;request=Transceiver.Demo.MultiplyRequest],Rate,0
09/27/2026 12:49:28,Transceiver,transceiver_requests_slow_total_MultiplyRequestMultiplyResponse (requests / 1 sec)[elapsed=00:00:16.1271178;request=Transceiver.Demo.MultiplyRequest],Rate,0
09/27/2026 12:49:28,Transceiver,transceiver_receive_object_duration (ms)[Percentile=50],Metric,0.04534912109375
09/27/2026 12:49:28,Transceiver,transceiver_receive_object_duration (ms)[Percentile=95],Metric,0.10302734375
09/27/2026 12:49:28,Transceiver,transceiver_receive_object_duration (ms)[Percentile=99],Metric,0.193115234375
09/27/2026 12:49:28,Transceiver,transceiver_requests_total_SumRequestSumResponse (requests / 1 sec),Rate,820
09/27/2026 12:49:29,Transceiver,transceiver_requests_slow_total_SumRequestSumResponse (requests / 1 sec)[elapsed=00:00:10.6627140;request=Transceiver.Demo.SumRequest],Rate,0
09/27/2026 12:49:29,Transceiver,transceiver_requests_total_MultiplyRequestMultiplyResponse (requests / 1 sec),Rate,950
09/27/2026 12:49:29,Transceiver,transceiver_requests_slow_total_MultiplyRequestMultiplyResponse (requests / 1 sec)[elapsed=00:00:10.6628511;request=Transceiver.Demo.MultiplyRequest],Rate,0
09/27/2026 12:49:29,Transceiver,transceiver_requests_slow_total_MultiplyRequestMultiplyResponse (requests / 1 sec)[elapsed=00:00:16.1271178;request=Transceiver.Demo.MultiplyRequest],Rate,0
09/27/2026 12:49:29,Transceiver,transceiver_receive_object_duration (ms)[Percentile=50],Metric,0.04205322265625
09/27/2026 12:49:29,Transceiver,transceiver_receive_object_duration (ms)[Percentile=95],Metric,0.07861328125
09/27/2026 12:49:29,Transceiver,transceiver_receive_object_duration (ms)[Percentile=99],Metric,0.135986328125
09/27/2026 12:49:29,Transceiver,transceiver_requests_total_SumRequestSumResponse (requests / 1 sec),Rate,963
09/27/2026 12:49:30,Transceiver,transceiver_requests_slow_total_SumRequestSumResponse (requests / 1 sec)[elapsed=00:00:10.6627140;request=Transceiver.Demo.SumRequest],Rate,0
09/27/2026 12:49:30,Transceiver,transceiver_requests_total_MultiplyRequestMultiplyResponse (requests / 1 sec),Rate,1157
09/27/2026 12:49:30,Transceiver,transceiver_requests_slow_total_MultiplyRequestMultiplyResponse (requests / 1 sec)[elapsed=00:00:10.6628511;request=Transceiver.Demo.MultiplyRequest],Rate,0
09/27/2026 12:49:30,Transceiver,transceiver_requests_slow_total_MultiplyRequestMultiplyResponse (requests / 1 sec)[elapsed=00:00:16.1271178;request=Transceiver.Demo.MultiplyRequest],Rate,0
09/27/2026 12:49:30,Transceiver,transceiver_receive_object_duration (ms)[Percentile=50],Metric,0.0419921875
09/27/2026 12:49:30,Transceiver,transceiver_receive_object_duration (ms)[Percentile=95],Metric,0.0850830078125
09/27/2026 12:49:30,Transceiver,transceiver_receive_object_duration (ms)[Percentile=99],Metric,0.146484375
09/27/2026 12:49:30,Transceiver,transceiver_requests_total_SumRequestSumResponse (requests / 1 sec),Rate,1185
09/27/2026 12:49:31,Transceiver,transceiver_requests_slow_total_SumRequestSumResponse (requests / 1 sec)[elapsed=00:00:10.6627140;request=Transceiver.Demo.SumRequest],Rate,0
09/27/2026 12:49:31,Transceiver,transceiver_requests_total_MultiplyRequestMultiplyResponse (requests / 1 sec),Rate,845
09/27/2026 12:49:31,Transceiver,transceiver_requests_slow_total_MultiplyRequestMultiplyResponse (requests / 1 sec)[elapsed=00:00:10.6628511;request=Transceiver.Demo.MultiplyRequest],Rate,0
09/27/2026 12:49:31,Transceiver,transceiver_requests_slow_total_MultiplyRequestMultiplyResponse (requests / 1 sec)[elapsed=00:00:16.1271178;request=Transceiver.Demo.MultiplyRequest],Rate,0
09/27/2026 12:49:31,Transceiver,transceiver_receive_object_duration (ms)[Percentile=50],Metric,0.04534912109375
09/27/2026 12:49:31,Transceiver,transceiver_receive_object_duration (ms)[Percentile=95],Metric,0.1026611328125
09/27/2026 12:49:31,Transceiver,transceiver_receive_object_duration (ms)[Percentile=99],Metric,0.26171875
09/27/2026 12:49:31,Transceiver,transceiver_requests_total_SumRequestSumResponse (requests / 1 sec),Rate,857
09/27/2026 12:49:32,Transceiver,transceiver_requests_slow_total_SumRequestSumResponse (requests / 1 sec)[elapsed=00:00:10.6627140;request=Transceiver.Demo.SumRequest],Rate,0
09/27/2026 12:49:32,Transceiver,transceiver_requests_total_MultiplyRequestMultiplyResponse (requests / 1 sec),Rate,891
09/27/2026 12:49:32,Transceiver,transceiver_requests_slow_total_MultiplyRequestMultiplyResponse (requests / 1 sec)[elapsed=00:00:10.6628511;request=Transceiver.Demo.MultiplyRequest],Rate,0
09/27/2026 12:49:32,Transceiver,transceiver_requests_slow_total_MultiplyRequestMultiplyResponse (requests / 1 sec)[elapsed=00:00:16.1271178;request=Transceiver.Demo.MultiplyRequest],Rate,0
09/27/2026 12:49:32,Transceiver,transceiver_receive_object_duration (ms)[Percentile=50],Metric,0.0439453125
09/27/2026 12:49:32,Transceiver,transceiver_receive_object_duration (ms)[Percentile=95],Metric,0.1123046875
09/27/2026 12:49:32,Transceiver,transceiver_receive_object_duration (ms)[Percentile=99],Metric,0.227294921875
09/27/2026 12:49:32,Transceiver,transceiver_requests_total_SumRequestSumResponse (requests / 1 sec),Rate,880
09/27/2026 12:49:33,Transceiver,transceiver_requests_slow_total_SumRequestSumResponse (requests / 1 sec)[elapsed=00:00:10.6627140;request=Transceiver.Demo.SumRequest],Rate,0
09/27/2026 12:49:33,Transceiver,transceiver_requests_total_MultiplyRequestMultiplyResponse (requests / 1 sec),Rate,926
09/27/2026 12:49:33,Transceiver,transceiver_requests_slow_total_MultiplyRequestMultiplyResponse (requests / 1 sec)[elapsed=00:00:10.6628511;request=Transceiver.Demo.MultiplyRequest],Rate,0
09/27/2026 12:49:33,Transceiver,transceiver_requests_slow_total_MultiplyRequestMultiplyResponse (requests / 1 sec)[elapsed=00:00:16.1271178;request=Transceiver.Demo.MultiplyRequest],Rate,0
09/27/2026 12:49:33,Transceiver,transceiver_receive_object_duration (ms)[Percentile=50],Metric,0.04498291015625
09/27/2026 12:49:33,Transceiver,transceiver_receive_object_duration (ms)[Percentile=95],Metric,0.083740234375
09/27/2026 12:49:33,Transceiver,transceiver_receive_object_duration (ms)[Percentile=99],Metric,0.128662109375
09/27/2026 12:49:33,Transceiver,transceiver_requests_total_SumRequestSumResponse (requests / 1 sec),Rate,932
09/27/2026 12:49:34,Transceiver,transceiver_requests_slow_total_SumRequestSumResponse (requests / 1 sec)[elapsed=00:00:10.6627140;request=Transceiver.Demo.SumRequest],Rate,0
09/27/2026 12:49:34,Transceiver,transceiver_requests_total_MultiplyRequestMultiplyResponse (requests / 1 sec),Rate,964
09/27/2026 12:49:34,Transceiver,transceiver_requests_slow_total_MultiplyRequestMultiplyResponse (requests / 1 sec)[elapsed=00:00:10.6628511;request=Transceiver.Demo.MultiplyRequest],Rate,0
09/27/2026 12:49:34,Transceiver,transceiver_requests_slow_total_MultiplyRequestMultiplyResponse (requests / 1 sec)[elapsed=00:00:16.1271178;request=Transceiver.Demo.MultiplyRequest],Rate,0
09/27/2026 12:49:34,Transceiver,transceiver_receive_object_duration (ms)[Percentile=50],Metric,0.040771484375
09/27/2026 12:49:34,Transceiver,transceiver_receive_object_duration (ms)[Percentile=95],Metric,0.0794677734375
09/27/2026 12:49:34,Transceiver,transceiver_receive_object_duration (ms)[Percentile=99],Metric,0.140625
09/27/2026 12:49:34,Transceiver,transceiver_requests_total_SumRequestSumResponse (requests / 1 sec),Rate,966
09/27/2026 12:49:35,Transceiver,transceiver_requests_slow_total_SumRequestSumResponse (requests / 1 sec)[elapsed=00:00:10.6627140;request=Transceiver.Demo.SumRequest],Rate,0
09/27/2026 12:49:35,Transceiver,transceiver_requests_total_MultiplyRequestMultiplyResponse (requests / 1 sec),Rate,1018
09/27/2026 12:49:35,Transceiver,transceiver_requests_slow_total_MultiplyRequestMultiplyResponse (requests / 1 sec)[elapsed=00:00:10.6628511;request=Transceiver.Demo.MultiplyRequest],Rate,0
09/27/2026 12:49:35,Transceiver,transceiver_requests_slow_total_MultiplyRequestMultiplyResponse (requests / 1 sec)[elapsed=00:00:16.1271178;request=Transceiver.Demo.MultiplyRequest],Rate,0
09/27/2026 12:49:35,Transceiver,transceiver_receive_object_duration (ms)[Percentile=50],Metric,0.04248046875
09/27/2026 12:49:35,Transceiver,transceiver_receive_object_duration (ms)[Percentile=95],Metric,0.0869140625
09/27/2026 12:49:35,Transceiver,transceiver_receive_object_duration (ms)[Percentile=99],Metric,0.12158203125
09/27/2026 12:49:35,Transceiver,transceiver_requests_total_SumRequestSumResponse (requests / 1 sec),Rate,1013
09/27/2026 12:49:36,Transceiver,transceiver_requests_slow_total_SumRequestSumResponse (requests / 1 sec)[elapsed=00:00:10.6627140;request=Transceiver.Demo.SumRequest],Rate,0
09/27/2026 12:49:36,Transceiver,transceiver_requests_total_MultiplyRequestMultiplyResponse (requests / 1 sec),Rate,945
09/27/2026 12:49:36,Transceiver,transceiver_requests_slow_total_MultiplyRequestMultiplyResponse (requests / 1 sec)[elapsed=00:00:10.6628511;request=Transceiver.Demo.MultiplyRequest],Rate,0
09/27/2026 12:49:36,Transceiver,transceiver_requests_slow_total_MultiplyRequestMultiplyResponse (requests / 1 sec)[elapsed=00:00:16.1271178;request=Transceiver.Demo.MultiplyRequest],Rate,0
09/27/2026 12:49:36,Transceiver,transceiver_receive_object_duration (ms)[Percentile=50],Metric,0.044189453125
09/27/2026 12:49:36,Transceiver,transceiver_receive_object_duration (ms)[Percentile=95],Metric,0.093017578125
09/27/2026 12:49:36,Transceiver,transceiver_receive_object_duration (ms)[Percentile=99],Metric,0.156982421875
09/27/2026 12:49:36,Transceiver,transceiver_requests_total_SumRequestSumResponse (requests / 1 sec),Rate,953
09/27/2026 12:49:37,Transceiver,transceiver_requests_slow_total_SumRequestSumResponse (requests / 1 sec)[elapsed=00:00:10.6627140;request=Transceiver.Demo.SumRequest],Rate,0
09/27/2026 12:49:37,Transceiver,transceiver_requests_total_MultiplyRequestMultiplyResponse (requests / 1 sec),Rate,920
09/27/2026 12:49:37,Transceiver,transceiver_requests_slow_total_MultiplyRequestMultiplyResponse (requests / 1 sec)[elapsed=00:00:10.6628511;request=Transceiver.Demo.MultiplyRequest],Rate,0
09/27/2026 12:49:37,Transceiver,transceiver_requests_slow_total_MultiplyRequestMultiplyResponse (requests / 1 sec)[elapsed=00:00:16.1271178;request=Transceiver.Demo.MultiplyRequest],Rate,0
09/27/2026 12:49:37,Transceiver,transceiver_receive_object_duration (ms)[Percentile=50],Metric,0.0467529296875
09/27/2026 12:49:37,Transceiver,transceiver_receive_object_duration (ms)[Percentile=95],Metric,0.08984375
09/27/2026 12:49:37,Transceiver,transceiver_receive_object_duration (ms)[Percentile=99],Metric,0.153076171875
09/27/2026 12:49:37,Transceiver,transceiver_requests_total_SumRequestSumResponse (requests / 1 sec),Rate,902
09/27/2026 12:49:38,Transceiver,transceiver_requests_slow_total_SumRequestSumResponse (requests / 1 sec)[elapsed=00:00:10.6627140;request=Transceiver.Demo.SumRequest],Rate,0
09/27/2026 12:49:38,Transceiver,transceiver_requests_total_MultiplyRequestMultiplyResponse (requests / 1 sec),Rate,910
09/27/2026 12:49:38,Transceiver,transceiver_requests_slow_total_MultiplyRequestMultiplyResponse (requests / 1 sec)[elapsed=00:00:10.6628511;request=Transceiver.Demo.MultiplyRequest],Rate,0
09/27/2026 12:49:38,Transceiver,transceiver_requests_slow_total_MultiplyRequestMultiplyResponse (requests / 1 sec)[elapsed=00:00:16.1271178;request=Transceiver.Demo.MultiplyRequest],Rate,0
09/27/2026 12:49:38,Transceiver,transceiver_receive_object_duration (ms)[Percentile=50],Metric,0.04296875
09/27/2026 12:49:38,Transceiver,transceiver_receive_object_duration (ms)[Percentile=95],Metric,0.08642578125
09/27/2026 12:49:38,Transceiver,transceiver_receive_object_duration (ms)[Percentile=99],Metric,0.14453125
09/27/2026 12:49:38,Transceiver,transceiver_requests_total_SumRequestSumResponse (requests / 1 sec),Rate,902
09/27/2026 12:49:39,Transceiver,transceiver_requests_slow_total_SumRequestSumResponse (requests / 1 sec)[elapsed=00:00:10.6627140;request=Transceiver.Demo.SumRequest],Rate,0
09/27/2026 12:49:39,Transceiver,transceiver_requests_total_MultiplyRequestMultiplyResponse (requests / 1 sec),Rate,779
09/27/2026 12:49:39,Transceiver,transceiver_requests_slow_total_MultiplyRequestMultiplyResponse (requests / 1 sec)[elapsed=00:00:10.6628511;request=Transceiver.Demo.MultiplyRequest],Rate,0
09/27/2026 12:49:39,Transceiver,transceiver_requests_slow_total_MultiplyRequestMultiplyResponse (requests / 1 sec)[elapsed=00:00:16.1271178;request=Transceiver.Demo.MultiplyRequest],Rate,0
09/27/2026 12:49:39,Transceiver,transceiver_receive_object_duration (ms)[Percentile=50],Metric,0.04296875
09/27/2026 12:49:39,Transceiver,transceiver_receive_object_duration (ms)[Percentile=95],Metric,0.094970703125
09/27/2026 12:49:39,Transceiver,transceiver_receive_object_duration (ms)[Percentile=99],Metric,0.21240234375
09/27/2026 12:49:39,Transceiver,transceiver_requests_total_SumRequestSumResponse (requests / 1 sec),Rate,794
09/27/2026 12:49:40,Transceiver,transceiver_requests_slow_total_SumRequestSumResponse (requests / 1 sec)[elapsed=00:00:10.6627140;request=Transceiver.Demo.SumRequest],Rate,0
09/27/2026 12:49:40,Transceiver,transceiver_requests_total_MultiplyRequestMultiplyResponse (requests / 1 sec),Rate,974
09/27/2026 12:49:40,Transceiver,transceiver_requests_slow_total_MultiplyRequestMultiplyResponse (requests / 1 sec)[elapsed=00:00:10.6628511;request=Transceiver.Demo.MultiplyRequest],Rate,0
09/27/2026 12:49:40,Transceiver,transceiver_requests_slow_total_MultiplyRequestMultiplyResponse (requests / 1 sec)[elapsed=00:00:16.1271178;request=Transceiver.Demo.MultiplyRequest],Rate,0
09/27/2026 12:49:40,Transceiver,transceiver_receive_object_duration (ms)[Percentile=50],Metric,0.04278564453125
09/27/2026 12:49:40,Transceiver,transceiver_receive_object_duration (ms)[Percentile=95],Metric,0.0889892578125
09/27/2026 12:49:40,Transceiver,transceiver_receive_object_duration (ms)[Percentile=99],Metric,0.14404296875
09/27/2026 12:49:40,Transceiver,transceiver_requests_total_SumRequestSumResponse (requests / 1 sec),Rate,988
09/27/2026 12:49:41,Transceiver,transceiver_requests_slow_total_SumRequestSumResponse (requests / 1 sec)[elapsed=00:00:10.6627140;request=Transceiver.Demo.SumRequest],Rate,0
09/27/2026 12:49:41,Transceiver,transceiver_requests_total_MultiplyRequestMultiplyResponse (requests / 1 sec),Rate,1045
09/27/2026 12:49:41,Transceiver,transceiver_requests_slow_total_MultiplyRequestMultiplyResponse (requests / 1 sec)[elapsed=00:00:10.6628511;request=Transceiver.Demo.MultiplyRequest],Rate,0
09/27/2026 12:49:41,Transceiver,transceiver_requests_slow_total_MultiplyRequestMultiplyResponse (requests / 1 sec)[elapsed=00:00:16.1271178;request=Transceiver.Demo.MultiplyRequest],Rate,0
09/27/2026 12:49:41,Transceiver,transceiver_receive_object_duration (ms)[Percentile=50],Metric,0.04534912109375
09/27/2026 12:49:41,Transceiver,transceiver_receive_object_duration (ms)[Percentile=95],Metric,0.0889892578125
09/27/2026 12:49:41,Transceiver,transceiver_receive_object_duration (ms)[Percentile=99],Metric,0.1328125
09/27/2026 12:49:41,Transceiver,transceiver_requests_total_SumRequestSumResponse (requests / 1 sec),Rate,1057
09/27/2026 12:49:42,Transceiver,transceiver_requests_slow_total_SumRequestSumResponse (requests / 1 sec)[elapsed=00:00:10.6627140;request=Transceiver.Demo.SumRequest],Rate,0
09/27/2026 12:49:42,Transceiver,transceiver_requests_total_MultiplyRequestMultiplyResponse (requests / 1 sec),Rate,947
09/27/2026 12:49:42,Transceiver,transceiver_requests_slow_total_MultiplyRequestMultiplyResponse (requests / 1 sec)[elapsed=00:00:10.6628511;request=Transceiver.Demo.MultiplyRequest],Rate,0
09/27/2026 12:49:42,Transceiver,transceiver_requests_slow_total_MultiplyRequestMultiplyResponse (requests / 1 sec)[elapsed=00:00:16.1271178;request=Transceiver.Demo.MultiplyRequest],Rate,0
09/27/2026 12:49:42,Transceiver,transceiver_receive_object_duration (ms)[Percentile=50],Metric,0.0496826171875
09/27/2026 12:49:42,Transceiver,transceiver_receive_object_duration (ms)[Percentile=95],Metric,0.11962890625
09/27/2026 12:49:42,Transceiver,transceiver_receive_object_duration (ms)[Percentile=99],Metric,0.25341796875
09/27/2026 12:49:42,Transceiver,transceiver_requests_total_SumRequestSumResponse (requests / 1 sec),Rate,931
09/27/2026 12:49:43,Transceiver,transceiver_requests_slow_total_SumRequestSumResponse (requests / 1 sec)[elapsed=00:00:10.6627140;request=Transceiver.Demo.SumRequest],Rate,0
09/27/2026 12:49:43,Transceiver,transceiver_requests_total_MultiplyRequestMultiplyResponse (requests / 1 sec),Rate,826
09/27/2026 12:49:43,Transceiver,transceiver_requests_slow_total_MultiplyRequestMultiplyResponse (requests / 1 sec)[elapsed=00:00:10.6628511;request=Transceiver.Demo.MultiplyRequest],Rate,0
09/27/2026 12:49:43,Transceiver,transceiver_requests_slow_total_MultiplyRequestMultiplyResponse (requests / 1 sec)[elapsed=00:00:16.1271178;request=Transceiver.Demo.MultiplyRequest],Rate,0
09/27/2026 12:49:43,Transceiver,transceiver_receive_object_duration (ms)[Percentile=50],Metric,0.0489501953125
09/27/2026 12:49:43,Transceiver,transceiver_receive_object_duration (ms)[Percentile=95],Metric,0.1103515625
09/27/2026 12:49:43,Transceiver,transceiver_receive_object_duration (ms)[Percentile=99],Metric,0.16455078125
09/27/2026 12:49:43,Transceiver,transceiver_requests_total_SumRequestSumResponse (requests / 1 sec),Rate,827
09/27/2026 12:49:44,Transceiver,transceiver_requests_slow_total_SumRequestSumResponse (requests / 1 sec)[elapsed=00:00:10.6627140;request=Transceiver.Demo.SumRequest],Rate,0
09/27/2026 12:49:44,Transceiver,transceiver_requests_total_MultiplyRequestMultiplyResponse (requests / 1 sec),Rate,804
09/27/2026 12:49:44,Transceiver,transceiver_requests_slow_total_MultiplyRequestMultiplyResponse (requests / 1 sec)[elapsed=00:00:10.6628511;request=Transceiver.Demo.MultiplyRequest],Rate,0
09/27/2026 12:49:44,Transceiver,transceiver_requests_slow_total_MultiplyRequestMultiplyResponse (requests / 1 sec)[elapsed=00:00:16.1271178;request=Transceiver.Demo.MultiplyRequest],Rate,0
09/27/2026 12:49:44,Transceiver,transceiver_receive_object_duration (ms)[Percentile=50],Metric,0.0506591796875
09/27/2026 12:49:44,Transceiver,transceiver_receive_object_duration (ms)[Percentile=95],Metric,0.0977783203125
09/27/2026 12:49:44,Transceiver,transceiver_receive_object_duration (ms)[Percentile=99],Metric,0.15380859375
09/27/2026 12:49:44,Transceiver,transceiver_requests_total_SumRequestSumResponse (requests / 1 sec),Rate,804
09/27/2026 12:49:45,Transceiver,transceiver_requests_slow_total_SumRequestSumResponse (requests / 1 sec)[elapsed=00:00:10.6627140;request=Transceiver.Demo.SumRequest],Rate,0
09/27/2026 12:49:45,Transceiver,transceiver_requests_total_MultiplyRequestMultiplyResponse (requests / 1 sec),Rate,1133
09/27/2026 12:49:45,Transceiver,transceiver_requests_slow_total_MultiplyRequestMultiplyResponse (requests / 1 sec)[elapsed=00:00:10.6628511;request=Transceiver.Demo.MultiplyRequest],Rate,0
09/27/2026 12:49:45,Transceiver,transceiver_requests_slow_total_MultiplyRequestMultiplyResponse (requests / 1 sec)[elapsed=00:00:16.1271178;request=Transceiver.Demo.MultiplyRequest],Rate,0
09/27/2026 12:49:45,Transceiver,transceiver_receive_object_duration (ms)[Percentile=50],Metric,0.04315185546875
09/27/2026 12:49:45,Transceiver,transceiver_receive_object_duration (ms)[Percentile=95],Metric,0.0794677734375
09/27/2026 12:49:45,Transceiver,transceiver_receive_object_duration (ms)[Percentile=99],Metric,0.1214599609375
09/27/2026 12:49:45,Transceiver,transceiver_requests_total_SumRequestSumResponse (requests / 1 sec),Rate,1139
09/27/2026 12:49:46,Transceiver,transceiver_requests_slow_total_SumRequestSumResponse (requests / 1 sec)[elapsed=00:00:10.6627140;request=Transceiver.Demo.SumRequest],Rate,0
09/27/2026 12:49:46,Transceiver,transceiver_requests_total_MultiplyRequestMultiplyResponse (requests / 1 sec),Rate,839
09/27/2026 12:49:46,Transceiver,transceiver_requests_slow_total_MultiplyRequestMultiplyResponse (requests / 1 sec)[elapsed=00:00:10.6628511;request=Transceiver.Demo.MultiplyRequest],Rate,0
09/27/2026 12:49:46,Transceiver,transceiver_requests_slow_total_MultiplyRequestMultiplyResponse (requests / 1 sec)[elapsed=00:00:16.1271178;request=Transceiver.Demo.MultiplyRequest],Rate,0
09/27/2026 12:49:46,Transceiver,transceiver_receive_object_duration (ms)[Percentile=50],Metric,0.04345703125
09/27/2026 12:49:46,Transceiver,transceiver_receive_object_duration (ms)[Percentile=95],Metric,0.0885009765625
09/27/2026 12:49:46,Transceiver,transceiver_receive_object_duration (ms)[Percentile=99],Metric,0.146240234375
09/27/2026 12:49:46,Transceiver,transceiver_requests_total_SumRequestSumResponse (requests / 1 sec),Rate,834
09/27/2026 12:49:47,Transceiver,transceiver_requests_slow_total_SumRequestSumResponse (requests / 1 sec)[elapsed=00:00:10.6627140;request=Transceiver.Demo.SumRequest],Rate,0
09/27/2026 12:49:47,Transceiver,transceiver_requests_total_MultiplyRequestMultiplyResponse (requests / 1 sec),Rate,1226
09/27/2026 12:49:47,Transceiver,transceiver_requests_slow_total_MultiplyRequestMultiplyResponse (requests / 1 sec)[elapsed=00:00:10.6628511;request=Transceiver.Demo.MultiplyRequest],Rate,0
09/27/2026 12:49:47,Transceiver,transceiver_requests_slow_total_MultiplyRequestMultiplyResponse (requests / 1 sec)[elapsed=00:00:16.1271178;request=Transceiver.Demo.MultiplyRequest],Rate,0
09/27/2026 12:49:47,Transceiver,transceiver_receive_object_duration (ms)[Percentile=50],Metric,0.0450439453125
09/27/2026 12:49:47,Transceiver,transceiver_receive_object_duration (ms)[Percentile=95],Metric,0.0859375
09/27/2026 12:49:47,Transceiver,transceiver_receive_object_duration (ms)[Percentile=99],Metric,0.13720703125
09/27/2026 12:49:47,Transceiver,transceiver_requests_total_SumRequestSumResponse (requests / 1 sec),Rate,1239
09/27/2026 12:49:48,Transceiver,transceiver_requests_slow_total_SumRequestSumResponse (requests / 1 sec)[elapsed=00:00:10.6627140;request=Transceiver.Demo.SumRequest],Rate,0
09/27/2026 12:49:48,Transceiver,transceiver_requests_total_MultiplyRequestMultiplyResponse (requests / 1 sec),Rate,764
09/27/2026 12:49:48,Transceiver,transceiver_requests_slow_total_MultiplyRequestMultiplyResponse (requests / 1 sec)[elapsed=00:00:10.6628511;request=Transceiver.Demo.MultiplyRequest],Rate,0
09/27/2026 12:49:48,Transceiver,transceiver_requests_slow_total_MultiplyRequestMultiplyResponse (requests / 1 sec)[elapsed=00:00:16.1271178;request=Transceiver.Demo.MultiplyRequest],Rate,0
09/27/2026 12:49:48,Transceiver,transceiver_receive_object_duration (ms)[Percentile=50],Metric,0.0447998046875
09/27/2026 12:49:48,Transceiver,transceiver_receive_object_duration (ms)[Percentile=95],Metric,0.0980224609375
09/27/2026 12:49:48,Transceiver,transceiver_receive_object_duration (ms)[Percentile=99],Metric,0.161376953125
09/27/2026 12:49:48,Transceiver,transceiver_requests_total_SumRequestSumResponse (requests / 1 sec),Rate,778
09/27/2026 12:49:49,Transceiver,transceiver_requests_slow_total_SumRequestSumResponse (requests / 1 sec)[elapsed=00:00:10.6627140;request=Transceiver.Demo.SumRequest],Rate,0
09/27/2026 12:49:49,Transceiver,transceiver_requests_total_MultiplyRequestMultiplyResponse (requests / 1 sec),Rate,928
09/27/2026 12:49:49,Transceiver,transceiver_requests_slow_total_MultiplyRequestMultiplyResponse (requests / 1 sec)[elapsed=00:00:10.6628511;request=Transceiver.Demo.MultiplyRequest],Rate,0
09/27/2026 12:49:49,Transceiver,transceiver_requests_slow_total_MultiplyRequestMultiplyResponse (requests / 1 sec)[elapsed=00:00:16.1271178;request=Transceiver.Demo.MultiplyRequest],Rate,0
09/27/2026 12:49:49,Transceiver,transceiver_receive_object_duration (ms)[Percentile=50],Metric,0.04095458984375
09/27/2026 12:49:49,Transceiver,transceiver_receive_object_duration (ms)[Percentile=95],Metric,0.072509765625
09/27/2026 12:49:49,Transceiver,transceiver_receive_object_duration (ms)[Percentile=99],Metric,0.10888671875
09/27/2026 12:49:49,Transceiver,transceiver_requests_total_SumRequestSumResponse (requests / 1 sec),Rate,949
09/27/2026 12:49:50,Transceiver,transceiver_requests_slow_total_SumRequestSumResponse (requests / 1 sec)[elapsed=00:00:10.6627140;request=Transceiver.Demo.SumRequest],Rate,0
09/27/2026 12:49:50,Transceiver,transceiver_requests_total_MultiplyRequestMultiplyResponse (requests / 1 sec),Rate,1272
09/27/2026 12:49:50,Transceiver,transceiver_requests_slow_total_MultiplyRequestMultiplyResponse (requests / 1 sec)[elapsed=00:00:10.6628511;request=Transceiver.Demo.MultiplyRequest],Rate,0
09/27/2026 12:49:50,Transceiver,transceiver_requests_slow_total_MultiplyRequestMultiplyResponse (requests / 1 sec)[elapsed=00:00:16.1271178;request=Transceiver.Demo.MultiplyRequest],Rate,0
09/27/2026 12:49:50,Transceiver,transceiver_receive_object_duration (ms)[Percentile=50],Metric,0.0389404296875
09/27/2026 12:49:50,Transceiver,transceiver_receive_object_duration (ms)[Percentile=95],Metric,0.071533203125
09/27/2026 12:49:50,Transceiver,transceiver_receive_object_duration (ms)[Percentile=99],Metric,0.126708984375
09/27/2026 12:49:50,Transceiver,transceiver_requests_total_SumRequestSumResponse (requests / 1 sec),Rate,1284
09/27/2026 12:49:51,Transceiver,transceiver_requests_slow_total_SumRequestSumResponse (requests / 1 sec)[elapsed=00:00:10.6627140;request=Transceiver.Demo.SumRequest],Rate,0
09/27/2026 12:49:51,Transceiver,transceiver_requests_total_MultiplyRequestMultiplyResponse (requests / 1 sec),Rate,894
09/27/2026 12:49:51,Transceiver,transceiver_requests_slow_total_MultiplyRequestMultiplyResponse (requests / 1 sec)[elapsed=00:00:10.6628511;request=Transceiver.Demo.MultiplyRequest],Rate,0
09/27/2026 12:49:51,Transceiver,transceiver_requests_slow_total_MultiplyRequestMultiplyResponse (requests / 1 sec)[elapsed=00:00:16.1271178;request=Transceiver.Demo.MultiplyRequest],Rate,0
09/27/2026 12:49:51,Transceiver,transceiver_receive_object_duration (ms)[Percentile=50],Metric,0.0401611328125
09/27/2026 12:49:51,Transceiver,transceiver_receive_object_duration (ms)[Percentile=95],Metric,0.0816650390625
09/27/2026 12:49:51,Transceiver,transceiver_receive_object_duration (ms)[Percentile=99],Metric,0.13330078125
09/27/2026 12:49:51,Transceiver,transceiver_requests_total_SumRequestSumResponse (requests / 1 sec),Rate,893
09/27/2026 12:49:52,Transceiver,transceiver_requests_slow_total_SumRequestSumResponse (requests / 1 sec)[elapsed=00:00:10.6627140;request=Transceiver.Demo.SumRequest],Rate,0
09/27/2026 12:49:52,Transceiver,transceiver_requests_total_MultiplyRequestMultiplyResponse (requests / 1 sec),Rate,914
09/27/2026 12:49:52,Transceiver,transceiver_requests_slow_total_MultiplyRequestMultiplyResponse (requests / 1 sec)[elapsed=00:00:10.6628511;request=Transceiver.Demo.MultiplyRequest],Rate,0
09/27/2026 12:49:52,Transceiver,transceiver_requests_slow_total_MultiplyRequestMultiplyResponse (requests / 1 sec)[elapsed=00:00:16.1271178;request=Transceiver.Demo.MultiplyRequest],Rate,0
09/27/2026 12:49:52,Transceiver,transceiver_receive_object_duration (ms)[Percentile=50],Metric,0.04437255859375
09/27/2026 12:49:52,Transceiver,transceiver_receive_object_duration (ms)[Percentile=95],Metric,0.07958984375
09/27/2026 12:49:52,Transceiver,transceiver_receive_object_duration (ms)[Percentile=99],Metric,0.115478515625
09/27/2026 12:49:52,Transceiver,transceiver_requests_total_SumRequestSumResponse (requests / 1 sec),Rate,915
09/27/2026 12:49:53,Transceiver,transceiver_requests_slow_total_SumRequestSumResponse (requests / 1 sec)[elapsed=00:00:10.6627140;request=Transceiver.Demo.SumRequest],Rate,0
09/27/2026 12:49:53,Transceiver,transceiver_requests_total_MultiplyRequestMultiplyResponse (requests / 1 sec),Rate,758
09/27/2026 12:49:53,Transceiver,transceiver_requests_slow_total_MultiplyRequestMultiplyResponse (requests / 1 sec)[elapsed=00:00:10.6628511;request=Transceiver.Demo.MultiplyRequest],Rate,0
09/27/2026 12:49:53,Transceiver,transceiver_requests_slow_total_MultiplyRequestMultiplyResponse (requests / 1 sec)[elapsed=00:00:16.1271178;request=Transceiver.Demo.MultiplyRequest],Rate,0
09/27/2026 12:49:53,Transceiver,transceiver_receive_object_duration (ms)[Percentile=50],Metric,0.04498291015625
09/27/2026 12:49:53,Transceiver,transceiver_receive_object_duration (ms)[Percentile=95],Metric,0.10205078125
09/27/2026 12:49:53,Transceiver,transceiver_receive_object_duration (ms)[Percentile=99],Metric,0.28857421875
09/27/2026 12:49:53,Transceiver,transceiver_requests_total_SumRequestSumResponse (requests / 1 sec),Rate,736
09/27/2026 12:49:54,Transceiver,transceiver_requests_slow_total_SumRequestSumResponse (requests / 1 sec)[elapsed=00:00:10.6627140;request=Transceiver.Demo.SumRequest],Rate,0
09/27/2026 12:49:54,Transceiver,transceiver_requests_total_MultiplyRequestMultiplyResponse (requests / 1 sec),Rate,1049
09/27/2026 12:49:54,Transceiver,transceiver_requests_slow_total_MultiplyRequestMultiplyResponse (requests / 1 sec)[elapsed=00:00:10.6628511;request=Transceiver.Demo.MultiplyRequest],Rate,0
09/27/2026 12:49:54,Transceiver,transceiver_requests_slow_total_MultiplyRequestMultiplyResponse (requests / 1 sec)[elapsed=00:00:16.1271178;request=Transceiver.Demo.MultiplyRequest],Rate,0
09/27/2026 12:49:54,Transceiver,transceiver_receive_object_duration (ms)[Percentile=50],Metric,0.0391845703125
09/27/2026 12:49:54,Transceiver,transceiver_receive_object_duration (ms)[Percentile=95],Metric,0.0789794921875
09/27/2026 12:49:54,Transceiver,transceiver_receive_object_duration (ms)[Percentile=99],Metric,0.127685546875
09/27/2026 12:49:54,Transceiver,transceiver_requests_total_SumRequestSumResponse (requests / 1 sec),Rate,1055
09/27/2026 12:49:55,Transceiver,transceiver_requests_slow_total_SumRequestSumResponse (requests / 1 sec)[elapsed=00:00:10.6627140;request=Transceiver.Demo.SumRequest],Rate,0
09/27/2026 12:49:55,Transceiver,transceiver_requests_total_MultiplyRequestMultiplyResponse (requests / 1 sec),Rate,836
09/27/2026 12:49:55,Transceiver,transceiver_requests_slow_total_MultiplyRequestMultiplyResponse (requests / 1 sec)[elapsed=00:00:10.6628511;request=Transceiver.Demo.MultiplyRequest],Rate,0
09/27/2026 12:49:55,Transceiver,transceiver_requests_slow_total_MultiplyRequestMultiplyResponse (requests / 1 sec)[elapsed=00:00:16.1271178;request=Transceiver.Demo.MultiplyRequest],Rate,0
09/27/2026 12:49:55,Transceiver,transceiver_receive_object_duration (ms)[Percentile=50],Metric,0.0379638671875
09/27/2026 12:49:55,Transceiver,transceiver_receive_object_duration (ms)[Percentile=95],Metric,0.0927734375
09/27/2026 12:49:55,Transceiver,transceiver_receive_object_duration (ms)[Percentile=99],Metric,0.203369140625
09/27/2026 12:49:55,Transceiver,transceiver_requests_total_SumRequestSumResponse (requests / 1 sec),Rate,866
09/27/2026 12:49:56,Transceiver,transceiver_requests_slow_total_SumRequestSumResponse (requests / 1 sec)[elapsed=00:00:10.6627140;request=Transceiver.Demo.SumRequest],Rate,0
09/27/2026 12:49:56,Transceiver,transceiver_requests_total_MultiplyRequestMultiplyResponse (requests / 1 sec),Rate,1189
09/27/2026 12:49:56,Transceiver,transceiver_requests_slow_total_MultiplyRequestMultiplyResponse (requests / 1 sec)[elapsed=00:00:10.6628511;request=Transceiver.Demo.MultiplyRequest],Rate,0
09/27/2026 12:49:56,Transceiver,transceiver_requests_slow_total_MultiplyRequestMultiplyResponse (requests / 1 sec)[elapsed=00:00:16.1271178;request=Transceiver.Demo.MultiplyRequest],Rate,0
09/27/2026 12:49:56,Transceiver,transceiver_receive_object_duration (ms)[Percentile=50],Metric,0.04107666015625
09/27/2026 12:49:56,Transceiver,transceiver_receive_object_duration (ms)[Percentile=95],Metric,0.07666015625
09/27/2026 12:49:56,Transceiver,transceiver_receive_object_duration (ms)[Percentile=99],Metric,0.1170654296875
09/27/2026 12:49:56,Transceiver,transceiver_requests_total_SumRequestSumResponse (requests / 1 sec),Rate,1174
09/27/2026 12:49:57,Transceiver,transceiver_requests_slow_total_SumRequestSumResponse (requests / 1 sec)[elapsed=00:00:10.6627140;request=Transceiver.Demo.SumRequest],Rate,0
09/27/2026 12:49:57,Transceiver,transceiver_requests_total_MultiplyRequestMultiplyResponse (requests / 1 sec),Rate,1170
09/27/2026 12:49:57,Transceiver,transceiver_requests_slow_total_MultiplyRequestMultiplyResponse (requests / 1 sec)[elapsed=00:00:10.6628511;request=Transceiver.Demo.MultiplyRequest],Rate,0
09/27/2026 12:49:57,Transceiver,transceiver_requests_slow_total_MultiplyRequestMultiplyResponse (requests / 1 sec)[elapsed=00:00:16.1271178;request=Transceiver.Demo.MultiplyRequest],Rate,0
09/27/2026 12:49:57,Transceiver,transceiver_receive_object_duration (ms)[Percentile=50],Metric,0.0406494140625
09/27/2026 12:49:57,Transceiver,transceiver_receive_object_duration (ms)[Percentile=95],Metric,0.0723876953125
09/27/2026 12:49:57,Transceiver,transceiver_receive_object_duration (ms)[Percentile=99],Metric,0.135498046875
09/27/2026 12:49:57,Transceiver,transceiver_requests_total_SumRequestSumResponse (requests / 1 sec),Rate,1171
09/27/2026 12:49:58,Transceiver,transceiver_requests_slow_total_SumRequestSumResponse (requests / 1 sec)[elapsed=00:00:10.6627140;request=Transceiver.Demo.SumRequest],Rate,0
09/27/2026 12:49:58,Transceiver,transceiver_requests_total_MultiplyRequestMultiplyResponse (requests / 1 sec),Rate,902
09/27/2026 12:49:58,Transceiver,transceiver_requests_slow_total_MultiplyRequestMultiplyResponse (requests / 1 sec)[elapsed=00:00:10.6628511;request=Transceiver.Demo.MultiplyRequest],Rate,0
09/27/2026 12:49:58,Transceiver,transceiver_requests_slow_total_MultiplyRequestMultiplyResponse (requests / 1 sec)[elapsed=00:00:16.1271178;request=Transceiver.Demo.MultiplyRequest],Rate,0
09/27/2026 12:49:58,Transceiver,transceiver_receive_object_duration (ms)[Percentile=50],Metric,0.04364013671875
09/27/2026 12:49:58,Transceiver,transceiver_receive_object_duration (ms)[Percentile=95],Metric,0.0828857421875
09/27/2026 12:49:58,Transceiver,transceiver_receive_object_duration (ms)[Percentile=99],Metric,0.140380859375
09/27/2026 12:49:58,Transceiver,transceiver_requests_total_SumRequestSumResponse (requests / 1 sec),Rate,923
09/27/2026 12:49:59,Transceiver,transceiver_requests_slow_total_SumRequestSumResponse (requests / 1 sec)[elapsed=00:00:10.6627140;request=Transceiver.Demo.SumRequest],Rate,0
09/27/2026 12:49:59,Transceiver,transceiver_requests_total_MultiplyRequestMultiplyResponse (requests / 1 sec),Rate,937
09/27/2026 12:49:59,Transceiver,transceiver_requests_slow_total_MultiplyRequestMultiplyResponse (requests / 1 sec)[elapsed=00:00:10.6628511;request=Transceiver.Demo.MultiplyRequest],Rate,0
09/27/2026 12:49:59,Transceiver,transceiver_requests_slow_total_MultiplyRequestMultiplyResponse (requests / 1 sec)[elapsed=00:00:16.1271178;request=Transceiver.Demo.MultiplyRequest],Rate,0
09/27/2026 12:49:59,Transceiver,transceiver_receive_object_duration (ms)[Percentile=50],Metric,0.03955078125
09/27/2026 12:49:59,Transceiver,transceiver_receive_object_duration (ms)[Percentile=95],Metric,0.096923828125
09/27/2026 12:49:59,Transceiver,transceiver_receive_object_duration (ms)[Percentile=99],Metric,0.150146484375
09/27/2026 12:49:59,Transceiver,transceiver_requests_total_SumRequestSumResponse (requests / 1 sec),Rate,929
09/27/2026 12:50:00,Transceiver,transceiver_requests_slow_total_SumRequestSumResponse (requests / 1 sec)[elapsed=00:00:10.6627140;request=Transceiver.Demo.SumRequest],Rate,0
09/27/2026 12:50:00,Transceiver,transceiver_requests_total_MultiplyRequestMultiplyResponse (requests / 1 sec),Rate,926
09/27/2026 12:50:00,Transceiver,transceiver_requests_slow_total_MultiplyRequestMultiplyResponse (requests / 1 sec)[elapsed=00:00:10.6628511;request=Transceiver.Demo.MultiplyRequest],Rate,0
09/27/2026 12:50:00,Transceiver,transceiver_requests_slow_total_MultiplyRequestMultiplyResponse (requests / 1 sec)[elapsed=00:00:16.1271178;request=Transceiver.Demo.MultiplyRequest],Rate,0
09/27/2026 12:50:00,Transceiver,transceiver_receive_object_duration (ms)[Percentile=50],Metric,0.0406494140625
09/27/2026 12:50:00,Transceiver,transceiver_receive_object_duration (ms)[Percentile=95],Metric,0.0838623046875
09/27/2026 12:50:00,Transceiver,transceiver_receive_object_duration (ms)[Percentile=99],Metric,0.1591796875
09/27/2026 12:50:00,Transceiver,transceiver_requests_total_SumRequestSumResponse (requests / 1 sec),Rate,938
09/27/2026 12:50:01,Transceiver,transceiver_requests_slow_total_SumRequestSumResponse (requests / 1 sec)[elapsed=00:00:10.6627140;request=Transceiver.Demo.SumRequest],Rate,0
09/27/2026 12:50:01,Transceiver,transceiver_requests_total_MultiplyRequestMultiplyResponse (requests / 1 sec),Rate,1404
09/27/2026 12:50:01,Transceiver,transceiver_requests_slow_total_MultiplyRequestMultiplyResponse (requests / 1 sec)[elapsed=00:00:10.6628511;request=Transceiver.Demo.MultiplyRequest],Rate,0
09/27/2026 12:50:01,Transceiver,transceiver_requests_slow_total_MultiplyRequestMultiplyResponse (requests / 1 sec)[elapsed=00:00:16.1271178;request=Transceiver.Demo.MultiplyRequest],Rate,0
09/27/2026 12:50:01,Transceiver,transceiver_receive_object_duration (ms)[Percentile=50],Metric,0.03857421875
09/27/2026 12:50:01,Transceiver,transceiver_receive_object_duration (ms)[Percentile=95],Metric,0.0743408203125
09/27/2026 12:50:01,Transceiver,transceiver_receive_object_duration (ms)[Percentile=99],Metric,0.1204833984375
09/27/2026 12:50:01,Transceiver,transceiver_requests_total_SumRequestSumResponse (requests / 1 sec),Rate,1407
09/27/2026 12:50:02,Transceiver,transceiver_requests_slow_total_SumRequestSumResponse (requests / 1 sec)[elapsed=00:00:10.6627140;request=Transceiver.Demo.SumRequest],Rate,0
09/27/2026 12:50:02,Transceiver,transceiver_requests_total_MultiplyRequestMultiplyResponse (requests / 1 sec),Rate,889
09/27/2026 12:50:02,Transceiver,transceiver_requests_slow_total_MultiplyRequestMultiplyResponse (requests / 1 sec)[elapsed=00:00:10.6628511;request=Transceiver.Demo.MultiplyRequest],Rate,0
09/27/2026 12:50:02,Transceiver,transceiver_requests_slow_total_MultiplyRequestMultiplyResponse (requests / 1 sec)[elapsed=00:00:16.1271178;request=Transceiver.Demo.MultiplyRequest],Rate,0
09/27/2026 12:50:02,Transceiver,transceiver_receive_object_duration (ms)[Percentile=50],Metric,0.0401611328125
09/27/2026 12:50:02,Transceiver,transceiver_receive_object_duration (ms)[Percentile=95],Metric,0.0828857421875
09/27/2026 12:50:02,Transceiver,transceiver_receive_object_duration (ms)[Percentile=99],Metric,0.14892578125
09/27/2026 12:50:02,Transceiver,transceiver_requests_total_SumRequestSumResponse (requests / 1 sec),Rate,888
09/27/2026 12:50:03,Transceiver,transceiver_requests_slow_total_SumRequestSumResponse (requests / 1 sec)[elapsed=00:00:10.6627140;request=Transceiver.Demo.SumRequest],Rate,0
09/27/2026 12:50:03,Transceiver,transceiver_requests_total_MultiplyRequestMultiplyResponse (requests / 1 sec),Rate,736
09/27/2026 12:50:03,Transceiver,transceiver_requests_slow_total_MultiplyRequestMultiplyResponse (requests / 1 sec)[elapsed=00:00:10.6628511;request=Transceiver.Demo.MultiplyRequest],Rate,0
09/27/2026 12:50:03,Transceiver,transceiver_requests_slow_total_MultiplyRequestMultiplyResponse (requests / 1 sec)[elapsed=00:00:16.1271178;request=Transceiver.Demo.MultiplyRequest],Rate,0
09/27/2026 12:50:03,Transceiver,transceiver_receive_object_duration (ms)[Percentile=50],Metric,0.03924560546875
09/27/2026 12:50:03,Transceiver,transceiver_receive_object_duration (ms)[Percentile=95],Metric,0.09814453125
09/27/2026 12:50:03,Transceiver,transceiver_receive_object_duration (ms)[Percentile=99],Metric,0.26611328125
09/27/2026 12:50:03,Transceiver,transceiver_requests_total_SumRequestSumResponse (requests / 1 sec),Rate,741
09/27/2026 12:50:04,Transceiver,transceiver_requests_slow_total_SumRequestSumResponse (requests / 1 sec)[elapsed=00:00:10.6627140;request=Transceiver.Demo.SumRequest],Rate,0
09/27/2026 12:50:04,Transceiver,transceiver_requests_total_MultiplyRequestMultiplyResponse (requests / 1 sec),Rate,997
09/27/2026 12:50:04,Transceiver,transceiver_requests_slow_total_MultiplyRequestMultiplyResponse (requests / 1 sec)[elapsed=00:00:10.6628511;request=Transceiver.Demo.MultiplyRequest],Rate,0
09/27/2026 12:50:04,Transceiver,transceiver_requests_slow_total_MultiplyRequestMultiplyResponse (requests / 1 sec)[elapsed=00:00:16.1271178;request=Transceiver.Demo.MultiplyRequest],Rate,0
09/27/2026 12:50:04,Transceiver,transceiver_receive_object_duration (ms)[Percentile=50],Metric,0.04058837890625
09/27/2026 12:50:04,Transceiver,transceiver_receive_object_duration (ms)[Percentile=95],Metric,0.08154296875
09/27/2026 12:50:04,Transceiver,transceiver_receive_object_duration (ms)[Percentile=99],Metric,0.1204833984375
09/27/2026 12:50:04,Transceiver,transceiver_requests_total_SumRequestSumResponse (requests / 1 sec),Rate,1000
09/27/2026 12:50:05,Transceiver,transceiver_requests_slow_total_SumRequestSumResponse (requests / 1 sec)[elapsed=00:00:10.6627140;request=Transceiver.Demo.SumRequest],Rate,0
09/27/2026 12:50:05,Transceiver,transceiver_requests_total_MultiplyRequestMultiplyResponse (requests / 1 sec),Rate,967
09/27/2026 12:50:05,Transceiver,transceiver_requests_slow_total_MultiplyRequestMultiplyResponse (requests / 1 sec)[elapsed=00:00:10.6628511;request=Transceiver.Demo.MultiplyRequest],Rate,0
09/27/2026 12:50:05,Transceiver,transceiver_requests_slow_total_MultiplyRequestMultiplyResponse (requests / 1 sec)[elapsed=00:00:16.1271178;request=Transceiver.Demo.MultiplyRequest],Rate,0
09/27/2026 12:50:05,Transceiver,transceiver_receive_object_duration (ms)[Percentile=50],Metric,0.03985595703125
09/27/2026 12:50:05,Transceiver,transceiver_receive_object_duration (ms)[Percentile=95],Metric,0.0811767578125
09/27/2026 12:50:05,Transceiver,transceiver_receive_object_duration (ms)[Percentile=99],Metric,0.1192626953125
09/27/2026 12:50:05,Transceiver,transceiver_requests_total_SumRequestSumResponse (requests / 1 sec),Rate,965
09/27/2026 12:50:06,Transceiver,transceiver_requests_slow_total_SumRequestSumResponse (requests / 1 sec)[elapsed=00:00:10.6627140;request=Transceiver.Demo.SumRequest],Rate,0
09/27/2026 12:50:06,Transceiver,transceiver_requests_total_MultiplyRequestMultiplyResponse (requests / 1 sec),Rate,1182
09/27/2026 12:50:06,Transceiver,transceiver_requests_slow_total_MultiplyRequestMultiplyResponse (requests / 1 sec)[elapsed=00:00:10.6628511;request=Transceiver.Demo.MultiplyRequest],Rate,0
09/27/2026 12:50:06,Transceiver,transceiver_requests_slow_total_MultiplyRequestMultiplyResponse (requests / 1 sec)[elapsed=00:00:16.1271178;request=Transceiver.Demo.MultiplyRequest],Rate,0
09/27/2026 12:50:06,Transceiver,transceiver_receive_object_duration (ms)[Percentile=50],Metric,0.04144287109375
09/27/2026 12:50:06,Transceiver,transceiver_receive_object_duration (ms)[Percentile=95],Metric,0.07568359375
09/27/2026 12:50:06,Transceiver,transceiver_receive_object_duration (ms)[Percentile=99],Metric,0.16015625
09/27/2026 12:50:06,Transceiver,transceiver_requests_total_SumRequestSumResponse (requests / 1 sec),Rate,1202
09/27/2026 12:50:07,Transceiver,transceiver_requests_slow_total_SumRequestSumResponse (requests / 1 sec)[elapsed=00:00:10.6627140;request=Transceiver.Demo.SumRequest],Rate,0
09/27/2026 12:50:07,Transceiver,transceiver_requests_total_MultiplyRequestMultiplyResponse (requests / 1 sec),Rate,999
09/27/2026 12:50:07,Transceiver,transceiver_requests_slow_total_MultiplyRequestMultiplyResponse (requests / 1 sec)[elapsed=00:00:10.6628511;request=Transceiver.Demo.MultiplyRequest],Rate,0
09/27/2026 12:50:07,Transceiver,transceiver_requests_slow_total_MultiplyRequestMultiplyResponse (requests / 1 sec)[elapsed=00:00:16.1271178;request=Transceiver.Demo.MultiplyRequest],Rate,0
09/27/2026 12:50:07,Transceiver,transceiver_receive_object_duration (ms)[Percentile=50],Metric,0.037841796875
09/27/2026 12:50:07,Transceiver,transceiver_receive_object_duration (ms)[Percentile=95],Metric,0.0751953125
09/27/2026 12:50:07,Transceiver,transceiver_receive_object_duration (ms)[Percentile=99],Metric,0.119384765625
09/27/2026 12:50:07,Transceiver,transceiver_requests_total_SumRequestSumResponse (requests / 1 sec),Rate,1013
09/27/2026 12:50:08,Transceiver,transceiver_requests_slow_total_SumRequestSumResponse (requests / 1 sec)[elapsed=00:00:10.6627140;request=Transceiver.Demo.SumRequest],Rate,0
09/27/2026 12:50:08,Transceiver,transceiver_requests_total_MultiplyRequestMultiplyResponse (requests / 1 sec),Rate,1244
09/27/2026 12:50:08,Transceiver,transceiver_requests_slow_total_MultiplyRequestMultiplyResponse (requests / 1 sec)[elapsed=00:00:10.6628511;request=Transceiver.Demo.MultiplyRequest],Rate,0
09/27/2026 12:50:08,Transceiver,transceiver_requests_slow_total_MultiplyRequestMultiplyResponse (requests / 1 sec)[elapsed=00:00:16.1271178;request=Transceiver.Demo.MultiplyRequest],Rate,0
09/27/2026 12:50:08,Transceiver,transceiver_receive_object_duration (ms)[Percentile=50],Metric,0.040283203125
09/27/2026 12:50:08,Transceiver,transceiver_receive_object_duration (ms)[Percentile=95],Metric,0.0721435546875
09/27/2026 12:50:08,Transceiver,transceiver_receive_object_duration (ms)[Percentile=99],Metric,0.1209716796875
09/27/2026 12:50:08,Transceiver,transceiver_requests_total_SumRequestSumResponse (requests / 1 sec),Rate,1232
09/27/2026 12:50:09,Transceiver,transceiver_requests_slow_total_SumRequestSumResponse (requests / 1 sec)[elapsed=00:00:10.6627140;request=Transceiver.Demo.SumRequest],Rate,0
09/27/2026 12:50:09,Transceiver,transceiver_requests_total_MultiplyRequestMultiplyResponse (requests / 1 sec),Rate,889
09/27/2026 12:50:09,Transceiver,transceiver_requests_slow_total_MultiplyRequestMultiplyResponse (requests / 1 sec)[elapsed=00:00:10.6628511;request=Transceiver.Demo.MultiplyRequest],Rate,0
09/27/2026 12:50:09,Transceiver,transceiver_requests_slow_total_MultiplyRequestMultiplyResponse (requests / 1 sec)[elapsed=00:00:16.1271178;request=Transceiver.Demo.MultiplyRequest],Rate,0
09/27/2026 12:50:09,Transceiver,transceiver_receive_object_duration (ms)[Percentile=50],Metric,0.04498291015625
09/27/2026 12:50:09,Transceiver,transceiver_receive_object_duration (ms)[Percentile=95],Metric,0.095458984375
09/27/2026 12:50:09,Transceiver,transceiver_receive_object_duration (ms)[Percentile=99],Metric,0.19140625
09/27/2026 12:50:09,Transceiver,transceiver_requests_total_SumRequestSumResponse (requests / 1 sec),Rate,908
09/27/2026 12:50:24,Transceiver,transceiver_requests_slow_total_SumRequestSumResponse (requests / 1 sec)[elapsed=00:00:10.6627140;request=Transceiver.Demo.SumRequest],Rate,0
09/27/2026 12:50:24,Transceiver,transceiver_requests_total_MultiplyRequestMultiplyResponse (requests / 1 sec),Rate,980
09/27/2026 12:50:24,Transceiver,transceiver_requests_slow_total_MultiplyRequestMultiplyResponse (requests / 1 sec)[elapsed=00:00:10.6628511;request=Transceiver.Demo.MultiplyRequest],Rate,0
09/27/2026 12:50:24,Transceiver,transceiver_requests_slow_total_MultiplyRequestMultiplyResponse (requests / 1 sec)[elapsed=00:00:16.1271178;request=Transceiver.Demo.MultiplyRequest],Rate,0
09/27/2026 12:50:24,Transceiver,transceiver_receive_object_duration (ms)[Percentile=50],Metric,0.0435791015625
09/27/2026 12:50:24,Transceiver,transceiver_receive_object_duration (ms)[Percentile=95],Metric,0.08203125
09/27/2026 12:50:24,Transceiver,transceiver_receive_object_duration (ms)[Percentile=99],Metric,0.132080078125
09/27/2026 12:50:24,Transceiver,transceiver_requests_total_SumRequestSumResponse (requests / 1 sec),Rate,989
09/27/2026 12:50:24,Transceiver,transceiver_requests_slow_total_SumRequestSumResponse (requests / 1 sec)[elapsed=00:00:10.6627140;request=Transceiver.Demo.SumRequest],Rate,0
09/27/2026 12:50:24,Transceiver,transceiver_requests_slow_total_SumRequestSumResponse (requests / 1 sec)[elapsed=00:00:13.4031411;request=Transceiver.Demo.SumRequest],Rate,1
09/27/2026 12:50:24,Transceiver,transceiver_requests_total_MultiplyRequestMultiplyResponse (requests / 1 sec),Rate,799
09/27/2026 12:50:24,Transceiver,transceiver_requests_slow_total_MultiplyRequestMultiplyResponse (requests / 1 sec)[elapsed=00:00:10.6628511;request=Transceiver.Demo.MultiplyRequest],Rate,0
09/27/2026 12:50:24,Transceiver,transceiver_requests_slow_total_MultiplyRequestMultiplyResponse (requests / 1 sec)[elapsed=00:00:16.1271178;request=Transceiver.Demo.MultiplyRequest],Rate,0
09/27/2026 12:50:24,Transceiver,transceiver_receive_object_duration (ms)[Percentile=50],Metric,0.0491943359375
09/27/2026 12:50:24,Transceiver,transceiver_receive_object_duration (ms)[Percentile=95],Metric,0.1011962890625
09/27/2026 12:50:24,Transceiver,transceiver_receive_object_duration (ms)[Percentile=99],Metric,0.18212890625
09/27/2026 12:50:24,Transceiver,transceiver_requests_total_SumRequestSumResponse (requests / 1 sec),Rate,800
09/27/2026 12:50:25,Transceiver,transceiver_requests_slow_total_SumRequestSumResponse (requests / 1 sec)[elapsed=00:00:10.6627140;request=Transceiver.Demo.SumRequest],Rate,0
09/27/2026 12:50:25,Transceiver,transceiver_requests_slow_total_SumRequestSumResponse (requests / 1 sec)[elapsed=00:00:13.4031411;request=Transceiver.Demo.SumRequest],Rate,0
09/27/2026 12:50:25,Transceiver,transceiver_requests_total_MultiplyRequestMultiplyResponse (requests / 1 sec),Rate,790
09/27/2026 12:50:25,Transceiver,transceiver_requests_slow_total_MultiplyRequestMultiplyResponse (requests / 1 sec)[elapsed=00:00:10.6628511;request=Transceiver.Demo.MultiplyRequest],Rate,0
09/27/2026 12:50:25,Transceiver,transceiver_requests_slow_total_MultiplyRequestMultiplyResponse (requests / 1 sec)[elapsed=00:00:16.1271178;request=Transceiver.Demo.MultiplyRequest],Rate,0
09/27/2026 12:50:25,Transceiver,transceiver_receive_object_duration (ms)[Percentile=50],Metric,0.05499267578125
09/27/2026 12:50:25,Transceiver,transceiver_receive_object_duration (ms)[Percentile=95],Metric,0.149658203125
09/27/2026 12:50:25,Transceiver,transceiver_receive_object_duration (ms)[Percentile=99],Metric,1.125
09/27/2026 12:50:25,Transceiver,transceiver_requests_total_SumRequestSumResponse (requests / 1 sec),Rate,804
09/27/2026 12:50:26,Transceiver,transceiver_requests_slow_total_SumRequestSumResponse (requests / 1 sec)[elapsed=00:00:10.6627140;request=Transceiver.Demo.SumRequest],Rate,0
09/27/2026 12:50:26,Transceiver,transceiver_requests_slow_total_SumRequestSumResponse (requests / 1 sec)[elapsed=00:00:13.4031411;request=Transceiver.Demo.SumRequest],Rate,0
09/27/2026 12:50:26,Transceiver,transceiver_requests_total_MultiplyRequestMultiplyResponse (requests / 1 sec),Rate,1231
09/27/2026 12:50:26,Transceiver,transceiver_requests_slow_total_MultiplyRequestMultiplyResponse (requests / 1 sec)[elapsed=00:00:10.6628511;request=Transceiver.Demo.MultiplyRequest],Rate,0
09/27/2026 12:50:26,Transceiver,transceiver_requests_slow_total_MultiplyRequestMultiplyResponse (requests / 1 sec)[elapsed=00:00:16.1271178;request=Transceiver.Demo.MultiplyRequest],Rate,0
09/27/2026 12:50:26,Transceiver,transceiver_receive_object_duration (ms)[Percentile=50],Metric,0.0423583984375
09/27/2026 12:50:26,Transceiver,transceiver_receive_object_duration (ms)[Percentile=95],Metric,0.0806884765625
09/27/2026 12:50:26,Transceiver,transceiver_receive_object_duration (ms)[Percentile=99],Metric,0.149658203125
09/27/2026 12:50:26,Transceiver,transceiver_requests_total_SumRequestSumResponse (requests / 1 sec),Rate,1216
09/27/2026 12:50:27,Transceiver,transceiver_requests_slow_total_SumRequestSumResponse (requests / 1 sec)[elapsed=00:00:10.6627140;request=Transceiver.Demo.SumRequest],Rate,0
09/27/2026 12:50:27,Transceiver,transceiver_requests_slow_total_SumRequestSumResponse (requests / 1 sec)[elapsed=00:00:13.4031411;request=Transceiver.Demo.SumRequest],Rate,0
09/27/2026 12:50:27,Transceiver,transceiver_requests_total_MultiplyRequestMultiplyResponse (requests / 1 sec),Rate,1118
09/27/2026 12:50:27,Transceiver,transceiver_requests_slow_total_MultiplyRequestMultiplyResponse (requests / 1 sec)[elapsed=00:00:10.6628511;request=Transceiver.Demo.MultiplyRequest],Rate,0
09/27/2026 12:50:27,Transceiver,transceiver_requests_slow_total_MultiplyRequestMultiplyResponse (requests / 1 sec)[elapsed=00:00:16.1271178;request=Transceiver.Demo.MultiplyRequest],Rate,0
09/27/2026 12:50:27,Transceiver,transceiver_receive_object_duration (ms)[Percentile=50],Metric,0.04144287109375
09/27/2026 12:50:27,Transceiver,transceiver_receive_object_duration (ms)[Percentile=95],Metric,0.0855712890625
09/27/2026 12:50:27,Transceiver,transceiver_receive_object_duration (ms)[Percentile=99],Metric,0.17041015625
09/27/2026 12:50:27,Transceiver,transceiver_requests_total_SumRequestSumResponse (requests / 1 sec),Rate,1105
09/27/2026 12:50:28,Transceiver,transceiver_requests_slow_total_SumRequestSumResponse (requests / 1 sec)[elapsed=00:00:10.6627140;request=Transceiver.Demo.SumRequest],Rate,0
09/27/2026 12:50:28,Transceiver,transceiver_requests_slow_total_SumRequestSumResponse (requests / 1 sec)[elapsed=00:00:13.4031411;request=Transceiver.Demo.SumRequest],Rate,0
09/27/2026 12:50:28,Transceiver,transceiver_requests_total_MultiplyRequestMultiplyResponse (requests / 1 sec),Rate,910
09/27/2026 12:50:28,Transceiver,transceiver_requests_slow_total_MultiplyRequestMultiplyResponse (requests / 1 sec)[elapsed=00:00:10.6628511;request=Transceiver.Demo.MultiplyRequest],Rate,0
09/27/2026 12:50:28,Transceiver,transceiver_requests_slow_total_MultiplyRequestMultiplyResponse (requests / 1 sec)[elapsed=00:00:16.1271178;request=Transceiver.Demo.MultiplyRequest],Rate,0
09/27/2026 12:50:28,Transceiver,transceiver_receive_object_duration (ms)[Percentile=50],Metric,0.0406494140625
09/27/2026 12:50:28,Transceiver,transceiver_receive_object_duration (ms)[Percentile=95],Metric,0.07568359375
09/27/2026 12:50:28,Transceiver,transceiver_receive_object_duration (ms)[Percentile=99],Metric,0.130126953125
09/27/2026 12:50:28,Transceiver,transceiver_requests_total_SumRequestSumResponse (requests / 1 sec),Rate,875
09/27/2026 12:50:29,Transceiver,transceiver_requests_slow_total_SumRequestSumResponse (requests / 1 sec)[elapsed=00:00:10.6627140;request=Transceiver.Demo.SumRequest],Rate,0
09/27/2026 12:50:29,Transceiver,transceiver_requests_slow_total_SumRequestSumResponse (requests / 1 sec)[elapsed=00:00:13.4031411;request=Transceiver.Demo.SumRequest],Rate,0
09/27/2026 12:50:29,Transceiver,transceiver_requests_total_MultiplyRequestMultiplyResponse (requests / 1 sec),Rate,733
09/27/2026 12:50:29,Transceiver,transceiver_requests_slow_total_MultiplyRequestMultiplyResponse (requests / 1 sec)[elapsed=00:00:10.6628511;request=Transceiver.Demo.MultiplyRequest],Rate,0
09/27/2026 12:50:29,Transceiver,transceiver_requests_slow_total_MultiplyRequestMultiplyResponse (requests / 1 sec)[elapsed=00:00:16.1271178;request=Transceiver.Demo.MultiplyRequest],Rate,0
09/27/2026 12:50:29,Transceiver,transceiver_receive_object_duration (ms)[Percentile=50],Metric,0.03955078125
09/27/2026 12:50:29,Transceiver,transceiver_receive_object_duration (ms)[Percentile=95],Metric,0.086181640625
09/27/2026 12:50:29,Transceiver,transceiver_receive_object_duration (ms)[Percentile=99],Metric,0.12939453125
09/27/2026 12:50:29,Transceiver,transceiver_requests_total_SumRequestSumResponse (requests / 1 sec),Rate,730
09/27/2026 12:50:30,Transceiver,transceiver_requests_slow_total_SumRequestSumResponse (requests / 1 sec)[elapsed=00:00:10.6627140;request=Transceiver.Demo.SumRequest],Rate,0
09/27/2026 12:50:30,Transceiver,transceiver_requests_slow_total_SumRequestSumResponse (requests / 1 sec)[elapsed=00:00:13.4031411;request=Transceiver.Demo.SumRequest],Rate,0
09/27/2026 12:50:30,Transceiver,transceiver_requests_total_MultiplyRequestMultiplyResponse (requests / 1 sec),Rate,962
09/27/2026 12:50:30,Transceiver,transceiver_requests_slow_total_MultiplyRequestMultiplyResponse (requests / 1 sec)[elapsed=00:00:10.6628511;request=Transceiver.Demo.MultiplyRequest],Rate,0
09/27/2026 12:50:30,Transceiver,transceiver_requests_slow_total_MultiplyRequestMultiplyResponse (requests / 1 sec)[elapsed=00:00:16.1271178;request=Transceiver.Demo.MultiplyRequest],Rate,0
09/27/2026 12:50:30,Transceiver,transceiver_receive_object_duration (ms)[Percentile=50],Metric,0.040771484375
09/27/2026 12:50:30,Transceiver,transceiver_receive_object_duration (ms)[Percentile=95],Metric,0.0841064453125
09/27/2026 12:50:30,Transceiver,transceiver_receive_object_duration (ms)[Percentile=99],Metric,0.117919921875
09/27/2026 12:50:30,Transceiver,transceiver_requests_total_SumRequestSumResponse (requests / 1 sec),Rate,978
09/27/2026 12:50:31,Transceiver,transceiver_requests_slow_total_SumRequestSumResponse (requests / 1 sec)[elapsed=00:00:10.6627140;request=Transceiver.Demo.SumRequest],Rate,0
09/27/2026 12:50:31,Transceiver,transceiver_requests_slow_total_SumRequestSumResponse (requests / 1 sec)[elapsed=00:00:13.4031411;request=Transceiver.Demo.SumRequest],Rate,0
09/27/2026 12:50:31,Transceiver,transceiver_requests_total_MultiplyRequestMultiplyResponse (requests / 1 sec),Rate,786
09/27/2026 12:50:31,Transceiver,transceiver_requests_slow_total_MultiplyRequestMultiplyResponse (requests / 1 sec)[elapsed=00:00:10.6628511;request=Transceiver.Demo.MultiplyRequest],Rate,0
09/27/2026 12:50:31,Transceiver,transceiver_requests_slow_total_MultiplyRequestMultiplyResponse (requests / 1 sec)[elapsed=00:00:16.1271178;request=Transceiver.Demo.MultiplyRequest],Rate,0
09/27/2026 12:50:31,Transceiver,transceiver_receive_object_duration (ms)[Percentile=50],Metric,0.0380859375
09/27/2026 12:50:31,Transceiver,transceiver_receive_object_duration (ms)[Percentile=95],Metric,0.08544921875
09/27/2026 12:50:31,Transceiver,transceiver_receive_object_duration (ms)[Percentile=99],Metric,0.13818359375
09/27/2026 12:50:31,Transceiver,transceiver_requests_total_SumRequestSumResponse (requests / 1 sec),Rate,795
09/27/2026 12:50:32,Transceiver,transceiver_requests_slow_total_SumRequestSumResponse (requests / 1 sec)[elapsed=00:00:10.6627140;request=Transceiver.Demo.SumRequest],Rate,0
09/27/2026 12:50:32,Transceiver,transceiver_requests_slow_total_SumRequestSumResponse (requests / 1 sec)[elapsed=00:00:13.4031411;request=Transceiver.Demo.SumRequest],Rate,0
09/27/2026 12:50:32,Transceiver,transceiver_requests_total_MultiplyRequestMultiplyResponse (requests / 1 sec),Rate,1107
09/27/2026 12:50:32,Transceiver,transceiver_requests_slow_total_MultiplyRequestMultiplyResponse (requests / 1 sec)[elapsed=00:00:10.6628511;request=Transceiver.Demo.MultiplyRequest],Rate,0
09/27/2026 12:50:32,Transceiver,transceiver_requests_slow_total_MultiplyRequestMultiplyResponse (requests / 1 sec)[elapsed=00:00:16.1271178;request=Transceiver.Demo.MultiplyRequest],Rate,0
09/27/2026 12:50:32,Transceiver,transceiver_receive_object_duration (ms)[Percentile=50],Metric,0.04364013671875
09/27/2026 12:50:32,Transceiver,transceiver_receive_object_duration (ms)[Percentile=95],Metric,0.080078125
09/27/2026 12:50:32,Transceiver,transceiver_receive_object_duration (ms)[Percentile=99],Metric,0.1474609375
09/27/2026 12:50:32,Transceiver,transceiver_requests_total_SumRequestSumResponse (requests / 1 sec),Rate,1105
09/27/2026 12:50:33,Transceiver,transceiver_requests_slow_total_SumRequestSumResponse (requests / 1 sec)[elapsed=00:00:10.6627140;request=Transceiver.Demo.SumRequest],Rate,0
09/27/2026 12:50:33,Transceiver,transceiver_requests_slow_total_SumRequestSumResponse (requests / 1 sec)[elapsed=00:00:13.4031411;request=Transceiver.Demo.SumRequest],Rate,0
09/27/2026 12:50:33,Transceiver,transceiver_requests_total_MultiplyRequestMultiplyResponse (requests / 1 sec),Rate,1230
09/27/2026 12:50:33,Transceiver,transceiver_requests_slow_total_MultiplyRequestMultiplyResponse (requests / 1 sec)[elapsed=00:00:10.6628511;request=Transceiver.Demo.MultiplyRequest],Rate,0
09/27/2026 12:50:33,Transceiver,transceiver_requests_slow_total_MultiplyRequestMultiplyResponse (requests / 1 sec)[elapsed=00:00:16.1271178;request=Transceiver.Demo.MultiplyRequest],Rate,0
09/27/2026 12:50:33,Transceiver,transceiver_receive_object_duration (ms)[Percentile=50],Metric,0.04217529296875
09/27/2026 12:50:33,Transceiver,transceiver_receive_object_duration (ms)[Percentile=95],Metric,0.0797119140625
09/27/2026 12:50:33,Transceiver,transceiver_receive_object_duration (ms)[Percentile=99],Metric,0.140625
09/27/2026 12:50:33,Transceiver,transceiver_requests_total_SumRequestSumResponse (requests / 1 sec),Rate,1210
09/27/2026 12:50:34,Transceiver,transceiver_requests_slow_total_SumRequestSumResponse (requests / 1 sec)[elapsed=00:00:10.6627140;request=Transceiver.Demo.SumRequest],Rate,0
09/27/2026 12:50:34,Transceiver,transceiver_requests_slow_total_SumRequestSumResponse (requests / 1 sec)[elapsed=00:00:13.4031411;request=Transceiver.Demo.SumRequest],Rate,0
09/27/2026 12:50:34,Transceiver,transceiver_requests_total_MultiplyRequestMultiplyResponse (requests / 1 sec),Rate,1235
09/27/2026 12:50:34,Transceiver,transceiver_requests_slow_total_MultiplyRequestMultiplyResponse (requests / 1 sec)[elapsed=00:00:10.6628511;request=Transceiver.Demo.MultiplyRequest],Rate,0
09/27/2026 12:50:34,Transceiver,transceiver_requests_slow_total_MultiplyRequestMultiplyResponse (requests / 1 sec)[elapsed=00:00:16.1271178;request=Transceiver.Demo.MultiplyRequest],Rate,0
09/27/2026 12:50:34,Transceiver,transceiver_receive_object_duration (ms)[Percentile=50],Metric,0.04345703125
09/27/2026 12:50:34,Transceiver,transceiver_receive_object_duration (ms)[Percentile=95],Metric,0.0751953125
09/27/2026 12:50:34,Transceiver,transceiver_receive_object_duration (ms)[Percentile=99],Metric,0.174072265625
09/27/2026 12:50:34,Transceiver,transceiver_requests_total_SumRequestSumResponse (requests / 1 sec),Rate,1247
09/27/2026 12:50:35,Transceiver,transceiver_requests_slow_total_SumRequestSumResponse (requests / 1 sec)[elapsed=00:00:10.6627140;request=Transceiver.Demo.SumRequest],Rate,0
09/27/2026 12:50:35,Transceiver,transceiver_requests_slow_total_SumRequestSumResponse (requests / 1 sec)[elapsed=00:00:13.4031411;request=Transceiver.Demo.SumRequest],Rate,0
09/27/2026 12:50:35,Transceiver,transceiver_requests_total_MultiplyRequestMultiplyResponse (requests / 1 sec),Rate,891
09/27/2026 12:50:35,Transceiver,transceiver_requests_slow_total_MultiplyRequestMultiplyResponse (requests / 1 sec)[elapsed=00:00:10.6628511;request=Transceiver.Demo.MultiplyRequest],Rate,0
09/27/2026 12:50:35,Transceiver,transceiver_requests_slow_total_MultiplyRequestMultiplyResponse (requests / 1 sec)[elapsed=00:00:16.1271178;request=Transceiver.Demo.MultiplyRequest],Rate,0
09/27/2026 12:50:35,Transceiver,transceiver_receive_object_duration (ms)[Percentile=50],Metric,0.04449462890625
09/27/2026 12:50:35,Transceiver,transceiver_receive_object_duration (ms)[Percentile=95],Metric,0.090576171875
09/27/2026 12:50:35,Transceiver,transceiver_receive_object_duration (ms)[Percentile=99],Metric,0.17919921875
09/27/2026 12:50:35,Transceiver,transceiver_requests_total_SumRequestSumResponse (requests / 1 sec),Rate,902
09/27/2026 12:50:36,Transceiver,transceiver_requests_slow_total_SumRequestSumResponse (requests / 1 sec)[elapsed=00:00:10.6627140;request=Transceiver.Demo.SumRequest],Rate,0
09/27/2026 12:50:36,Transceiver,transceiver_requests_slow_total_SumRequestSumResponse (requests / 1 sec)[elapsed=00:00:13.4031411;request=Transceiver.Demo.SumRequest],Rate,0
09/27/2026 12:50:36,Transceiver,transceiver_requests_total_MultiplyRequestMultiplyResponse (requests / 1 sec),Rate,1304
09/27/2026 12:50:36,Transceiver,transceiver_requests_slow_total_MultiplyRequestMultiplyResponse (requests / 1 sec)[elapsed=00:00:10.6628511;request=Transceiver.Demo.MultiplyRequest],Rate,0
09/27/2026 12:50:36,Transceiver,transceiver_requests_slow_total_MultiplyRequestMultiplyResponse (requests / 1 sec)[elapsed=00:00:16.1271178;request=Transceiver.Demo.MultiplyRequest],Rate,0
09/27/2026 12:50:36,Transceiver,transceiver_receive_object_duration (ms)[Percentile=50],Metric,0.0439453125
09/27/2026 12:50:36,Transceiver,transceiver_receive_object_duration (ms)[Percentile=95],Metric,0.080810546875
09/27/2026 12:50:36,Transceiver,transceiver_receive_object_duration (ms)[Percentile=99],Metric,0.136962890625
09/27/2026 12:50:36,Transceiver,transceiver_requests_total_SumRequestSumResponse (requests / 1 sec),Rate,1295
09/27/2026 12:50:37,Transceiver,transceiver_requests_slow_total_SumRequestSumResponse (requests / 1 sec)[elapsed=00:00:10.6627140;request=Transceiver.Demo.SumRequest],Rate,0
09/27/2026 12:50:37,Transceiver,transceiver_requests_slow_total_SumRequestSumResponse (requests / 1 sec)[elapsed=00:00:13.4031411;request=Transceiver.Demo.SumRequest],Rate,0
09/27/2026 12:50:37,Transceiver,transceiver_requests_total_MultiplyRequestMultiplyResponse (requests / 1 sec),Rate,914
09/27/2026 12:50:37,Transceiver,transceiver_requests_slow_total_MultiplyRequestMultiplyResponse (requests / 1 sec)[elapsed=00:00:10.6628511;request=Transceiver.Demo.MultiplyRequest],Rate,0
09/27/2026 12:50:37,Transceiver,transceiver_requests_slow_total_MultiplyRequestMultiplyResponse (requests / 1 sec)[elapsed=00:00:16.1271178;request=Transceiver.Demo.MultiplyRequest],Rate,0
09/27/2026 12:50:37,Transceiver,transceiver_receive_object_duration (ms)[Percentile=50],Metric,0.04205322265625
09/27/2026 12:50:37,Transceiver,transceiver_receive_object_duration (ms)[Percentile=95],Metric,0.0750732421875
09/27/2026 12:50:37,Transceiver,transceiver_receive_object_duration (ms)[Percentile=99],Metric,0.144287109375
09/27/2026 12:50:37,Transceiver,transceiver_requests_total_SumRequestSumResponse (requests / 1 sec),Rate,908
09/27/2026 12:50:38,Transceiver,transceiver_requests_slow_total_SumRequestSumResponse (requests / 1 sec)[elapsed=00:00:10.6627140;request=Transceiver.Demo.SumRequest],Rate,0
09/27/2026 12:50:38,Transceiver,transceiver_requests_slow_total_SumRequestSumResponse (requests / 1 sec)[elapsed=00:00:13.4031411;request=Transceiver.Demo.SumRequest],Rate,0
09/27/2026 12:50:38,Transceiver,transceiver_requests_total_MultiplyRequestMultiplyResponse (requests / 1 sec),Rate,1178
09/27/2026 12:50:38,Transceiver,transceiver_requests_slow_total_MultiplyRequestMultiplyResponse (requests / 1 sec)[elapsed=00:00:10.6628511;request=Transceiver.Demo.MultiplyRequest],Rate,0
09/27/2026 12:50:38,Transceiver,transceiver_requests_slow_total_MultiplyRequestMultiplyResponse (requests / 1 sec)[elapsed=00:00:16.1271178;request=Transceiver.Demo.MultiplyRequest],Rate,0
09/27/2026 12:50:38,Transceiver,transceiver_receive_object_duration (ms)[Percentile=50],Metric,0.04058837890625
09/27/2026 12:50:38,Transceiver,transceiver_receive_object_duration (ms)[Percentile=95],Metric,0.0767822265625
09/27/2026 12:50:38,Transceiver,transceiver_receive_object_duration (ms)[Percentile=99],Metric,0.136474609375
09/27/2026 12:50:38,Transceiver,transceiver_requests_total_SumRequestSumResponse (requests / 1 sec),Rate,1167
09/27/2026 12:50:39,Transceiver,transceiver_requests_slow_total_SumRequestSumResponse (requests / 1 sec)[elapsed=00:00:10.6627140;request=Transceiver.Demo.SumRequest],Rate,0
09/27/2026 12:50:39,Transceiver,transceiver_requests_slow_total_SumRequestSumResponse (requests / 1 sec)[elapsed=00:00:13.4031411;request=Transceiver.Demo.SumRequest],Rate,0
09/27/2026 12:50:39,Transceiver,transceiver_requests_total_MultiplyRequestMultiplyResponse (requests / 1 sec),Rate,893
09/27/2026 12:50:39,Transceiver,transceiver_requests_slow_total_MultiplyRequestMultiplyResponse (requests / 1 sec)[elapsed=00:00:10.6628511;request=Transceiver.Demo.MultiplyRequest],Rate,0
09/27/2026 12:50:39,Transceiver,transceiver_requests_slow_total_MultiplyRequestMultiplyResponse (requests / 1 sec)[elapsed=00:00:16.1271178;request=Transceiver.Demo.MultiplyRequest],Rate,0
09/27/2026 12:50:39,Transceiver,transceiver_receive_object_duration (ms)[Percentile=50],Metric,0.041259765625
09/27/2026 12:50:39,Transceiver,transceiver_receive_object_duration (ms)[Percentile=95],Metric,0.080322265625
09/27/2026 12:50:39,Transceiver,transceiver_receive_object_duration (ms)[Percentile=99],Metric,0.11474609375
09/27/2026 12:50:39,Transceiver,transceiver_requests_total_SumRequestSumResponse (requests / 1 sec),Rate,898
09/27/2026 12:50:40,Transceiver,transceiver_requests_slow_total_SumRequestSumResponse (requests / 1 sec)[elapsed=00:00:10.6627140;request=Transceiver.Demo.SumRequest],Rate,0
09/27/2026 12:50:40,Transceiver,transceiver_requests_slow_total_SumRequestSumResponse (requests / 1 sec)[elapsed=00:00:13.4031411;request=Transceiver.Demo.SumRequest],Rate,0
09/27/2026 12:50:40,Transceiver,transceiver_requests_total_MultiplyRequestMultiplyResponse (requests / 1 sec),Rate,1044
09/27/2026 12:50:40,Transceiver,transceiver_requests_slow_total_MultiplyRequestMultiplyResponse (requests / 1 sec)[elapsed=00:00:10.6628511;request=Transceiver.Demo.MultiplyRequest],Rate,0
09/27/2026 12:50:40,Transceiver,transceiver_requests_slow_total_MultiplyRequestMultiplyResponse (requests / 1 sec)[elapsed=00:00:16.1271178;request=Transceiver.Demo.MultiplyRequest],Rate,0
09/27/2026 12:50:40,Transceiver,transceiver_receive_object_duration (ms)[Percentile=50],Metric,0.0396728515625
09/27/2026 12:50:40,Transceiver,transceiver_receive_object_duration (ms)[Percentile=95],Metric,0.072998046875
09/27/2026 12:50:40,Transceiver,transceiver_receive_object_duration (ms)[Percentile=99],Metric,0.14306640625
09/27/2026 12:50:40,Transceiver,transceiver_requests_total_SumRequestSumResponse (requests / 1 sec),Rate,1055
09/27/2026 12:50:41,Transceiver,transceiver_requests_slow_total_SumRequestSumResponse (requests / 1 sec)[elapsed=00:00:10.6627140;request=Transceiver.Demo.SumRequest],Rate,0
09/27/2026 12:50:41,Transceiver,transceiver_requests_slow_total_SumRequestSumResponse (requests / 1 sec)[elapsed=00:00:13.4031411;request=Transceiver.Demo.SumRequest],Rate,0
09/27/2026 12:50:41,Transceiver,transceiver_requests_total_MultiplyRequestMultiplyResponse (requests / 1 sec),Rate,1001
09/27/2026 12:50:41,Transceiver,transceiver_requests_slow_total_MultiplyRequestMultiplyResponse (requests / 1 sec)[elapsed=00:00:10.6628511;request=Transceiver.Demo.MultiplyRequest],Rate,0
09/27/2026 12:50:41,Transceiver,transceiver_requests_slow_total_MultiplyRequestMultiplyResponse (requests / 1 sec)[elapsed=00:00:16.1271178;request=Transceiver.Demo.MultiplyRequest],Rate,0
09/27/2026 12:50:41,Transceiver,transceiver_receive_object_duration (ms)[Percentile=50],Metric,0.0386962890625
09/27/2026 12:50:41,Transceiver,transceiver_receive_object_duration (ms)[Percentile=95],Metric,0.074462890625
09/27/2026 12:50:41,Transceiver,transceiver_receive_object_duration (ms)[Percentile=99],Metric,0.12548828125
09/27/2026 12:50:41,Transceiver,transceiver_requests_total_SumRequestSumResponse (requests / 1 sec),Rate,1041
09/27/2026 12:50:42,Transceiver,transceiver_requests_slow_total_SumRequestSumResponse (requests / 1 sec)[elapsed=00:00:10.6627140;request=Transceiver.Demo.SumRequest],Rate,0
09/27/2026 12:50:42,Transceiver,transceiver_requests_slow_total_SumRequestSumResponse (requests / 1 sec)[elapsed=00:00:13.4031411;request=Transceiver.Demo.SumRequest],Rate,0
09/27/2026 12:50:42,Transceiver,transceiver_requests_total_MultiplyRequestMultiplyResponse (requests / 1 sec),Rate,1113
09/27/2026 12:50:42,Transceiver,transceiver_requests_slow_total_MultiplyRequestMultiplyResponse (requests / 1 sec)[elapsed=00:00:10.6628511;request=Transceiver.Demo.MultiplyRequest],Rate,0
09/27/2026 12:50:42,Transceiver,transceiver_requests_slow_total_MultiplyRequestMultiplyResponse (requests / 1 sec)[elapsed=00:00:16.1271178;request=Transceiver.Demo.MultiplyRequest],Rate,0
09/27/2026 12:50:42,Transceiver,transceiver_receive_object_duration (ms)[Percentile=50],Metric,0.03857421875
09/27/2026 12:50:42,Transceiver,transceiver_receive_object_duration (ms)[Percentile=95],Metric,0.0767822265625
09/27/2026 12:50:42,Transceiver,transceiver_receive_object_duration (ms)[Percentile=99],Metric,0.1094970703125
09/27/2026 12:50:42,Transceiver,transceiver_requests_total_SumRequestSumResponse (requests / 1 sec),Rate,1081
09/27/2026 12:50:43,Transceiver,transceiver_requests_slow_total_SumRequestSumResponse (requests / 1 sec)[elapsed=00:00:10.6627140;request=Transceiver.Demo.SumRequest],Rate,0
09/27/2026 12:50:43,Transceiver,transceiver_requests_slow_total_SumRequestSumResponse (requests / 1 sec)[elapsed=00:00:13.4031411;request=Transceiver.Demo.SumRequest],Rate,0
09/27/2026 12:50:43,Transceiver,transceiver_requests_total_MultiplyRequestMultiplyResponse (requests / 1 sec),Rate,1334
09/27/2026 12:50:43,Transceiver,transceiver_requests_slow_total_MultiplyRequestMultiplyResponse (requests / 1 sec)[elapsed=00:00:10.6628511;request=Transceiver.Demo.MultiplyRequest],Rate,0
09/27/2026 12:50:43,Transceiver,transceiver_requests_slow_total_MultiplyRequestMultiplyResponse (requests / 1 sec)[elapsed=00:00:16.1271178;request=Transceiver.Demo.MultiplyRequest],Rate,0
09/27/2026 12:50:43,Transceiver,transceiver_receive_object_duration (ms)[Percentile=50],Metric,0.03948974609375
09/27/2026 12:50:43,Transceiver,transceiver_receive_object_duration (ms)[Percentile=95],Metric,0.078369140625
09/27/2026 12:50:43,Transceiver,transceiver_receive_object_duration (ms)[Percentile=99],Metric,0.13525390625
09/27/2026 12:50:43,Transceiver,transceiver_requests_total_SumRequestSumResponse (requests / 1 sec),Rate,1321
09/27/2026 12:50:44,Transceiver,transceiver_requests_slow_total_SumRequestSumResponse (requests / 1 sec)[elapsed=00:00:10.6627140;request=Transceiver.Demo.SumRequest],Rate,0
09/27/2026 12:50:44,Transceiver,transceiver_requests_slow_total_SumRequestSumResponse (requests / 1 sec)[elapsed=00:00:13.4031411;request=Transceiver.Demo.SumRequest],Rate,0
09/27/2026 12:50:44,Transceiver,transceiver_requests_total_MultiplyRequestMultiplyResponse (requests / 1 sec),Rate,834
09/27/2026 12:50:44,Transceiver,transceiver_requests_slow_total_MultiplyRequestMultiplyResponse (requests / 1 sec)[elapsed=00:00:10.6628511;request=Transceiver.Demo.MultiplyRequest],Rate,0
09/27/2026 12:50:44,Transceiver,transceiver_requests_slow_total_MultiplyRequestMultiplyResponse (requests / 1 sec)[elapsed=00:00:16.1271178;request=Transceiver.Demo.MultiplyRequest],Rate,0
09/27/2026 12:50:44,Transceiver,transceiver_receive_object_duration (ms)[Percentile=50],Metric,0.03924560546875
09/27/2026 12:50:44,Transceiver,transceiver_receive_object_duration (ms)[Percentile=95],Metric,0.091552734375
09/27/2026 12:50:44,Transceiver,transceiver_receive_object_duration (ms)[Percentile=99],Metric,0.22607421875
09/27/2026 12:50:44,Transceiver,transceiver_requests_total_SumRequestSumResponse (requests / 1 sec),Rate,841
09/27/2026 12:50:45,Transceiver,transceiver_requests_slow_total_SumRequestSumResponse (requests / 1 sec)[elapsed=00:00:10.6627140;request=Transceiver.Demo.SumRequest],Rate,0
09/27/2026 12:50:45,Transceiver,transceiver_requests_slow_total_SumRequestSumResponse (requests / 1 sec)[elapsed=00:00:13.4031411;request=Transceiver.Demo.SumRequest],Rate,0
09/27/2026 12:50:45,Transceiver,transceiver_requests_total_MultiplyRequestMultiplyResponse (requests / 1 sec),Rate,901
09/27/2026 12:50:45,Transceiver,transceiver_requests_slow_total_MultiplyRequestMultiplyResponse (requests / 1 sec)[elapsed=00:00:10.6628511;request=Transceiver.Demo.MultiplyRequest],Rate,0
09/27/2026 12:50:45,Transceiver,transceiver_requests_slow_total_MultiplyRequestMultiplyResponse (requests / 1 sec)[elapsed=00:00:16.1271178;request=Transceiver.Demo.MultiplyRequest],Rate,0
09/27/2026 12:50:45,Transceiver,transceiver_receive_object_duration (ms)[Percentile=50],Metric,0.04217529296875
09/27/2026 12:50:45,Transceiver,transceiver_receive_object_duration (ms)[Percentile=95],Metric,0.0806884765625
09/27/2026 12:50:45,Transceiver,transceiver_receive_object_duration (ms)[Percentile=99],Metric,0.1214599609375
09/27/2026 12:50:45,Transceiver,transceiver_requests_total_SumRequestSumResponse (requests / 1 sec),Rate,886
09/27/2026 12:50:46,Transceiver,transceiver_requests_slow_total_SumRequestSumResponse (requests / 1 sec)[elapsed=00:00:10.6627140;request=Transceiver.Demo.SumRequest],Rate,0
09/27/2026 12:50:46,Transceiver,transceiver_requests_slow_total_SumRequestSumResponse (requests / 1 sec)[elapsed=00:00:13.4031411;request=Transceiver.Demo.SumRequest],Rate,0
09/27/2026 12:50:46,Transceiver,transceiver_requests_total_MultiplyRequestMultiplyResponse (requests / 1 sec),Rate,745
09/27/2026 12:50:46,Transceiver,transceiver_requests_slow_total_MultiplyRequestMultiplyResponse (requests / 1 sec)[elapsed=00:00:10.6628511;request=Transceiver.Demo.MultiplyRequest],Rate,0
09/27/2026 12:50:46,Transceiver,transceiver_requests_slow_total_MultiplyRequestMultiplyResponse (requests / 1 sec)[elapsed=00:00:16.1271178;request=Transceiver.Demo.MultiplyRequest],Rate,0
09/27/2026 12:50:46,Transceiver,transceiver_receive_object_duration (ms)[Percentile=50],Metric,0.04669189453125
09/27/2026 12:50:46,Transceiver,transceiver_receive_object_duration (ms)[Percentile=95],Metric,0.0963134765625
09/27/2026 12:50:46,Transceiver,transceiver_receive_object_duration (ms)[Percentile=99],Metric,0.14892578125
09/27/2026 12:50:46,Transceiver,transceiver_requests_total_SumRequestSumResponse (requests / 1 sec),Rate,765
09/27/2026 12:50:47,Transceiver,transceiver_requests_slow_total_SumRequestSumResponse (requests / 1 sec)[elapsed=00:00:10.6627140;request=Transceiver.Demo.SumRequest],Rate,0
09/27/2026 12:50:47,Transceiver,transceiver_requests_slow_total_SumRequestSumResponse (requests / 1 sec)[elapsed=00:00:13.4031411;request=Transceiver.Demo.SumRequest],Rate,0
09/27/2026 12:50:47,Transceiver,transceiver_requests_total_MultiplyRequestMultiplyResponse (requests / 1 sec),Rate,848
09/27/2026 12:50:47,Transceiver,transceiver_requests_slow_total_MultiplyRequestMultiplyResponse (requests / 1 sec)[elapsed=00:00:10.6628511;request=Transceiver.Demo.MultiplyRequest],Rate,0
09/27/2026 12:50:47,Transceiver,transceiver_requests_slow_total_MultiplyRequestMultiplyResponse (requests / 1 sec)[elapsed=00:00:16.1271178;request=Transceiver.Demo.MultiplyRequest],Rate,0
09/27/2026 12:50:47,Transceiver,transceiver_receive_object_duration (ms)[Percentile=50],Metric,0.04937744140625
09/27/2026 12:50:47,Transceiver,transceiver_receive_object_duration (ms)[Percentile=95],Metric,0.1077880859375
09/27/2026 12:50:47,Transceiver,transceiver_receive_object_duration (ms)[Percentile=99],Metric,0.17724609375
09/27/2026 12:50:47,Transceiver,transceiver_requests_total_SumRequestSumResponse (requests / 1 sec),Rate,835
09/27/2026 12:50:48,Transceiver,transceiver_requests_slow_total_SumRequestSumResponse (requests / 1 sec)[elapsed=00:00:10.6627140;request=Transceiver.Demo.SumRequest],Rate,0
09/27/2026 12:50:48,Transceiver,transceiver_requests_slow_total_SumRequestSumResponse (requests / 1 sec)[elapsed=00:00:13.4031411;request=Transceiver.Demo.SumRequest],Rate,0
09/27/2026 12:50:48,Transceiver,transceiver_requests_total_MultiplyRequestMultiplyResponse (requests / 1 sec),Rate,883
09/27/2026 12:50:48,Transceiver,transceiver_requests_slow_total_MultiplyRequestMultiplyResponse (requests / 1 sec)[elapsed=00:00:10.6628511;request=Transceiver.Demo.MultiplyRequest],Rate,0
09/27/2026 12:50:48,Transceiver,transceiver_requests_slow_total_MultiplyRequestMultiplyResponse (requests / 1 sec)[elapsed=00:00:16.1271178;request=Transceiver.Demo.MultiplyRequest],Rate,0
09/27/2026 12:50:48,Transceiver,transceiver_receive_object_duration (ms)[Percentile=50],Metric,0.04296875
09/27/2026 12:50:48,Transceiver,transceiver_receive_object_duration (ms)[Percentile=95],Metric,0.08837890625
09/27/2026 12:50:48,Transceiver,transceiver_receive_object_duration (ms)[Percentile=99],Metric,0.14453125
09/27/2026 12:50:48,Transceiver,transceiver_requests_total_SumRequestSumResponse (requests / 1 sec),Rate,876
09/27/2026 12:50:49,Transceiver,transceiver_requests_slow_total_SumRequestSumResponse (requests / 1 sec)[elapsed=00:00:10.6627140;request=Transceiver.Demo.SumRequest],Rate,0
09/27/2026 12:50:49,Transceiver,transceiver_requests_slow_total_SumRequestSumResponse (requests / 1 sec)[elapsed=00:00:13.4031411;request=Transceiver.Demo.SumRequest],Rate,0
09/27/2026 12:50:49,Transceiver,transceiver_requests_total_MultiplyRequestMultiplyResponse (requests / 1 sec),Rate,831
09/27/2026 12:50:49,Transceiver,transceiver_requests_slow_total_MultiplyRequestMultiplyResponse (requests / 1 sec)[elapsed=00:00:10.6628511;request=Transceiver.Demo.MultiplyRequest],Rate,0
09/27/2026 12:50:49,Transceiver,transceiver_requests_slow_total_MultiplyRequestMultiplyResponse (requests / 1 sec)[elapsed=00:00:16.1271178;request=Transceiver.Demo.MultiplyRequest],Rate,0
09/27/2026 12:50:49,Transceiver,transceiver_receive_object_duration (ms)[Percentile=50],Metric,0.0445556640625
09/27/2026 12:50:49,Transceiver,transceiver_receive_object_duration (ms)[Percentile=95],Metric,0.0892333984375
09/27/2026 12:50:49,Transceiver,transceiver_receive_object_duration (ms)[Percentile=99],Metric,0.1669921875
09/27/2026 12:50:49,Transceiver,transceiver_requests_total_SumRequestSumResponse (requests / 1 sec),Rate,850
09/27/2026 12:50:50,Transceiver,transceiver_requests_slow_total_SumRequestSumResponse (requests / 1 sec)[elapsed=00:00:10.6627140;request=Transceiver.Demo.SumRequest],Rate,0
09/27/2026 12:50:50,Transceiver,transceiver_requests_slow_total_SumRequestSumResponse (requests / 1 sec)[elapsed=00:00:13.4031411;request=Transceiver.Demo.SumRequest],Rate,0
09/27/2026 12:50:50,Transceiver,transceiver_requests_total_MultiplyRequestMultiplyResponse (requests / 1 sec),Rate,930
09/27/2026 12:50:50,Transceiver,transceiver_requests_slow_total_MultiplyRequestMultiplyResponse (requests / 1 sec)[elapsed=00:00:10.6628511;request=Transceiver.Demo.MultiplyRequest],Rate,0
09/27/2026 12:50:50,Transceiver,transceiver_requests_slow_total_MultiplyRequestMultiplyResponse (requests / 1 sec)[elapsed=00:00:16.1271178;request=Transceiver.Demo.MultiplyRequest],Rate,0
09/27/2026 12:50:50,Transceiver,transceiver_receive_object_duration (ms)[Percentile=50],Metric,0.04278564453125
09/27/2026 12:50:50,Transceiver,transceiver_receive_object_duration (ms)[Percentile=95],Metric,0.0958251953125
09/27/2026 12:50:50,Transceiver,transceiver_receive_object_duration (ms)[Percentile=99],Metric,0.1318359375
09/27/2026 12:50:50,Transceiver,transceiver_requests_total_SumRequestSumResponse (requests / 1 sec),Rate,944
09/27/2026 12:50:51,Transceiver,transceiver_requests_slow_total_SumRequestSumResponse (requests / 1 sec)[elapsed=00:00:10.6627140;request=Transceiver.Demo.SumRequest],Rate,0
09/27/2026 12:50:51,Transceiver,transceiver_requests_slow_total_SumRequestSumResponse (requests / 1 sec)[elapsed=00:00:13.4031411;request=Transceiver.Demo.SumRequest],Rate,0
09/27/2026 12:50:51,Transceiver,transceiver_requests_total_MultiplyRequestMultiplyResponse (requests / 1 sec),Rate,966
09/27/2026 12:50:51,Transceiver,transceiver_requests_slow_total_MultiplyRequestMultiplyResponse (requests / 1 sec)[elapsed=00:00:10.6628511;request=Transceiver.Demo.MultiplyRequest],Rate,0
09/27/2026 12:50:51,Transceiver,transceiver_requests_slow_total_MultiplyRequestMultiplyResponse (requests / 1 sec)[elapsed=00:00:16.1271178;request=Transceiver.Demo.MultiplyRequest],Rate,0
09/27/2026 12:50:51,Transceiver,transceiver_receive_object_duration (ms)[Percentile=50],Metric,0.0450439453125
09/27/2026 12:50:51,Transceiver,transceiver_receive_object_duration (ms)[Percentile=95],Metric,0.086669921875
09/27/2026 12:50:51,Transceiver,transceiver_receive_object_duration (ms)[Percentile=99],Metric,0.15087890625
09/27/2026 12:50:51,Transceiver,transceiver_requests_total_SumRequestSumResponse (requests / 1 sec),Rate,988
09/27/2026 12:50:52,Transceiver,transceiver_requests_slow_total_SumRequestSumResponse (requests / 1 sec)[elapsed=00:00:10.6627140;request=Transceiver.Demo.SumRequest],Rate,0
09/27/2026 12:50:52,Transceiver,transceiver_requests_slow_total_SumRequestSumResponse (requests / 1 sec)[elapsed=00:00:13.4031411;request=Transceiver.Demo.SumRequest],Rate,0
09/27/2026 12:50:52,Transceiver,transceiver_requests_total_MultiplyRequestMultiplyResponse (requests / 1 sec),Rate,851
09/27/2026 12:50:52,Transceiver,transceiver_requests_slow_total_MultiplyRequestMultiplyResponse (requests / 1 sec)[elapsed=00:00:10.6628511;request=Transceiver.Demo.MultiplyRequest],Rate,0
09/27/2026 12:50:52,Transceiver,transceiver_requests_slow_total_MultiplyRequestMultiplyResponse (requests / 1 sec)[elapsed=00:00:16.1271178;request=Transceiver.Demo.MultiplyRequest],Rate,0
09/27/2026 12:50:52,Transceiver,transceiver_receive_object_duration (ms)[Percentile=50],Metric,0.04669189453125
09/27/2026 12:50:52,Transceiver,transceiver_receive_object_duration (ms)[Percentile=95],Metric,0.087646484375
09/27/2026 12:50:52,Transceiver,transceiver_receive_object_duration (ms)[Percentile=99],Metric,0.191162109375
09/27/2026 12:50:52,Transceiver,transceiver_requests_total_SumRequestSumResponse (requests / 1 sec),Rate,866
09/27/2026 12:50:53,Transceiver,transceiver_requests_slow_total_SumRequestSumResponse (requests / 1 sec)[elapsed=00:00:10.6627140;request=Transceiver.Demo.SumRequest],Rate,0
09/27/2026 12:50:53,Transceiver,transceiver_requests_slow_total_SumRequestSumResponse (requests / 1 sec)[elapsed=00:00:13.4031411;request=Transceiver.Demo.SumRequest],Rate,0
09/27/2026 12:50:53,Transceiver,transceiver_requests_total_MultiplyRequestMultiplyResponse (requests / 1 sec),Rate,1426
09/27/2026 12:50:53,Transceiver,transceiver_requests_slow_total_MultiplyRequestMultiplyResponse (requests / 1 sec)[elapsed=00:00:10.6628511;request=Transceiver.Demo.MultiplyRequest],Rate,0
09/27/2026 12:50:53,Transceiver,transceiver_requests_slow_total_MultiplyRequestMultiplyResponse (requests / 1 sec)[elapsed=00:00:16.1271178;request=Transceiver.Demo.MultiplyRequest],Rate,0
09/27/2026 12:50:53,Transceiver,transceiver_receive_object_duration (ms)[Percentile=50],Metric,0.039794921875
09/27/2026 12:50:53,Transceiver,transceiver_receive_object_duration (ms)[Percentile=95],Metric,0.0758056640625
09/27/2026 12:50:53,Transceiver,transceiver_receive_object_duration (ms)[Percentile=99],Metric,0.127685546875
09/27/2026 12:50:53,Transceiver,transceiver_requests_total_SumRequestSumResponse (requests / 1 sec),Rate,1418
09/27/2026 12:50:54,Transceiver,transceiver_requests_slow_total_SumRequestSumResponse (requests / 1 sec)[elapsed=00:00:10.6627140;request=Transceiver.Demo.SumRequest],Rate,0
09/27/2026 12:50:54,Transceiver,transceiver_requests_slow_total_SumRequestSumResponse (requests / 1 sec)[elapsed=00:00:13.4031411;request=Transceiver.Demo.SumRequest],Rate,0
09/27/2026 12:50:54,Transceiver,transceiver_requests_total_MultiplyRequestMultiplyResponse (requests / 1 sec),Rate,1036
09/27/2026 12:50:54,Transceiver,transceiver_requests_slow_total_MultiplyRequestMultiplyResponse (requests / 1 sec)[elapsed=00:00:10.6628511;request=Transceiver.Demo.MultiplyRequest],Rate,0
09/27/2026 12:50:54,Transceiver,transceiver_requests_slow_total_MultiplyRequestMultiplyResponse (requests / 1 sec)[elapsed=00:00:16.1271178;request=Transceiver.Demo.MultiplyRequest],Rate,0
09/27/2026 12:50:54,Transceiver,transceiver_receive_object_duration (ms)[Percentile=50],Metric,0.04217529296875
09/27/2026 12:50:54,Transceiver,transceiver_receive_object_duration (ms)[Percentile=95],Metric,0.0806884765625
09/27/2026 12:50:54,Transceiver,transceiver_receive_object_duration (ms)[Percentile=99],Metric,0.15283203125
09/27/2026 12:50:54,Transceiver,transceiver_requests_total_SumRequestSumResponse (requests / 1 sec),Rate,1046
09/27/2026 12:50:55,Transceiver,transceiver_requests_slow_total_SumRequestSumResponse (requests / 1 sec)[elapsed=00:00:10.6627140;request=Transceiver.Demo.SumRequest],Rate,0
09/27/2026 12:50:55,Transceiver,transceiver_requests_slow_total_SumRequestSumResponse (requests / 1 sec)[elapsed=00:00:13.4031411;request=Transceiver.Demo.SumRequest],Rate,0
09/27/2026 12:50:55,Transceiver,transceiver_requests_total_MultiplyRequestMultiplyResponse (requests / 1 sec),Rate,1007
09/27/2026 12:50:55,Transceiver,transceiver_requests_slow_total_MultiplyRequestMultiplyResponse (requests / 1 sec)[elapsed=00:00:10.6628511;request=Transceiver.Demo.MultiplyRequest],Rate,0
09/27/2026 12:50:55,Transceiver,transceiver_requests_slow_total_MultiplyRequestMultiplyResponse (requests / 1 sec)[elapsed=00:00:16.1271178;request=Transceiver.Demo.MultiplyRequest],Rate,0
09/27/2026 12:50:55,Transceiver,transceiver_receive_object_duration (ms)[Percentile=50],Metric,0.0435791015625
09/27/2026 12:50:55,Transceiver,transceiver_receive_object_duration (ms)[Percentile=95],Metric,0.0831298828125
09/27/2026 12:50:55,Transceiver,transceiver_receive_object_duration (ms)[Percentile=99],Metric,0.159423828125
09/27/2026 12:50:55,Transceiver,transceiver_requests_total_SumRequestSumResponse (requests / 1 sec),Rate,995
09/27/2026 12:50:56,Transceiver,transceiver_requests_slow_total_SumRequestSumResponse (requests / 1 sec)[elapsed=00:00:10.6627140;request=Transceiver.Demo.SumRequest],Rate,0
09/27/2026 12:50:56,Transceiver,transceiver_requests_slow_total_SumRequestSumResponse (requests / 1 sec)[elapsed=00:00:13.4031411;request=Transceiver.Demo.SumRequest],Rate,0
09/27/2026 12:50:56,Transceiver,transceiver_requests_total_MultiplyRequestMultiplyResponse (requests / 1 sec),Rate,1021
09/27/2026 12:50:56,Transceiver,transceiver_requests_slow_total_MultiplyRequestMultiplyResponse (requests / 1 sec)[elapsed=00:00:10.6628511;request=Transceiver.Demo.MultiplyRequest],Rate,0
09/27/2026 12:50:56,Transceiver,transceiver_requests_slow_total_MultiplyRequestMultiplyResponse (requests / 1 sec)[elapsed=00:00:16.1271178;request=Transceiver.Demo.MultiplyRequest],Rate,0
09/27/2026 12:50:56,Transceiver,transceiver_receive_object_duration (ms)[Percentile=50],Metric,0.0400390625
09/27/2026 12:50:56,Transceiver,transceiver_receive_object_duration (ms)[Percentile=95],Metric,0.0802001953125
09/27/2026 12:50:56,Transceiver,transceiver_receive_object_duration (ms)[Percentile=99],Metric,0.12451171875
09/27/2026 12:50:56,Transceiver,transceiver_requests_total_SumRequestSumResponse (requests / 1 sec),Rate,1043
09/27/2026 12:50:57,Transceiver,transceiver_requests_slow_total_SumRequestSumResponse (requests / 1 sec)[elapsed=00:00:10.6627140;request=Transceiver.Demo.SumRequest],Rate,0
09/27/2026 12:50:57,Transceiver,transceiver_requests_slow_total_SumRequestSumResponse (requests / 1 sec)[elapsed=00:00:13.4031411;request=Transceiver.Demo.SumRequest],Rate,0
09/27/2026 12:50:57,Transceiver,transceiver_requests_total_MultiplyRequestMultiplyResponse (requests / 1 sec),Rate,826
09/27/2026 12:50:57,Transceiver,transceiver_requests_slow_total_MultiplyRequestMultiplyResponse (requests / 1 sec)[elapsed=00:00:10.6628511;request=Transceiver.Demo.MultiplyRequest],Rate,0
09/27/2026 12:50:57,Transceiver,transceiver_requests_slow_total_MultiplyRequestMultiplyResponse (requests / 1 sec)[elapsed=00:00:16.1271178;request=Transceiver.Demo.MultiplyRequest],Rate,0
09/27/2026 12:50:57,Transceiver,transceiver_receive_object_duration (ms)[Percentile=50],Metric,0.04254150390625
09/27/2026 12:50:57,Transceiver,transceiver_receive_object_duration (ms)[Percentile=95],Metric,0.091796875
09/27/2026 12:50:57,Transceiver,transceiver_receive_object_duration (ms)[Percentile=99],Metric,0.12890625
09/27/2026 12:50:57,Transceiver,transceiver_requests_total_SumRequestSumResponse (requests / 1 sec),Rate,838
09/27/2026 12:50:58,Transceiver,transceiver_requests_slow_total_SumRequestSumResponse (requests / 1 sec)[elapsed=00:00:10.6627140;request=Transceiver.Demo.SumRequest],Rate,0
09/27/2026 12:50:58,Transceiver,transceiver_requests_slow_total_SumRequestSumResponse (requests / 1 sec)[elapsed=00:00:13.4031411;request=Transceiver.Demo.SumRequest],Rate,0
09/27/2026 12:50:58,Transceiver,transceiver_requests_total_MultiplyRequestMultiplyResponse (requests / 1 sec),Rate,1019
09/27/2026 12:50:58,Transceiver,transceiver_requests_slow_total_MultiplyRequestMultiplyResponse (requests / 1 sec)[elapsed=00:00:10.6628511;request=Transceiver.Demo.MultiplyRequest],Rate,0
09/27/2026 12:50:58,Transceiver,transceiver_requests_slow_total_MultiplyRequestMultiplyResponse (requests / 1 sec)[elapsed=00:00:16.1271178;request=Transceiver.Demo.MultiplyRequest],Rate,0
09/27/2026 12:50:58,Transceiver,transceiver_receive_object_duration (ms)[Percentile=50],Metric,0.040771484375
09/27/2026 12:50:58,Transceiver,transceiver_receive_object_duration (ms)[Percentile=95],Metric,0.0845947265625
09/27/2026 12:50:58,Transceiver,transceiver_receive_object_duration (ms)[Percentile=99],Metric,0.1204833984375
09/27/2026 12:50:58,Transceiver,transceiver_requests_total_SumRequestSumResponse (requests / 1 sec),Rate,1020
09/27/2026 12:50:59,Transceiver,transceiver_requests_slow_total_SumRequestSumResponse (requests / 1 sec)[elapsed=00:00:10.6627140;request=Transceiver.Demo.SumRequest],Rate,0
09/27/2026 12:50:59,Transceiver,transceiver_requests_slow_total_SumRequestSumResponse (requests / 1 sec)[elapsed=00:00:13.4031411;request=Transceiver.Demo.SumRequest],Rate,0
09/27/2026 12:50:59,Transceiver,transceiver_requests_total_MultiplyRequestMultiplyResponse (requests / 1 sec),Rate,1163
09/27/2026 12:50:59,Transceiver,transceiver_requests_slow_total_MultiplyRequestMultiplyResponse (requests / 1 sec)[elapsed=00:00:10.6628511;request=Transceiver.Demo.MultiplyRequest],Rate,0
09/27/2026 12:50:59,Transceiver,transceiver_requests_slow_total_MultiplyRequestMultiplyResponse (requests / 1 sec)[elapsed=00:00:16.1271178;request=Transceiver.Demo.MultiplyRequest],Rate,0
09/27/2026 12:50:59,Transceiver,transceiver_receive_object_duration (ms)[Percentile=50],Metric,0.0391845703125
09/27/2026 12:50:59,Transceiver,transceiver_receive_object_duration (ms)[Percentile=95],Metric,0.0750732421875
09/27/2026 12:50:59,Transceiver,transceiver_receive_object_duration (ms)[Percentile=99],Metric,0.137451171875
09/27/2026 12:50:59,Transceiver,transceiver_requests_total_SumRequestSumResponse (requests / 1 sec),Rate,1175
09/27/2026 12:51:00,Transceiver,transceiver_requests_slow_total_SumRequestSumResponse (requests / 1 sec)[elapsed=00:00:10.6627140;request=Transceiver.Demo.SumRequest],Rate,0
09/27/2026 12:51:00,Transceiver,transceiver_requests_slow_total_SumRequestSumResponse (requests / 1 sec)[elapsed=00:00:13.4031411;request=Transceiver.Demo.SumRequest],Rate,0
09/27/2026 12:51:00,Transceiver,transceiver_requests_total_MultiplyRequestMultiplyResponse (requests / 1 sec),Rate,930
09/27/2026 12:51:00,Transceiver,transceiver_requests_slow_total_MultiplyRequestMultiplyResponse (requests / 1 sec)[elapsed=00:00:10.6628511;request=Transceiver.Demo.MultiplyRequest],Rate,0
09/27/2026 12:51:00,Transceiver,transceiver_requests_slow_total_MultiplyRequestMultiplyResponse (requests / 1 sec)[elapsed=00:00:16.1271178;request=Transceiver.Demo.MultiplyRequest],Rate,0
09/27/2026 12:51:00,Transceiver,transceiver_receive_object_duration (ms)[Percentile=50],Metric,0.0428466796875
09/27/2026 12:51:00,Transceiver,transceiver_receive_object_duration (ms)[Percentile=95],Metric,0.0809326171875
09/27/2026 12:51:00,Transceiver,transceiver_receive_object_duration (ms)[Percentile=99],Metric,0.125
09/27/2026 12:51:00,Transceiver,transceiver_requests_total_SumRequestSumResponse (requests / 1 sec),Rate,929
09/27/2026 12:51:01,Transceiver,transceiver_requests_slow_total_SumRequestSumResponse (requests / 1 sec)[elapsed=00:00:10.6627140;request=Transceiver.Demo.SumRequest],Rate,0
09/27/2026 12:51:01,Transceiver,transceiver_requests_slow_total_SumRequestSumResponse (requests / 1 sec)[elapsed=00:00:13.4031411;request=Transceiver.Demo.SumRequest],Rate,0
09/27/2026 12:51:01,Transceiver,transceiver_requests_total_MultiplyRequestMultiplyResponse (requests / 1 sec),Rate,1098
09/27/2026 12:51:01,Transceiver,transceiver_requests_slow_total_MultiplyRequestMultiplyResponse (requests / 1 sec)[elapsed=00:00:10.6628511;request=Transceiver.Demo.MultiplyRequest],Rate,0
09/27/2026 12:51:01,Transceiver,transceiver_requests_slow_total_MultiplyRequestMultiplyResponse (requests / 1 sec)[elapsed=00:00:16.1271178;request=Transceiver.Demo.MultiplyRequest],Rate,0
09/27/2026 12:51:01,Transceiver,transceiver_receive_object_duration (ms)[Percentile=50],Metric,0.04315185546875
09/27/2026 12:51:01,Transceiver,transceiver_receive_object_duration (ms)[Percentile=95],Metric,0.074462890625
09/27/2026 12:51:01,Transceiver,transceiver_receive_object_duration (ms)[Percentile=99],Metric,0.1231689453125
09/27/2026 12:51:01,Transceiver,transceiver_requests_total_SumRequestSumResponse (requests / 1 sec),Rate,1111
09/27/2026 12:51:02,Transceiver,transceiver_requests_slow_total_SumRequestSumResponse (requests / 1 sec)[elapsed=00:00:10.6627140;request=Transceiver.Demo.SumRequest],Rate,0
09/27/2026 12:51:02,Transceiver,transceiver_requests_slow_total_SumRequestSumResponse (requests / 1 sec)[elapsed=00:00:13.4031411;request=Transceiver.Demo.SumRequest],Rate,0
09/27/2026 12:51:02,Transceiver,transceiver_requests_total_MultiplyRequestMultiplyResponse (requests / 1 sec),Rate,807
09/27/2026 12:51:02,Transceiver,transceiver_requests_slow_total_MultiplyRequestMultiplyResponse (requests / 1 sec)[elapsed=00:00:10.6628511;request=Transceiver.Demo.MultiplyRequest],Rate,0
09/27/2026 12:51:02,Transceiver,transceiver_requests_slow_total_MultiplyRequestMultiplyResponse (requests / 1 sec)[elapsed=00:00:16.1271178;request=Transceiver.Demo.MultiplyRequest],Rate,0
09/27/2026 12:51:02,Transceiver,transceiver_receive_object_duration (ms)[Percentile=50],Metric,0.04486083984375
09/27/2026 12:51:02,Transceiver,transceiver_receive_object_duration (ms)[Percentile=95],Metric,0.088623046875
09/27/2026 12:51:02,Transceiver,transceiver_receive_object_duration (ms)[Percentile=99],Metric,0.135498046875
09/27/2026 12:51:02,Transceiver,transceiver_requests_total_SumRequestSumResponse (requests / 1 sec),Rate,811
09/27/2026 12:51:03,Transceiver,transceiver_requests_slow_total_SumRequestSumResponse (requests / 1 sec)[elapsed=00:00:10.6627140;request=Transceiver.Demo.SumRequest],Rate,0
09/27/2026 12:51:03,Transceiver,transceiver_requests_slow_total_SumRequestSumResponse (requests / 1 sec)[elapsed=00:00:13.4031411;request=Transceiver.Demo.SumRequest],Rate,0
09/27/2026 12:51:03,Transceiver,transceiver_requests_total_MultiplyRequestMultiplyResponse (requests / 1 sec),Rate,908
09/27/2026 12:51:03,Transceiver,transceiver_requests_slow_total_MultiplyRequestMultiplyResponse (requests / 1 sec)[elapsed=00:00:10.6628511;request=Transceiver.Demo.MultiplyRequest],Rate,0
09/27/2026 12:51:03,Transceiver,transceiver_requests_slow_total_MultiplyRequestMultiplyResponse (requests / 1 sec)[elapsed=00:00:16.1271178;request=Transceiver.Demo.MultiplyRequest],Rate,0
09/27/2026 12:51:03,Transceiver,transceiver_receive_object_duration (ms)[Percentile=50],Metric,0.04327392578125
09/27/2026 12:51:03,Transceiver,transceiver_receive_object_duration (ms)[Percentile=95],Metric,0.08984375
09/27/2026 12:51:03,Transceiver,transceiver_receive_object_duration (ms)[Percentile=99],Metric,0.146728515625
09/27/2026 12:51:03,Transceiver,transceiver_requests_total_SumRequestSumResponse (requests / 1 sec),Rate,921
09/27/2026 12:51:04,Transceiver,transceiver_requests_slow_total_SumRequestSumResponse (requests / 1 sec)[elapsed=00:00:10.6627140;request=Transceiver.Demo.SumRequest],Rate,0
09/27/2026 12:51:04,Transceiver,transceiver_requests_slow_total_SumRequestSumResponse (requests / 1 sec)[elapsed=00:00:13.4031411;request=Transceiver.Demo.SumRequest],Rate,0
09/27/2026 12:51:04,Transceiver,transceiver_requests_total_MultiplyRequestMultiplyResponse (requests / 1 sec),Rate,1249
09/27/2026 12:51:04,Transceiver,transceiver_requests_slow_total_MultiplyRequestMultiplyResponse (requests / 1 sec)[elapsed=00:00:10.6628511;request=Transceiver.Demo.MultiplyRequest],Rate,0
09/27/2026 12:51:04,Transceiver,transceiver_requests_slow_total_MultiplyRequestMultiplyResponse (requests / 1 sec)[elapsed=00:00:16.1271178;request=Transceiver.Demo.MultiplyRequest],Rate,0
09/27/2026 12:51:04,Transceiver,transceiver_receive_object_duration (ms)[Percentile=50],Metric,0.04205322265625
09/27/2026 12:51:04,Transceiver,transceiver_receive_object_duration (ms)[Percentile=95],Metric,0.077880859375
09/27/2026 12:51:04,Transceiver,transceiver_receive_object_duration (ms)[Percentile=99],Metric,0.138671875
09/27/2026 12:51:04,Transceiver,transceiver_requests_total_SumRequestSumResponse (requests / 1 sec),Rate,1257
09/27/2026 12:51:05,Transceiver,transceiver_requests_slow_total_SumRequestSumResponse (requests / 1 sec)[elapsed=00:00:10.6627140;request=Transceiver.Demo.SumRequest],Rate,0
09/27/2026 12:51:05,Transceiver,transceiver_requests_slow_total_SumRequestSumResponse (requests / 1 sec)[elapsed=00:00:13.4031411;request=Transceiver.Demo.SumRequest],Rate,0
09/27/2026 12:51:05,Transceiver,transceiver_requests_total_MultiplyRequestMultiplyResponse (requests / 1 sec),Rate,1364
09/27/2026 12:51:05,Transceiver,transceiver_requests_slow_total_MultiplyRequestMultiplyResponse (requests / 1 sec)[elapsed=00:00:10.6628511;request=Transceiver.Demo.MultiplyRequest],Rate,0
09/27/2026 12:51:05,Transceiver,transceiver_requests_slow_total_MultiplyRequestMultiplyResponse (requests / 1 sec)[elapsed=00:00:16.1271178;request=Transceiver.Demo.MultiplyRequest],Rate,0
09/27/2026 12:51:05,Transceiver,transceiver_receive_object_duration (ms)[Percentile=50],Metric,0.04559326171875
09/27/2026 12:51:05,Transceiver,transceiver_receive_object_duration (ms)[Percentile=95],Metric,0.086669921875
09/27/2026 12:51:05,Transceiver,transceiver_receive_object_duration (ms)[Percentile=99],Metric,0.153564453125
09/27/2026 12:51:05,Transceiver,transceiver_requests_total_SumRequestSumResponse (requests / 1 sec),Rate,1344
09/27/2026 12:51:06,Transceiver,transceiver_requests_slow_total_SumRequestSumResponse (requests / 1 sec)[elapsed=00:00:10.6627140;request=Transceiver.Demo.SumRequest],Rate,0
09/27/2026 12:51:06,Transceiver,transceiver_requests_slow_total_SumRequestSumResponse (requests / 1 sec)[elapsed=00:00:13.4031411;request=Transceiver.Demo.SumRequest],Rate,0
09/27/2026 12:51:06,Transceiver,transceiver_requests_total_MultiplyRequestMultiplyResponse (requests / 1 sec),Rate,1083
09/27/2026 12:51:06,Transceiver,transceiver_requests_slow_total_MultiplyRequestMultiplyResponse (requests / 1 sec)[elapsed=00:00:10.6628511;request=Transceiver.Demo.MultiplyRequest],Rate,0
09/27/2026 12:51:06,Transceiver,transceiver_requests_slow_total_MultiplyRequestMultiplyResponse (requests / 1 sec)[elapsed=00:00:16.1271178;request=Transceiver.Demo.MultiplyRequest],Rate,0
09/27/2026 12:51:06,Transceiver,transceiver_receive_object_duration (ms)[Percentile=50],Metric,0.04376220703125
09/27/2026 12:51:06,Transceiver,transceiver_receive_object_duration (ms)[Percentile=95],Metric,0.083984375
09/27/2026 12:51:06,Transceiver,transceiver_receive_object_duration (ms)[Percentile=99],Metric,0.156494140625
09/27/2026 12:51:06,Transceiver,transceiver_requests_total_SumRequestSumResponse (requests / 1 sec),Rate,1080
09/27/2026 12:51:07,Transceiver,transceiver_requests_slow_total_SumRequestSumResponse (requests / 1 sec)[elapsed=00:00:10.6627140;request=Transceiver.Demo.SumRequest],Rate,0
09/27/2026 12:51:07,Transceiver,transceiver_requests_slow_total_SumRequestSumResponse (requests / 1 sec)[elapsed=00:00:13.4031411;request=Transceiver.Demo.SumRequest],Rate,0
09/27/2026 12:51:07,Transceiver,transceiver_requests_total_MultiplyRequestMultiplyResponse (requests / 1 sec),Rate,1086
09/27/2026 12:51:07,Transceiver,transceiver_requests_slow_total_MultiplyRequestMultiplyResponse (requests / 1 sec)[elapsed=00:00:10.6628511;request=Transceiver.Demo.MultiplyRequest],Rate,0
09/27/2026 12:51:07,Transceiver,transceiver_requests_slow_total_MultiplyRequestMultiplyResponse (requests / 1 sec)[elapsed=00:00:16.1271178;request=Transceiver.Demo.MultiplyRequest],Rate,0
09/27/2026 12:51:07,Transceiver,transceiver_receive_object_duration (ms)[Percentile=50],Metric,0.0445556640625
09/27/2026 12:51:07,Transceiver,transceiver_receive_object_duration (ms)[Percentile=95],Metric,0.0859375
09/27/2026 12:51:07,Transceiver,transceiver_receive_object_duration (ms)[Percentile=99],Metric,0.14306640625
09/27/2026 12:51:07,Transceiver,transceiver_requests_total_SumRequestSumResponse (requests / 1 sec),Rate,1073
09/27/2026 12:51:08,Transceiver,transceiver_requests_slow_total_SumRequestSumResponse (requests / 1 sec)[elapsed=00:00:10.6627140;request=Transceiver.Demo.SumRequest],Rate,0
09/27/2026 12:51:08,Transceiver,transceiver_requests_slow_total_SumRequestSumResponse (requests / 1 sec)[elapsed=00:00:13.4031411;request=Transceiver.Demo.SumRequest],Rate,0
09/27/2026 12:51:08,Transceiver,transceiver_requests_total_MultiplyRequestMultiplyResponse (requests / 1 sec),Rate,870
09/27/2026 12:51:08,Transceiver,transceiver_requests_slow_total_MultiplyRequestMultiplyResponse (requests / 1 sec)[elapsed=00:00:10.6628511;request=Transceiver.Demo.MultiplyRequest],Rate,0
09/27/2026 12:51:08,Transceiver,transceiver_requests_slow_total_MultiplyRequestMultiplyResponse (requests / 1 sec)[elapsed=00:00:16.1271178;request=Transceiver.Demo.MultiplyRequest],Rate,0
09/27/2026 12:51:08,Transceiver,transceiver_receive_object_duration (ms)[Percentile=50],Metric,0.04388427734375
09/27/2026 12:51:08,Transceiver,transceiver_receive_object_duration (ms)[Percentile=95],Metric,0.09326171875
09/27/2026 12:51:08,Transceiver,transceiver_receive_object_duration (ms)[Percentile=99],Metric,0.26123046875
09/27/2026 12:51:08,Transceiver,transceiver_requests_total_SumRequestSumResponse (requests / 1 sec),Rate,847
09/27/2026 12:51:09,Transceiver,transceiver_requests_slow_total_SumRequestSumResponse (requests / 1 sec)[elapsed=00:00:10.6627140;request=Transceiver.Demo.SumRequest],Rate,0
09/27/2026 12:51:09,Transceiver,transceiver_requests_slow_total_SumRequestSumResponse (requests / 1 sec)[elapsed=00:00:13.4031411;request=Transceiver.Demo.SumRequest],Rate,0
09/27/2026 12:51:09,Transceiver,transceiver_requests_total_MultiplyRequestMultiplyResponse (requests / 1 sec),Rate,1160
09/27/2026 12:51:09,Transceiver,transceiver_requests_slow_total_MultiplyRequestMultiplyResponse (requests / 1 sec)[elapsed=00:00:10.6628511;request=Transceiver.Demo.MultiplyRequest],Rate,0
09/27/2026 12:51:09,Transceiver,transceiver_requests_slow_total_MultiplyRequestMultiplyResponse (requests / 1 sec)[elapsed=00:00:16.1271178;request=Transceiver.Demo.MultiplyRequest],Rate,0
09/27/2026 12:51:09,Transceiver,transceiver_receive_object_duration (ms)[Percentile=50],Metric,0.04437255859375
09/27/2026 12:51:09,Transceiver,transceiver_receive_object_duration (ms)[Percentile=95],Metric,0.0845947265625
09/27/2026 12:51:09,Transceiver,transceiver_receive_object_duration (ms)[Percentile=99],Metric,0.174072265625
09/27/2026 12:51:09,Transceiver,transceiver_requests_total_SumRequestSumResponse (requests / 1 sec),Rate,1160
09/27/2026 12:51:10,Transceiver,transceiver_requests_slow_total_SumRequestSumResponse (requests / 1 sec)[elapsed=00:00:10.6627140;request=Transceiver.Demo.SumRequest],Rate,0
09/27/2026 12:51:10,Transceiver,transceiver_requests_slow_total_SumRequestSumResponse (requests / 1 sec)[elapsed=00:00:13.4031411;request=Transceiver.Demo.SumRequest],Rate,0
09/27/2026 12:51:10,Transceiver,transceiver_requests_total_MultiplyRequestMultiplyResponse (requests / 1 sec),Rate,1066
09/27/2026 12:51:10,Transceiver,transceiver_requests_slow_total_MultiplyRequestMultiplyResponse (requests / 1 sec)[elapsed=00:00:10.6628511;request=Transceiver.Demo.MultiplyRequest],Rate,0
09/27/2026 12:51:10,Transceiver,transceiver_requests_slow_total_MultiplyRequestMultiplyResponse (requests / 1 sec)[elapsed=00:00:16.1271178;request=Transceiver.Demo.MultiplyRequest],Rate,0
09/27/2026 12:51:10,Transceiver,transceiver_receive_object_duration (ms)[Percentile=50],Metric,0.03924560546875
09/27/2026 12:51:10,Transceiver,transceiver_receive_object_duration (ms)[Percentile=95],Metric,0.0767822265625
09/27/2026 12:51:10,Transceiver,transceiver_receive_object_duration (ms)[Percentile=99],Metric,0.140380859375
09/27/2026 12:51:10,Transceiver,transceiver_requests_total_SumRequestSumResponse (requests / 1 sec),Rate,1053
09/27/2026 12:51:11,Transceiver,transceiver_requests_slow_total_SumRequestSumResponse (requests / 1 sec)[elapsed=00:00:10.6627140;request=Transceiver.Demo.SumRequest],Rate,0
09/27/2026 12:51:11,Transceiver,transceiver_requests_slow_total_SumRequestSumResponse (requests / 1 sec)[elapsed=00:00:13.4031411;request=Transceiver.Demo.SumRequest],Rate,0
09/27/2026 12:51:11,Transceiver,transceiver_requests_total_MultiplyRequestMultiplyResponse (requests / 1 sec),Rate,1022
09/27/2026 12:51:11,Transceiver,transceiver_requests_slow_total_MultiplyRequestMultiplyResponse (requests / 1 sec)[elapsed=00:00:10.6628511;request=Transceiver.Demo.MultiplyRequest],Rate,0
09/27/2026 12:51:11,Transceiver,transceiver_requests_slow_total_MultiplyRequestMultiplyResponse (requests / 1 sec)[elapsed=00:00:16.1271178;request=Transceiver.Demo.MultiplyRequest],Rate,0
09/27/2026 12:51:11,Transceiver,transceiver_receive_object_duration (ms)[Percentile=50],Metric,0.0423583984375
09/27/2026 12:51:11,Transceiver,transceiver_receive_object_duration (ms)[Percentile=95],Metric,0.0853271484375
09/27/2026 12:51:11,Transceiver,transceiver_receive_object_duration (ms)[Percentile=99],Metric,0.15625
09/27/2026 12:51:11,Transceiver,transceiver_requests_total_SumRequestSumResponse (requests / 1 sec),Rate,1024
09/27/2026 12:51:12,Transceiver,transceiver_requests_slow_total_SumRequestSumResponse (requests / 1 sec)[elapsed=00:00:10.6627140;request=Transceiver.Demo.SumRequest],Rate,0
09/27/2026 12:51:12,Transceiver,transceiver_requests_slow_total_SumRequestSumResponse (requests / 1 sec)[elapsed=00:00:13.4031411;request=Transceiver.Demo.SumRequest],Rate,0
09/27/2026 12:51:12,Transceiver,transceiver_requests_total_MultiplyRequestMultiplyResponse (requests / 1 sec),Rate,1121
09/27/2026 12:51:12,Transceiver,transceiver_requests_slow_total_MultiplyRequestMultiplyResponse (requests / 1 sec)[elapsed=00:00:10.6628511;request=Transceiver.Demo.MultiplyRequest],Rate,0
09/27/2026 12:51:12,Transceiver,transceiver_requests_slow_total_MultiplyRequestMultiplyResponse (requests / 1 sec)[elapsed=00:00:16.1271178;request=Transceiver.Demo.MultiplyRequest],Rate,0
09/27/2026 12:51:12,Transceiver,transceiver_receive_object_duration (ms)[Percentile=50],Metric,0.04345703125
09/27/2026 12:51:12,Transceiver,transceiver_receive_object_duration (ms)[Percentile=95],Metric,0.076416015625
09/27/2026 12:51:12,Transceiver,transceiver_receive_object_duration (ms)[Percentile=99],Metric,0.1248779296875
09/27/2026 12:51:12,Transceiver,transceiver_requests_total_SumRequestSumResponse (requests / 1 sec),Rate,1126
09/27/2026 12:51:13,Transceiver,transceiver_requests_slow_total_SumRequestSumResponse (requests / 1 sec)[elapsed=00:00:10.6627140;request=Transceiver.Demo.SumRequest],Rate,0
09/27/2026 12:51:13,Transceiver,transceiver_requests_slow_total_SumRequestSumResponse (requests / 1 sec)[elapsed=00:00:13.4031411;request=Transceiver.Demo.SumRequest],Rate,0
09/27/2026 12:51:13,Transceiver,transceiver_requests_total_MultiplyRequestMultiplyResponse (requests / 1 sec),Rate,957
09/27/2026 12:51:13,Transceiver,transceiver_requests_slow_total_MultiplyRequestMultiplyResponse (requests / 1 sec)[elapsed=00:00:10.6628511;request=Transceiver.Demo.MultiplyRequest],Rate,0
09/27/2026 12:51:13,Transceiver,transceiver_requests_slow_total_MultiplyRequestMultiplyResponse (requests / 1 sec)[elapsed=00:00:16.1271178;request=Transceiver.Demo.MultiplyRequest],Rate,0
09/27/2026 12:51:13,Transceiver,transceiver_receive_object_duration (ms)[Percentile=50],Metric,0.04327392578125
09/27/2026 12:51:13,Transceiver,transceiver_receive_object_duration (ms)[Percentile=95],Metric,0.0843505859375
09/27/2026 12:51:13,Transceiver,transceiver_receive_object_duration (ms)[Percentile=99],Metric,0.1158447265625
09/27/2026 12:51:13,Transceiver,transceiver_requests_total_SumRequestSumResponse (requests / 1 sec),Rate,959
09/27/2026 12:51:14,Transceiver,transceiver_requests_slow_total_SumRequestSumResponse (requests / 1 sec)[elapsed=00:00:10.6627140;request=Transceiver.Demo.SumRequest],Rate,0
09/27/2026 12:51:14,Transceiver,transceiver_requests_slow_total_SumRequestSumResponse (requests / 1 sec)[elapsed=00:00:13.4031411;request=Transceiver.Demo.SumRequest],Rate,0
09/27/2026 12:51:14,Transceiver,transceiver_requests_total_MultiplyRequestMultiplyResponse (requests / 1 sec),Rate,914
09/27/2026 12:51:14,Transceiver,transceiver_requests_slow_total_MultiplyRequestMultiplyResponse (requests / 1 sec)[elapsed=00:00:10.6628511;request=Transceiver.Demo.MultiplyRequest],Rate,0
09/27/2026 12:51:14,Transceiver,transceiver_requests_slow_total_MultiplyRequestMultiplyResponse (requests / 1 sec)[elapsed=00:00:16.1271178;request=Transceiver.Demo.MultiplyRequest],Rate,0
09/27/2026 12:51:14,Transceiver,transceiver_receive_object_duration (ms)[Percentile=50],Metric,0.0406494140625
09/27/2026 12:51:14,Transceiver,transceiver_receive_object_duration (ms)[Percentile=95],Metric,0.0968017578125
09/27/2026 12:51:14,Transceiver,transceiver_receive_object_duration (ms)[Percentile=99],Metric,0.14306640625
09/27/2026 12:51:14,Transceiver,transceiver_requests_total_SumRequestSumResponse (requests / 1 sec),Rate,908
09/27/2026 12:51:15,Transceiver,transceiver_requests_slow_total_SumRequestSumResponse (requests / 1 sec)[elapsed=00:00:10.6627140;request=Transceiver.Demo.SumRequest],Rate,0
09/27/2026 12:51:15,Transceiver,transceiver_requests_slow_total_SumRequestSumResponse (requests / 1 sec)[elapsed=00:00:13.4031411;request=Transceiver.Demo.SumRequest],Rate,0
09/27/2026 12:51:15,Transceiver,transceiver_requests_total_MultiplyRequestMultiplyResponse (requests / 1 sec),Rate,1055
09/27/2026 12:51:15,Transceiver,transceiver_requests_slow_total_MultiplyRequestMultiplyResponse (requests / 1 sec)[elapsed=00:00:10.6628511;request=Transceiver.Demo.MultiplyRequest],Rate,0
09/27/2026 12:51:15,Transceiver,transceiver_requests_slow_total_MultiplyRequestMultiplyResponse (requests / 1 sec)[elapsed=00:00:16.1271178;request=Transceiver.Demo.MultiplyRequest],Rate,0
09/27/2026 12:51:15,Transceiver,transceiver_receive_object_duration (ms)[Percentile=50],Metric,0.0418701171875
09/27/2026 12:51:15,Transceiver,transceiver_receive_object_duration (ms)[Percentile=95],Metric,0.0888671875
09/27/2026 12:51:15,Transceiver,transceiver_receive_object_duration (ms)[Percentile=99],Metric,0.197998046875
09/27/2026 12:51:15,Transceiver,transceiver_requests_total_SumRequestSumResponse (requests / 1 sec),Rate,1077
09/27/2026 12:51:16,Transceiver,transceiver_requests_slow_total_SumRequestSumResponse (requests / 1 sec)[elapsed=00:00:10.6627140;request=Transceiver.Demo.SumRequest],Rate,0
09/27/2026 12:51:16,Transceiver,transceiver_requests_slow_total_SumRequestSumResponse (requests / 1 sec)[elapsed=00:00:13.4031411;request=Transceiver.Demo.SumRequest],Rate,0
09/27/2026 12:51:16,Transceiver,transceiver_requests_total_MultiplyRequestMultiplyResponse (requests / 1 sec),Rate,1059
09/27/2026 12:51:16,Transceiver,transceiver_requests_slow_total_MultiplyRequestMultiplyResponse (requests / 1 sec)[elapsed=00:00:10.6628511;request=Transceiver.Demo.MultiplyRequest],Rate,0
09/27/2026 12:51:16,Transceiver,transceiver_requests_slow_total_MultiplyRequestMultiplyResponse (requests / 1 sec)[elapsed=00:00:16.1271178;request=Transceiver.Demo.MultiplyRequest],Rate,0
09/27/2026 12:51:16,Transceiver,transceiver_receive_object_duration (ms)[Percentile=50],Metric,0.04034423828125
09/27/2026 12:51:16,Transceiver,transceiver_receive_object_duration (ms)[Percentile=95],Metric,0.0684814453125
09/27/2026 12:51:16,Transceiver,transceiver_receive_object_duration (ms)[Percentile=99],Metric,0.1134033203125
09/27/2026 12:51:16,Transceiver,transceiver_requests_total_SumRequestSumResponse (requests / 1 sec),Rate,1051
09/27/2026 12:51:17,Transceiver,transceiver_requests_slow_total_SumRequestSumResponse (requests / 1 sec)[elapsed=00:00:10.6627140;request=Transceiver.Demo.SumRequest],Rate,0
09/27/2026 12:51:17,Transceiver,transceiver_requests_slow_total_SumRequestSumResponse (requests / 1 sec)[elapsed=00:00:13.4031411;request=Transceiver.Demo.SumRequest],Rate,0
09/27/2026 12:51:17,Transceiver,transceiver_requests_total_MultiplyRequestMultiplyResponse (requests / 1 sec),Rate,973
09/27/2026 12:51:17,Transceiver,transceiver_requests_slow_total_MultiplyRequestMultiplyResponse (requests / 1 sec)[elapsed=00:00:10.6628511;request=Transceiver.Demo.MultiplyRequest],Rate,0
09/27/2026 12:51:17,Transceiver,transceiver_requests_slow_total_MultiplyRequestMultiplyResponse (requests / 1 sec)[elapsed=00:00:16.1271178;request=Transceiver.Demo.MultiplyRequest],Rate,0
09/27/2026 12:51:17,Transceiver,transceiver_receive_object_duration (ms)[Percentile=50],Metric,0.0386962890625
09/27/2026 12:51:17,Transceiver,transceiver_receive_object_duration (ms)[Percentile=95],Metric,0.080078125
09/27/2026 12:51:17,Transceiver,transceiver_receive_object_duration (ms)[Percentile=99],Metric,0.154296875
09/27/2026 12:51:17,Transceiver,transceiver_requests_total_SumRequestSumResponse (requests / 1 sec),Rate,965
09/27/2026 12:51:18,Transceiver,transceiver_requests_slow_total_SumRequestSumResponse (requests / 1 sec)[elapsed=00:00:10.6627140;request=Transceiver.Demo.SumRequest],Rate,0
09/27/2026 12:51:18,Transceiver,transceiver_requests_slow_total_SumRequestSumResponse (requests / 1 sec)[elapsed=00:00:13.4031411;request=Transceiver.Demo.SumRequest],Rate,0
09/27/2026 12:51:18,Transceiver,transceiver_requests_total_MultiplyRequestMultiplyResponse (requests / 1 sec),Rate,1163
09/27/2026 12:51:18,Transceiver,transceiver_requests_slow_total_MultiplyRequestMultiplyResponse (requests / 1 sec)[elapsed=00:00:10.6628511;request=Transceiver.Demo.MultiplyRequest],Rate,0
09/27/2026 12:51:18,Transceiver,transceiver_requests_slow_total_MultiplyRequestMultiplyResponse (requests / 1 sec)[elapsed=00:00:16.1271178;request=Transceiver.Demo.MultiplyRequest],Rate,0
09/27/2026 12:51:18,Transceiver,transceiver_receive_object_duration (ms)[Percentile=50],Metric,0.0408935546875
09/27/2026 12:51:18,Transceiver,transceiver_receive_object_duration (ms)[Percentile=95],Metric,0.0758056640625
09/27/2026 12:51:18,Transceiver,transceiver_receive_object_duration (ms)[Percentile=99],Metric,0.1221923828125
09/27/2026 12:51:18,Transceiver,transceiver_requests_total_SumRequestSumResponse (requests / 1 sec),Rate,1159
09/27/2026 12:51:19,Transceiver,transceiver_requests_slow_total_SumRequestSumResponse (requests / 1 sec)[elapsed=00:00:10.6627140;request=Transceiver.Demo.SumRequest],Rate,0
09/27/2026 12:51:19,Transceiver,transceiver_requests_slow_total_SumRequestSumResponse (requests / 1 sec)[elapsed=00:00:13.4031411;request=Transceiver.Demo.SumRequest],Rate,0
09/27/2026 12:51:19,Transceiver,transceiver_requests_total_MultiplyRequestMultiplyResponse (requests / 1 sec),Rate,1079
09/27/2026 12:51:19,Transceiver,transceiver_requests_slow_total_MultiplyRequestMultiplyResponse (requests / 1 sec)[elapsed=00:00:10.6628511;request=Transceiver.Demo.MultiplyRequest],Rate,0
09/27/2026 12:51:19,Transceiver,transceiver_requests_slow_total_MultiplyRequestMultiplyResponse (requests / 1 sec)[elapsed=00:00:16.1271178;request=Transceiver.Demo.MultiplyRequest],Rate,0
09/27/2026 12:51:19,Transceiver,transceiver_receive_object_duration (ms)[Percentile=50],Metric,0.04254150390625
09/27/2026 12:51:19,Transceiver,transceiver_receive_object_duration (ms)[Percentile=95],Metric,0.08056640625
09/27/2026 12:51:19,Transceiver,transceiver_receive_object_duration (ms)[Percentile=99],Metric,0.1708984375
09/27/2026 12:51:19,Transceiver,transceiver_requests_total_SumRequestSumResponse (requests / 1 sec),Rate,1103
09/27/2026 12:51:20,Transceiver,transceiver_requests_slow_total_SumRequestSumResponse (requests / 1 sec)[elapsed=00:00:10.6627140;request=Transceiver.Demo.SumRequest],Rate,0
09/27/2026 12:51:20,Transceiver,transceiver_requests_slow_total_SumRequestSumResponse (requests / 1 sec)[elapsed=00:00:13.4031411;request=Transceiver.Demo.SumRequest],Rate,0
09/27/2026 12:51:20,Transceiver,transceiver_requests_total_MultiplyRequestMultiplyResponse (requests / 1 sec),Rate,1168
09/27/2026 12:51:20,Transceiver,transceiver_requests_slow_total_MultiplyRequestMultiplyResponse (requests / 1 sec)[elapsed=00:00:10.6628511;request=Transceiver.Demo.MultiplyRequest],Rate,0
09/27/2026 12:51:20,Transceiver,transceiver_requests_slow_total_MultiplyRequestMultiplyResponse (requests / 1 sec)[elapsed=00:00:16.1271178;request=Transceiver.Demo.MultiplyRequest],Rate,0
09/27/2026 12:51:20,Transceiver,transceiver_receive_object_duration (ms)[Percentile=50],Metric,0.040771484375
09/27/2026 12:51:20,Transceiver,transceiver_receive_object_duration (ms)[Percentile=95],Metric,0.076416015625
09/27/2026 12:51:20,Transceiver,transceiver_receive_object_duration (ms)[Percentile=99],Metric,0.146240234375
09/27/2026 12:51:20,Transceiver,transceiver_requests_total_SumRequestSumResponse (requests / 1 sec),Rate,1182
09/27/2026 12:51:21,Transceiver,transceiver_requests_slow_total_SumRequestSumResponse (requests / 1 sec)[elapsed=00:00:10.6627140;request=Transceiver.Demo.SumRequest],Rate,0
09/27/2026 12:51:21,Transceiver,transceiver_requests_slow_total_SumRequestSumResponse (requests / 1 sec)[elapsed=00:00:13.4031411;request=Transceiver.Demo.SumRequest],Rate,0
09/27/2026 12:51:21,Transceiver,transceiver_requests_total_MultiplyRequestMultiplyResponse (requests / 1 sec),Rate,802
09/27/2026 12:51:21,Transceiver,transceiver_requests_slow_total_MultiplyRequestMultiplyResponse (requests / 1 sec)[elapsed=00:00:10.6628511;request=Transceiver.Demo.MultiplyRequest],Rate,0
09/27/2026 12:51:21,Transceiver,transceiver_requests_slow_total_MultiplyRequestMultiplyResponse (requests / 1 sec)[elapsed=00:00:16.1271178;request=Transceiver.Demo.MultiplyRequest],Rate,0
09/27/2026 12:51:21,Transceiver,transceiver_receive_object_duration (ms)[Percentile=50],Metric,0.04168701171875
09/27/2026 12:51:21,Transceiver,transceiver_receive_object_duration (ms)[Percentile=95],Metric,0.08837890625
09/27/2026 12:51:21,Transceiver,transceiver_receive_object_duration (ms)[Percentile=99],Metric,0.175537109375
09/27/2026 12:51:21,Transceiver,transceiver_requests_total_SumRequestSumResponse (requests / 1 sec),Rate,832
09/27/2026 12:51:22,Transceiver,transceiver_requests_slow_total_SumRequestSumResponse (requests / 1 sec)[elapsed=00:00:10.6627140;request=Transceiver.Demo.SumRequest],Rate,0
09/27/2026 12:51:22,Transceiver,transceiver_requests_slow_total_SumRequestSumResponse (requests / 1 sec)[elapsed=00:00:13.4031411;request=Transceiver.Demo.SumRequest],Rate,0
09/27/2026 12:51:22,Transceiver,transceiver_requests_total_MultiplyRequestMultiplyResponse (requests / 1 sec),Rate,912
09/27/2026 12:51:22,Transceiver,transceiver_requests_slow_total_MultiplyRequestMultiplyResponse (requests / 1 sec)[elapsed=00:00:10.6628511;request=Transceiver.Demo.MultiplyRequest],Rate,0
09/27/2026 12:51:22,Transceiver,transceiver_requests_slow_total_MultiplyRequestMultiplyResponse (requests / 1 sec)[elapsed=00:00:16.1271178;request=Transceiver.Demo.MultiplyRequest],Rate,0
09/27/2026 12:51:22,Transceiver,transceiver_receive_object_duration (ms)[Percentile=50],Metric,0.04327392578125
09/27/2026 12:51:22,Transceiver,transceiver_receive_object_duration (ms)[Percentile=95],Metric,0.0965576171875
09/27/2026 12:51:22,Transceiver,transceiver_receive_object_duration (ms)[Percentile=99],Metric,0.206298828125
09/27/2026 12:51:22,Transceiver,transceiver_requests_total_SumRequestSumResponse (requests / 1 sec),Rate,912
09/27/2026 12:51:23,Transceiver,transceiver_requests_slow_total_SumRequestSumResponse (requests / 1 sec)[elapsed=00:00:10.6627140;request=Transceiver.Demo.SumRequest],Rate,0
09/27/2026 12:51:23,Transceiver,transceiver_requests_slow_total_SumRequestSumResponse (requests / 1 sec)[elapsed=00:00:13.4031411;request=Transceiver.Demo.SumRequest],Rate,0
09/27/2026 12:51:23,Transceiver,transceiver_requests_total_MultiplyRequestMultiplyResponse (requests / 1 sec),Rate,732
09/27/2026 12:51:23,Transceiver,transceiver_requests_slow_total_MultiplyRequestMultiplyResponse (requests / 1 sec)[elapsed=00:00:10.6628511;request=Transceiver.Demo.MultiplyRequest],Rate,0
09/27/2026 12:51:23,Transceiver,transceiver_requests_slow_total_MultiplyRequestMultiplyResponse (requests / 1 sec)[elapsed=00:00:16.1271178;request=Transceiver.Demo.MultiplyRequest],Rate,0
09/27/2026 12:51:23,Transceiver,transceiver_receive_object_duration (ms)[Percentile=50],Metric,0.04669189453125
09/27/2026 12:51:23,Transceiver,transceiver_receive_object_duration (ms)[Percentile=95],Metric,0.086181640625
09/27/2026 12:51:23,Transceiver,transceiver_receive_object_duration (ms)[Percentile=99],Metric,0.13427734375
09/27/2026 12:51:23,Transceiver,transceiver_requests_total_SumRequestSumResponse (requests / 1 sec),Rate,738
09/27/2026 12:51:24,Transceiver,transceiver_requests_slow_total_SumRequestSumResponse (requests / 1 sec)[elapsed=00:00:10.6627140;request=Transceiver.Demo.SumRequest],Rate,0
09/27/2026 12:51:24,Transceiver,transceiver_requests_slow_total_SumRequestSumResponse (requests / 1 sec)[elapsed=00:00:13.4031411;request=Transceiver.Demo.SumRequest],Rate,0
09/27/2026 12:51:24,Transceiver,transceiver_requests_total_MultiplyRequestMultiplyResponse (requests / 1 sec),Rate,979
09/27/2026 12:51:24,Transceiver,transceiver_requests_slow_total_MultiplyRequestMultiplyResponse (requests / 1 sec)[elapsed=00:00:10.6628511;request=Transceiver.Demo.MultiplyRequest],Rate,0
09/27/2026 12:51:24,Transceiver,transceiver_requests_slow_total_MultiplyRequestMultiplyResponse (requests / 1 sec)[elapsed=00:00:16.1271178;request=Transceiver.Demo.MultiplyRequest],Rate,0
09/27/2026 12:51:24,Transceiver,transceiver_receive_object_duration (ms)[Percentile=50],Metric,0.0428466796875
09/27/2026 12:51:24,Transceiver,transceiver_receive_object_duration (ms)[Percentile=95],Metric,0.077392578125
09/27/2026 12:51:24,Transceiver,transceiver_receive_object_duration (ms)[Percentile=99],Metric,0.133056640625
09/27/2026 12:51:24,Transceiver,transceiver_requests_total_SumRequestSumResponse (requests / 1 sec),Rate,995
09/27/2026 12:51:25,Transceiver,transceiver_requests_slow_total_SumRequestSumResponse (requests / 1 sec)[elapsed=00:00:10.6627140;request=Transceiver.Demo.SumRequest],Rate,0
09/27/2026 12:51:25,Transceiver,transceiver_requests_slow_total_SumRequestSumResponse (requests / 1 sec)[elapsed=00:00:13.4031411;request=Transceiver.Demo.SumRequest],Rate,0
09/27/2026 12:51:25,Transceiver,transceiver_requests_total_MultiplyRequestMultiplyResponse (requests / 1 sec),Rate,865
09/27/2026 12:51:25,Transceiver,transceiver_requests_slow_total_MultiplyRequestMultiplyResponse (requests / 1 sec)[elapsed=00:00:10.6628511;request=Transceiver.Demo.MultiplyRequest],Rate,0
09/27/2026 12:51:25,Transceiver,transceiver_requests_slow_total_MultiplyRequestMultiplyResponse (requests / 1 sec)[elapsed=00:00:16.1271178;request=Transceiver.Demo.MultiplyRequest],Rate,0
09/27/2026 12:51:25,Transceiver,transceiver_receive_object_duration (ms)[Percentile=50],Metric,0.0479736328125
09/27/2026 12:51:25,Transceiver,transceiver_receive_object_duration (ms)[Percentile=95],Metric,0.10400390625
09/27/2026 12:51:25,Transceiver,transceiver_receive_object_duration (ms)[Percentile=99],Metric,0.14599609375
09/27/2026 12:51:25,Transceiver,transceiver_requests_total_SumRequestSumResponse (requests / 1 sec),Rate,866
09/27/2026 12:51:26,Transceiver,transceiver_requests_slow_total_SumRequestSumResponse (requests / 1 sec)[elapsed=00:00:10.6627140;request=Transceiver.Demo.SumRequest],Rate,0
09/27/2026 12:51:26,Transceiver,transceiver_requests_slow_total_SumRequestSumResponse (requests / 1 sec)[elapsed=00:00:13.4031411;request=Transceiver.Demo.SumRequest],Rate,0
09/27/2026 12:51:26,Transceiver,transceiver_requests_total_MultiplyRequestMultiplyResponse (requests / 1 sec),Rate,788
09/27/2026 12:51:26,Transceiver,transceiver_requests_slow_total_MultiplyRequestMultiplyResponse (requests / 1 sec)[elapsed=00:00:10.6628511;request=Transceiver.Demo.MultiplyRequest],Rate,0
09/27/2026 12:51:26,Transceiver,transceiver_requests_slow_total_MultiplyRequestMultiplyResponse (requests / 1 sec)[elapsed=00:00:16.1271178;request=Transceiver.Demo.MultiplyRequest],Rate,0
09/27/2026 12:51:26,Transceiver,transceiver_receive_object_duration (ms)[Percentile=50],Metric,0.0478515625
09/27/2026 12:51:26,Transceiver,transceiver_receive_object_duration (ms)[Percentile=95],Metric,0.1021728515625
09/27/2026 12:51:26,Transceiver,transceiver_receive_object_duration (ms)[Percentile=99],Metric,0.168212890625
09/27/2026 12:51:26,Transceiver,transceiver_requests_total_SumRequestSumResponse (requests / 1 sec),Rate,786
09/27/2026 12:51:27,Transceiver,transceiver_requests_slow_total_SumRequestSumResponse (requests / 1 sec)[elapsed=00:00:10.6627140;request=Transceiver.Demo.SumRequest],Rate,0
09/27/2026 12:51:27,Transceiver,transceiver_requests_slow_total_SumRequestSumResponse (requests / 1 sec)[elapsed=00:00:13.4031411;request=Transceiver.Demo.SumRequest],Rate,0
09/27/2026 12:51:27,Transceiver,transceiver_requests_total_MultiplyRequestMultiplyResponse (requests / 1 sec),Rate,1034
09/27/2026 12:51:27,Transceiver,transceiver_requests_slow_total_MultiplyRequestMultiplyResponse (requests / 1 sec)[elapsed=00:00:10.6628511;request=Transceiver.Demo.MultiplyRequest],Rate,0
09/27/2026 12:51:27,Transceiver,transceiver_requests_slow_total_MultiplyRequestMultiplyResponse (requests / 1 sec)[elapsed=00:00:16.1271178;request=Transceiver.Demo.MultiplyRequest],Rate,0
09/27/2026 12:51:27,Transceiver,transceiver_receive_object_duration (ms)[Percentile=50],Metric,0.04168701171875
09/27/2026 12:51:27,Transceiver,transceiver_receive_object_duration (ms)[Percentile=95],Metric,0.0855712890625
09/27/2026 12:51:27,Transceiver,transceiver_receive_object_duration (ms)[Percentile=99],Metric,0.123291015625
09/27/2026 12:51:27,Transceiver,transceiver_requests_total_SumRequestSumResponse (requests / 1 sec),Rate,1033
09/27/2026 12:51:28,Transceiver,transceiver_requests_slow_total_SumRequestSumResponse (requests / 1 sec)[elapsed=00:00:10.6627140;request=Transceiver.Demo.SumRequest],Rate,0
09/27/2026 12:51:28,Transceiver,transceiver_requests_slow_total_SumRequestSumResponse (requests / 1 sec)[elapsed=00:00:13.4031411;request=Transceiver.Demo.SumRequest],Rate,0
09/27/2026 12:51:28,Transceiver,transceiver_requests_total_MultiplyRequestMultiplyResponse (requests / 1 sec),Rate,1120
09/27/2026 12:51:28,Transceiver,transceiver_requests_slow_total_MultiplyRequestMultiplyResponse (requests / 1 sec)[elapsed=00:00:10.6628511;request=Transceiver.Demo.MultiplyRequest],Rate,0
09/27/2026 12:51:28,Transceiver,transceiver_requests_slow_total_MultiplyRequestMultiplyResponse (requests / 1 sec)[elapsed=00:00:16.1271178;request=Transceiver.Demo.MultiplyRequest],Rate,0
09/27/2026 12:51:28,Transceiver,transceiver_receive_object_duration (ms)[Percentile=50],Metric,0.03924560546875
09/27/2026 12:51:28,Transceiver,transceiver_receive_object_duration (ms)[Percentile=95],Metric,0.0750732421875
09/27/2026 12:51:28,Transceiver,transceiver_receive_object_duration (ms)[Percentile=99],Metric,0.140380859375
09/27/2026 12:51:28,Transceiver,transceiver_requests_total_SumRequestSumResponse (requests / 1 sec),Rate,1118
09/27/2026 12:51:29,Transceiver,transceiver_requests_slow_total_SumRequestSumResponse (requests / 1 sec)[elapsed=00:00:10.6627140;request=Transceiver.Demo.SumRequest],Rate,0
09/27/2026 12:51:29,Transceiver,transceiver_requests_slow_total_SumRequestSumResponse (requests / 1 sec)[elapsed=00:00:13.4031411;request=Transceiver.Demo.SumRequest],Rate,0
09/27/2026 12:51:29,Transceiver,transceiver_requests_total_MultiplyRequestMultiplyResponse (requests / 1 sec),Rate,1255
09/27/2026 12:51:29,Transceiver,transceiver_requests_slow_total_MultiplyRequestMultiplyResponse (requests / 1 sec)[elapsed=00:00:10.6628511;request=Transceiver.Demo.MultiplyRequest],Rate,0
09/27/2026 12:51:29,Transceiver,transceiver_requests_slow_total_MultiplyRequestMultiplyResponse (requests / 1 sec)[elapsed=00:00:16.1271178;request=Transceiver.Demo.MultiplyRequest],Rate,0
09/27/2026 12:51:29,Transceiver,transceiver_receive_object_duration (ms)[Percentile=50],Metric,0.04449462890625
09/27/2026 12:51:29,Transceiver,transceiver_receive_object_duration (ms)[Percentile=95],Metric,0.079833984375
09/27/2026 12:51:29,Transceiver,transceiver_receive_object_duration (ms)[Percentile=99],Metric,0.12841796875
09/27/2026 12:51:29,Transceiver,transceiver_requests_total_SumRequestSumResponse (requests / 1 sec),Rate,1244
09/27/2026 12:51:30,Transceiver,transceiver_requests_slow_total_SumRequestSumResponse (requests / 1 sec)[elapsed=00:00:10.6627140;request=Transceiver.Demo.SumRequest],Rate,0
09/27/2026 12:51:30,Transceiver,transceiver_requests_slow_total_SumRequestSumResponse (requests / 1 sec)[elapsed=00:00:13.4031411;request=Transceiver.Demo.SumRequest],Rate,0
09/27/2026 12:51:30,Transceiver,transceiver_requests_total_MultiplyRequestMultiplyResponse (requests / 1 sec),Rate,959
09/27/2026 12:51:30,Transceiver,transceiver_requests_slow_total_MultiplyRequestMultiplyResponse (requests / 1 sec)[elapsed=00:00:10.6628511;request=Transceiver.Demo.MultiplyRequest],Rate,0
09/27/2026 12:51:30,Transceiver,transceiver_requests_slow_total_MultiplyRequestMultiplyResponse (requests / 1 sec)[elapsed=00:00:16.1271178;request=Transceiver.Demo.MultiplyRequest],Rate,0
09/27/2026 12:51:30,Transceiver,transceiver_receive_object_duration (ms)[Percentile=50],Metric,0.0428466796875
09/27/2026 12:51:30,Transceiver,transceiver_receive_object_duration (ms)[Percentile=95],Metric,0.082763671875
09/27/2026 12:51:30,Transceiver,transceiver_receive_object_duration (ms)[Percentile=99],Metric,0.133544921875
09/27/2026 12:51:30,Transceiver,transceiver_requests_total_SumRequestSumResponse (requests / 1 sec),Rate,956
09/27/2026 12:51:31,Transceiver,transceiver_requests_slow_total_SumRequestSumResponse (requests / 1 sec)[elapsed=00:00:10.6627140;request=Transceiver.Demo.SumRequest],Rate,0
09/27/2026 12:51:31,Transceiver,transceiver_requests_slow_total_SumRequestSumResponse (requests / 1 sec)[elapsed=00:00:13.4031411;request=Transceiver.Demo.SumRequest],Rate,0
09/27/2026 12:51:31,Transceiver,transceiver_requests_total_MultiplyRequestMultiplyResponse (requests / 1 sec),Rate,1072
09/27/2026 12:51:31,Transceiver,transceiver_requests_slow_total_MultiplyRequestMultiplyResponse (requests / 1 sec)[elapsed=00:00:10.6628511;request=Transceiver.Demo.MultiplyRequest],Rate,0
09/27/2026 12:51:31,Transceiver,transceiver_requests_slow_total_MultiplyRequestMultiplyResponse (requests / 1 sec)[elapsed=00:00:16.1271178;request=Transceiver.Demo.MultiplyRequest],Rate,0
09/27/2026 12:51:31,Transceiver,transceiver_receive_object_duration (ms)[Percentile=50],Metric,0.04376220703125
09/27/2026 12:51:31,Transceiver,transceiver_receive_object_duration (ms)[Percentile=95],Metric,0.08544921875
09/27/2026 12:51:31,Transceiver,transceiver_receive_object_duration (ms)[Percentile=99],Metric,0.14990234375
09/27/2026 12:51:31,Transceiver,transceiver_requests_total_SumRequestSumResponse (requests / 1 sec),Rate,1068
09/27/2026 12:51:32,Transceiver,transceiver_requests_slow_total_SumRequestSumResponse (requests / 1 sec)[elapsed=00:00:10.6627140;request=Transceiver.Demo.SumRequest],Rate,0
09/27/2026 12:51:32,Transceiver,transceiver_requests_slow_total_SumRequestSumResponse (requests / 1 sec)[elapsed=00:00:13.4031411;request=Transceiver.Demo.SumRequest],Rate,0
09/27/2026 12:51:32,Transceiver,transceiver_requests_total_MultiplyRequestMultiplyResponse (requests / 1 sec),Rate,938
09/27/2026 12:51:32,Transceiver,transceiver_requests_slow_total_MultiplyRequestMultiplyResponse (requests / 1 sec)[elapsed=00:00:10.6628511;request=Transceiver.Demo.MultiplyRequest],Rate,0
09/27/2026 12:51:32,Transceiver,transceiver_requests_slow_total_MultiplyRequestMultiplyResponse (requests / 1 sec)[elapsed=00:00:16.1271178;request=Transceiver.Demo.MultiplyRequest],Rate,0
09/27/2026 12:51:32,Transceiver,transceiver_receive_object_duration (ms)[Percentile=50],Metric,0.04217529296875
09/27/2026 12:51:32,Transceiver,transceiver_receive_object_duration (ms)[Percentile=95],Metric,0.0816650390625
09/27/2026 12:51:32,Transceiver,transceiver_receive_object_duration (ms)[Percentile=99],Metric,0.138427734375
09/27/2026 12:51:32,Transceiver,transceiver_requests_total_SumRequestSumResponse (requests / 1 sec),Rate,935
09/27/2026 12:51:33,Transceiver,transceiver_requests_slow_total_SumRequestSumResponse (requests / 1 sec)[elapsed=00:00:10.6627140;request=Transceiver.Demo.SumRequest],Rate,0
09/27/2026 12:51:33,Transceiver,transceiver_requests_slow_total_SumRequestSumResponse (requests / 1 sec)[elapsed=00:00:13.4031411;request=Transceiver.Demo.SumRequest],Rate,0
09/27/2026 12:51:33,Transceiver,transceiver_requests_total_MultiplyRequestMultiplyResponse (requests / 1 sec),Rate,1022
09/27/2026 12:51:33,Transceiver,transceiver_requests_slow_total_MultiplyRequestMultiplyResponse (requests / 1 sec)[elapsed=00:00:10.6628511;request=Transceiver.Demo.MultiplyRequest],Rate,0
09/27/2026 12:51:33,Transceiver,transceiver_requests_slow_total_MultiplyRequestMultiplyResponse (requests / 1 sec)[elapsed=00:00:16.1271178;request=Transceiver.Demo.MultiplyRequest],Rate,0
09/27/2026 12:51:33,Transceiver,transceiver_receive_object_duration (ms)[Percentile=50],Metric,0.0435791015625
09/27/2026 12:51:33,Transceiver,transceiver_receive_object_duration (ms)[Percentile=95],Metric,0.08447265625
09/27/2026 12:51:33,Transceiver,transceiver_receive_object_duration (ms)[Percentile=99],Metric,0.16357421875
09/27/2026 12:51:33,Transceiver,transceiver_requests_total_SumRequestSumResponse (requests / 1 sec),Rate,1019
09/27/2026 12:51:34,Transceiver,transceiver_requests_slow_total_SumRequestSumResponse (requests / 1 sec)[elapsed=00:00:10.6627140;request=Transceiver.Demo.SumRequest],Rate,0
09/27/2026 12:51:34,Transceiver,transceiver_requests_slow_total_SumRequestSumResponse (requests / 1 sec)[elapsed=00:00:13.4031411;request=Transceiver.Demo.SumRequest],Rate,0
09/27/2026 12:51:34,Transceiver,transceiver_requests_total_MultiplyRequestMultiplyResponse (requests / 1 sec),Rate,1194
09/27/2026 12:51:34,Transceiver,transceiver_requests_slow_total_MultiplyRequestMultiplyResponse (requests / 1 sec)[elapsed=00:00:10.6628511;request=Transceiver.Demo.MultiplyRequest],Rate,0
09/27/2026 12:51:34,Transceiver,transceiver_requests_slow_total_MultiplyRequestMultiplyResponse (requests / 1 sec)[elapsed=00:00:16.1271178;request=Transceiver.Demo.MultiplyRequest],Rate,0
09/27/2026 12:51:34,Transceiver,transceiver_receive_object_duration (ms)[Percentile=50],Metric,0.04217529296875
09/27/2026 12:51:34,Transceiver,transceiver_receive_object_duration (ms)[Percentile=95],Metric,0.0821533203125
09/27/2026 12:51:34,Transceiver,transceiver_receive_object_duration (ms)[Percentile=99],Metric,0.13037109375
09/27/2026 12:51:34,Transceiver,transceiver_requests_total_SumRequestSumResponse (requests / 1 sec),Rate,1183
09/27/2026 12:51:35,Transceiver,transceiver_requests_slow_total_SumRequestSumResponse (requests / 1 sec)[elapsed=00:00:10.6627140;request=Transceiver.Demo.SumRequest],Rate,0
09/27/2026 12:51:35,Transceiver,transceiver_requests_slow_total_SumRequestSumResponse (requests / 1 sec)[elapsed=00:00:13.4031411;request=Transceiver.Demo.SumRequest],Rate,0
09/27/2026 12:51:35,Transceiver,transceiver_requests_total_MultiplyRequestMultiplyResponse (requests / 1 sec),Rate,1085
09/27/2026 12:51:35,Transceiver,transceiver_requests_slow_total_MultiplyRequestMultiplyResponse (requests / 1 sec)[elapsed=00:00:10.6628511;request=Transceiver.Demo.MultiplyRequest],Rate,0
09/27/2026 12:51:35,Transceiver,transceiver_requests_slow_total_MultiplyRequestMultiplyResponse (requests / 1 sec)[elapsed=00:00:16.1271178;request=Transceiver.Demo.MultiplyRequest],Rate,0
09/27/2026 12:51:35,Transceiver,transceiver_receive_object_duration (ms)[Percentile=50],Metric,0.04095458984375
09/27/2026 12:51:35,Transceiver,transceiver_receive_object_duration (ms)[Percentile=95],Metric,0.0838623046875
09/27/2026 12:51:35,Transceiver,transceiver_receive_object_duration (ms)[Percentile=99],Metric,0.14306640625
09/27/2026 12:51:35,Transceiver,transceiver_requests_total_SumRequestSumResponse (requests / 1 sec),Rate,1089
09/27/2026 12:51:36,Transceiver,transceiver_requests_slow_total_SumRequestSumResponse (requests / 1 sec)[elapsed=00:00:10.6627140;request=Transceiver.Demo.SumRequest],Rate,0
09/27/2026 12:51:36,Transceiver,transceiver_requests_slow_total_SumRequestSumResponse (requests / 1 sec)[elapsed=00:00:13.4031411;request=Transceiver.Demo.SumRequest],Rate,0
09/27/2026 12:51:36,Transceiver,transceiver_requests_total_MultiplyRequestMultiplyResponse (requests / 1 sec),Rate,1003
09/27/2026 12:51:36,Transceiver,transceiver_requests_slow_total_MultiplyRequestMultiplyResponse (requests / 1 sec)[elapsed=00:00:10.6628511;request=Transceiver.Demo.MultiplyRequest],Rate,0
09/27/2026 12:51:36,Transceiver,transceiver_requests_slow_total_MultiplyRequestMultiplyResponse (requests / 1 sec)[elapsed=00:00:16.1271178;request=Transceiver.Demo.MultiplyRequest],Rate,0
09/27/2026 12:51:36,Transceiver,transceiver_receive_object_duration (ms)[Percentile=50],Metric,0.04327392578125
09/27/2026 12:51:36,Transceiver,transceiver_receive_object_duration (ms)[Percentile=95],Metric,0.098876953125
09/27/2026 12:51:36,Transceiver,transceiver_receive_object_duration (ms)[Percentile=99],Metric,0.164794921875
09/27/2026 12:51:36,Transceiver,transceiver_requests_total_SumRequestSumResponse (requests / 1 sec),Rate,1020
09/27/2026 12:51:37,Transceiver,transceiver_requests_slow_total_SumRequestSumResponse (requests / 1 sec)[elapsed=00:00:10.6627140;request=Transceiver.Demo.SumRequest],Rate,0
09/27/2026 12:51:37,Transceiver,transceiver_requests_slow_total_SumRequestSumResponse (requests / 1 sec)[elapsed=00:00:13.4031411;request=Transceiver.Demo.SumRequest],Rate,0
09/27/2026 12:51:37,Transceiver,transceiver_requests_total_MultiplyRequestMultiplyResponse (requests / 1 sec),Rate,822
09/27/2026 12:51:37,Transceiver,transceiver_requests_slow_total_MultiplyRequestMultiplyResponse (requests / 1 sec)[elapsed=00:00:10.6628511;request=Transceiver.Demo.MultiplyRequest],Rate,0
09/27/2026 12:51:37,Transceiver,transceiver_requests_slow_total_MultiplyRequestMultiplyResponse (requests / 1 sec)[elapsed=00:00:16.1271178;request=Transceiver.Demo.MultiplyRequest],Rate,0
09/27/2026 12:51:37,Transceiver,transceiver_receive_object_duration (ms)[Percentile=50],Metric,0.05438232421875
09/27/2026 12:51:37,Transceiver,transceiver_receive_object_duration (ms)[Percentile=95],Metric,0.111083984375
09/27/2026 12:51:37,Transceiver,transceiver_receive_object_duration (ms)[Percentile=99],Metric,0.2216796875
09/27/2026 12:51:37,Transceiver,transceiver_requests_total_SumRequestSumResponse (requests / 1 sec),Rate,831
09/27/2026 12:51:38,Transceiver,transceiver_requests_slow_total_SumRequestSumResponse (requests / 1 sec)[elapsed=00:00:10.6627140;request=Transceiver.Demo.SumRequest],Rate,0
09/27/2026 12:51:38,Transceiver,transceiver_requests_slow_total_SumRequestSumResponse (requests / 1 sec)[elapsed=00:00:13.4031411;request=Transceiver.Demo.SumRequest],Rate,0
09/27/2026 12:51:38,Transceiver,transceiver_requests_total_MultiplyRequestMultiplyResponse (requests / 1 sec),Rate,916
09/27/2026 12:51:38,Transceiver,transceiver_requests_slow_total_MultiplyRequestMultiplyResponse (requests / 1 sec)[elapsed=00:00:10.6628511;request=Transceiver.Demo.MultiplyRequest],Rate,0
09/27/2026 12:51:38,Transceiver,transceiver_requests_slow_total_MultiplyRequestMultiplyResponse (requests / 1 sec)[elapsed=00:00:16.1271178;request=Transceiver.Demo.MultiplyRequest],Rate,0
09/27/2026 12:51:38,Transceiver,transceiver_receive_object_duration (ms)[Percentile=50],Metric,0.04827880859375
09/27/2026 12:51:38,Transceiver,transceiver_receive_object_duration (ms)[Percentile=95],Metric,0.106689453125
09/27/2026 12:51:38,Transceiver,transceiver_receive_object_duration (ms)[Percentile=99],Metric,0.1650390625
09/27/2026 12:51:38,Transceiver,transceiver_requests_total_SumRequestSumResponse (requests / 1 sec),Rate,915
09/27/2026 12:51:39,Transceiver,transceiver_requests_slow_total_SumRequestSumResponse (requests / 1 sec)[elapsed=00:00:10.6627140;request=Transceiver.Demo.SumRequest],Rate,0
09/27/2026 12:51:39,Transceiver,transceiver_requests_slow_total_SumRequestSumResponse (requests / 1 sec)[elapsed=00:00:13.4031411;request=Transceiver.Demo.SumRequest],Rate,0
09/27/2026 12:51:39,Transceiver,transceiver_requests_total_MultiplyRequestMultiplyResponse (requests / 1 sec),Rate,804
09/27/2026 12:51:39,Transceiver,transceiver_requests_slow_total_MultiplyRequestMultiplyResponse (requests / 1 sec)[elapsed=00:00:10.6628511;request=Transceiver.Demo.MultiplyRequest],Rate,0
09/27/2026 12:51:39,Transceiver,transceiver_requests_slow_total_MultiplyRequestMultiplyResponse (requests / 1 sec)[elapsed=00:00:16.1271178;request=Transceiver.Demo.MultiplyRequest],Rate,0
09/27/2026 12:51:39,Transceiver,transceiver_receive_object_duration (ms)[Percentile=50],Metric,0.0528564453125
09/27/2026 12:51:39,Transceiver,transceiver_receive_object_duration (ms)[Percentile=95],Metric,0.1148681640625
09/27/2026 12:51:39,Transceiver,transceiver_receive_object_duration (ms)[Percentile=99],Metric,0.22607421875
09/27/2026 12:51:39,Transceiver,transceiver_requests_total_SumRequestSumResponse (requests / 1 sec),Rate,788
09/27/2026 12:51:40,Transceiver,transceiver_requests_slow_total_SumRequestSumResponse (requests / 1 sec)[elapsed=00:00:10.6627140;request=Transceiver.Demo.SumRequest],Rate,0
09/27/2026 12:51:40,Transceiver,transceiver_requests_slow_total_SumRequestSumResponse (requests / 1 sec)[elapsed=00:00:13.4031411;request=Transceiver.Demo.SumRequest],Rate,0
09/27/2026 12:51:40,Transceiver,transceiver_requests_total_MultiplyRequestMultiplyResponse (requests / 1 sec),Rate,775
09/27/2026 12:51:40,Transceiver,transceiver_requests_slow_total_MultiplyRequestMultiplyResponse (requests / 1 sec)[elapsed=00:00:10.6628511;request=Transceiver.Demo.MultiplyRequest],Rate,0
09/27/2026 12:51:40,Transceiver,transceiver_requests_slow_total_MultiplyRequestMultiplyResponse (requests / 1 sec)[elapsed=00:00:16.1271178;request=Transceiver.Demo.MultiplyRequest],Rate,0
09/27/2026 12:51:40,Transceiver,transceiver_receive_object_duration (ms)[Percentile=50],Metric,0.0684814453125
09/27/2026 12:51:40,Transceiver,transceiver_receive_object_duration (ms)[Percentile=95],Metric,0.16748046875
09/27/2026 12:51:40,Transceiver,transceiver_receive_object_duration (ms)[Percentile=99],Metric,1.2421875
09/27/2026 12:51:40,Transceiver,transceiver_requests_total_SumRequestSumResponse (requests / 1 sec),Rate,754
09/27/2026 12:51:41,Transceiver,transceiver_requests_slow_total_SumRequestSumResponse (requests / 1 sec)[elapsed=00:00:10.6627140;request=Transceiver.Demo.SumRequest],Rate,0
09/27/2026 12:51:41,Transceiver,transceiver_requests_slow_total_SumRequestSumResponse (requests / 1 sec)[elapsed=00:00:13.4031411;request=Transceiver.Demo.SumRequest],Rate,0
09/27/2026 12:51:41,Transceiver,transceiver_requests_total_MultiplyRequestMultiplyResponse (requests / 1 sec),Rate,928
09/27/2026 12:51:41,Transceiver,transceiver_requests_slow_total_MultiplyRequestMultiplyResponse (requests / 1 sec)[elapsed=00:00:10.6628511;request=Transceiver.Demo.MultiplyRequest],Rate,0
09/27/2026 12:51:41,Transceiver,transceiver_requests_slow_total_MultiplyRequestMultiplyResponse (requests / 1 sec)[elapsed=00:00:16.1271178;request=Transceiver.Demo.MultiplyRequest],Rate,0
09/27/2026 12:51:41,Transceiver,transceiver_receive_object_duration (ms)[Percentile=50],Metric,0.0616455078125
09/27/2026 12:51:41,Transceiver,transceiver_receive_object_duration (ms)[Percentile=95],Metric,0.1231689453125
09/27/2026 12:51:41,Transceiver,transceiver_receive_object_duration (ms)[Percentile=99],Metric,0.212890625
09/27/2026 12:51:41,Transceiver,transceiver_requests_total_SumRequestSumResponse (requests / 1 sec),Rate,915
09/27/2026 12:51:42,Transceiver,transceiver_requests_slow_total_SumRequestSumResponse (requests / 1 sec)[elapsed=00:00:10.6627140;request=Transceiver.Demo.SumRequest],Rate,0
09/27/2026 12:51:42,Transceiver,transceiver_requests_slow_total_SumRequestSumResponse (requests / 1 sec)[elapsed=00:00:13.4031411;request=Transceiver.Demo.SumRequest],Rate,0
09/27/2026 12:51:42,Transceiver,transceiver_requests_total_MultiplyRequestMultiplyResponse (requests / 1 sec),Rate,653
09/27/2026 12:51:42,Transceiver,transceiver_requests_slow_total_MultiplyRequestMultiplyResponse (requests / 1 sec)[elapsed=00:00:10.6628511;request=Transceiver.Demo.MultiplyRequest],Rate,0
09/27/2026 12:51:42,Transceiver,transceiver_requests_slow_total_MultiplyRequestMultiplyResponse (requests / 1 sec)[elapsed=00:00:16.1271178;request=Transceiver.Demo.MultiplyRequest],Rate,0
09/27/2026 12:51:42,Transceiver,transceiver_receive_object_duration (ms)[Percentile=50],Metric,0.04888916015625
09/27/2026 12:51:42,Transceiver,transceiver_receive_object_duration (ms)[Percentile=95],Metric,0.1038818359375
09/27/2026 12:51:42,Transceiver,transceiver_receive_object_duration (ms)[Percentile=99],Metric,0.1923828125
09/27/2026 12:51:42,Transceiver,transceiver_requests_total_SumRequestSumResponse (requests / 1 sec),Rate,662
09/27/2026 12:51:43,Transceiver,transceiver_requests_slow_total_SumRequestSumResponse (requests / 1 sec)[elapsed=00:00:10.6627140;request=Transceiver.Demo.SumRequest],Rate,0
09/27/2026 12:51:43,Transceiver,transceiver_requests_slow_total_SumRequestSumResponse (requests / 1 sec)[elapsed=00:00:13.4031411;request=Transceiver.Demo.SumRequest],Rate,0
09/27/2026 12:51:43,Transceiver,transceiver_requests_total_MultiplyRequestMultiplyResponse (requests / 1 sec),Rate,869
09/27/2026 12:51:43,Transceiver,transceiver_requests_slow_total_MultiplyRequestMultiplyResponse (requests / 1 sec)[elapsed=00:00:10.6628511;request=Transceiver.Demo.MultiplyRequest],Rate,0
09/27/2026 12:51:43,Transceiver,transceiver_requests_slow_total_MultiplyRequestMultiplyResponse (requests / 1 sec)[elapsed=00:00:16.1271178;request=Transceiver.Demo.MultiplyRequest],Rate,0
09/27/2026 12:51:43,Transceiver,transceiver_receive_object_duration (ms)[Percentile=50],Metric,0.04534912109375
09/27/2026 12:51:43,Transceiver,transceiver_receive_object_duration (ms)[Percentile=95],Metric,0.098388671875
09/27/2026 12:51:43,Transceiver,transceiver_receive_object_duration (ms)[Percentile=99],Metric,0.1708984375
09/27/2026 12:51:43,Transceiver,transceiver_requests_total_SumRequestSumResponse (requests / 1 sec),Rate,856
09/27/2026 12:51:44,Transceiver,transceiver_requests_slow_total_SumRequestSumResponse (requests / 1 sec)[elapsed=00:00:10.6627140;request=Transceiver.Demo.SumRequest],Rate,0
09/27/2026 12:51:44,Transceiver,transceiver_requests_slow_total_SumRequestSumResponse (requests / 1 sec)[elapsed=00:00:13.4031411;request=Transceiver.Demo.SumRequest],Rate,0
09/27/2026 12:51:44,Transceiver,transceiver_requests_total_MultiplyRequestMultiplyResponse (requests / 1 sec),Rate,880
09/27/2026 12:51:44,Transceiver,transceiver_requests_slow_total_MultiplyRequestMultiplyResponse (requests / 1 sec)[elapsed=00:00:10.6628511;request=Transceiver.Demo.MultiplyRequest],Rate,0
09/27/2026 12:51:44,Transceiver,transceiver_requests_slow_total_MultiplyRequestMultiplyResponse (requests / 1 sec)[elapsed=00:00:16.1271178;request=Transceiver.Demo.MultiplyRequest],Rate,0
09/27/2026 12:51:44,Transceiver,transceiver_receive_object_duration (ms)[Percentile=50],Metric,0.04608154296875
09/27/2026 12:51:44,Transceiver,transceiver_receive_object_duration (ms)[Percentile=95],Metric,0.09814453125
09/27/2026 12:51:44,Transceiver,transceiver_receive_object_duration (ms)[Percentile=99],Metric,0.15185546875
09/27/2026 12:51:44,Transceiver,transceiver_requests_total_SumRequestSumResponse (requests / 1 sec),Rate,892
09/27/2026 12:51:45,Transceiver,transceiver_requests_slow_total_SumRequestSumResponse (requests / 1 sec)[elapsed=00:00:10.6627140;request=Transceiver.Demo.SumRequest],Rate,0
09/27/2026 12:51:45,Transceiver,transceiver_requests_slow_total_SumRequestSumResponse (requests / 1 sec)[elapsed=00:00:13.4031411;request=Transceiver.Demo.SumRequest],Rate,0
09/27/2026 12:51:45,Transceiver,transceiver_requests_total_MultiplyRequestMultiplyResponse (requests / 1 sec),Rate,955
09/27/2026 12:51:45,Transceiver,transceiver_requests_slow_total_MultiplyRequestMultiplyResponse (requests / 1 sec)[elapsed=00:00:10.6628511;request=Transceiver.Demo.MultiplyRequest],Rate,0
09/27/2026 12:51:45,Transceiver,transceiver_requests_slow_total_MultiplyRequestMultiplyResponse (requests / 1 sec)[elapsed=00:00:16.1271178;request=Transceiver.Demo.MultiplyRequest],Rate,0
09/27/2026 12:51:45,Transceiver,transceiver_receive_object_duration (ms)[Percentile=50],Metric,0.0439453125
09/27/2026 12:51:45,Transceiver,transceiver_receive_object_duration (ms)[Percentile=95],Metric,0.08349609375
09/27/2026 12:51:45,Transceiver,transceiver_receive_object_duration (ms)[Percentile=99],Metric,0.122802734375
09/27/2026 12:51:45,Transceiver,transceiver_requests_total_SumRequestSumResponse (requests / 1 sec),Rate,950
09/27/2026 12:51:46,Transceiver,transceiver_requests_slow_total_SumRequestSumResponse (requests / 1 sec)[elapsed=00:00:10.6627140;request=Transceiver.Demo.SumRequest],Rate,0
09/27/2026 12:51:46,Transceiver,transceiver_requests_slow_total_SumRequestSumResponse (requests / 1 sec)[elapsed=00:00:13.4031411;request=Transceiver.Demo.SumRequest],Rate,0
09/27/2026 12:51:46,Transceiver,transceiver_requests_total_MultiplyRequestMultiplyResponse (requests / 1 sec),Rate,990
09/27/2026 12:51:46,Transceiver,transceiver_requests_slow_total_MultiplyRequestMultiplyResponse (requests / 1 sec)[elapsed=00:00:10.6628511;request=Transceiver.Demo.MultiplyRequest],Rate,0
09/27/2026 12:51:46,Transceiver,transceiver_requests_slow_total_MultiplyRequestMultiplyResponse (requests / 1 sec)[elapsed=00:00:16.1271178;request=Transceiver.Demo.MultiplyRequest],Rate,0
09/27/2026 12:51:46,Transceiver,transceiver_receive_object_duration (ms)[Percentile=50],Metric,0.04425048828125
09/27/2026 12:51:46,Transceiver,transceiver_receive_object_duration (ms)[Percentile=95],Metric,0.079833984375
09/27/2026 12:51:46,Transceiver,transceiver_receive_object_duration (ms)[Percentile=99],Metric,0.12939453125
09/27/2026 12:51:46,Transceiver,transceiver_requests_total_SumRequestSumResponse (requests / 1 sec),Rate,982
09/27/2026 12:51:47,Transceiver,transceiver_requests_slow_total_SumRequestSumResponse (requests / 1 sec)[elapsed=00:00:10.6627140;request=Transceiver.Demo.SumRequest],Rate,0
09/27/2026 12:51:47,Transceiver,transceiver_requests_slow_total_SumRequestSumResponse (requests / 1 sec)[elapsed=00:00:13.4031411;request=Transceiver.Demo.SumRequest],Rate,0
09/27/2026 12:51:47,Transceiver,transceiver_requests_total_MultiplyRequestMultiplyResponse (requests / 1 sec),Rate,1156
09/27/2026 12:51:47,Transceiver,transceiver_requests_slow_total_MultiplyRequestMultiplyResponse (requests / 1 sec)[elapsed=00:00:10.6628511;request=Transceiver.Demo.MultiplyRequest],Rate,0
09/27/2026 12:51:47,Transceiver,transceiver_requests_slow_total_MultiplyRequestMultiplyResponse (requests / 1 sec)[elapsed=00:00:16.1271178;request=Transceiver.Demo.MultiplyRequest],Rate,0
09/27/2026 12:51:47,Transceiver,transceiver_receive_object_duration (ms)[Percentile=50],Metric,0.0400390625
09/27/2026 12:51:47,Transceiver,transceiver_receive_object_duration (ms)[Percentile=95],Metric,0.0723876953125
09/27/2026 12:51:47,Transceiver,transceiver_receive_object_duration (ms)[Percentile=99],Metric,0.11572265625
09/27/2026 12:51:47,Transceiver,transceiver_requests_total_SumRequestSumResponse (requests / 1 sec),Rate,1153
09/27/2026 12:51:48,Transceiver,transceiver_requests_slow_total_SumRequestSumResponse (requests / 1 sec)[elapsed=00:00:10.6627140;request=Transceiver.Demo.SumRequest],Rate,0
09/27/2026 12:51:48,Transceiver,transceiver_requests_slow_total_SumRequestSumResponse (requests / 1 sec)[elapsed=00:00:13.4031411;request=Transceiver.Demo.SumRequest],Rate,0
09/27/2026 12:51:48,Transceiver,transceiver_requests_total_MultiplyRequestMultiplyResponse (requests / 1 sec),Rate,966
09/27/2026 12:51:48,Transceiver,transceiver_requests_slow_total_MultiplyRequestMultiplyResponse (requests / 1 sec)[elapsed=00:00:10.6628511;request=Transceiver.Demo.MultiplyRequest],Rate,0
09/27/2026 12:51:48,Transceiver,transceiver_requests_slow_total_MultiplyRequestMultiplyResponse (requests / 1 sec)[elapsed=00:00:16.1271178;request=Transceiver.Demo.MultiplyRequest],Rate,0
09/27/2026 12:51:48,Transceiver,transceiver_receive_object_duration (ms)[Percentile=50],Metric,0.04315185546875
09/27/2026 12:51:48,Transceiver,transceiver_receive_object_duration (ms)[Percentile=95],Metric,0.0811767578125
09/27/2026 12:51:48,Transceiver,transceiver_receive_object_duration (ms)[Percentile=99],Metric,0.155517578125
09/27/2026 12:51:48,Transceiver,transceiver_requests_total_SumRequestSumResponse (requests / 1 sec),Rate,957
09/27/2026 12:51:49,Transceiver,transceiver_requests_slow_total_SumRequestSumResponse (requests / 1 sec)[elapsed=00:00:10.6627140;request=Transceiver.Demo.SumRequest],Rate,0
09/27/2026 12:51:49,Transceiver,transceiver_requests_slow_total_SumRequestSumResponse (requests / 1 sec)[elapsed=00:00:13.4031411;request=Transceiver.Demo.SumRequest],Rate,0
09/27/2026 12:51:49,Transceiver,transceiver_requests_total_MultiplyRequestMultiplyResponse (requests / 1 sec),Rate,1052
09/27/2026 12:51:49,Transceiver,transceiver_requests_slow_total_MultiplyRequestMultiplyResponse (requests / 1 sec)[elapsed=00:00:10.6628511;request=Transceiver.Demo.MultiplyRequest],Rate,0
09/27/2026 12:51:49,Transceiver,transceiver_requests_slow_total_MultiplyRequestMultiplyResponse (requests / 1 sec)[elapsed=00:00:16.1271178;request=Transceiver.Demo.MultiplyRequest],Rate,0
09/27/2026 12:51:49,Transceiver,transceiver_receive_object_duration (ms)[Percentile=50],Metric,0.04437255859375
09/27/2026 12:51:49,Transceiver,transceiver_receive_object_duration (ms)[Percentile=95],Metric,0.0885009765625
09/27/2026 12:51:49,Transceiver,transceiver_receive_object_duration (ms)[Percentile=99],Metric,0.169189453125
09/27/2026 12:51:49,Transceiver,transceiver_requests_total_SumRequestSumResponse (requests / 1 sec),Rate,1063
09/27/2026 12:51:50,Transceiver,transceiver_requests_slow_total_SumRequestSumResponse (requests / 1 sec)[elapsed=00:00:10.6627140;request=Transceiver.Demo.SumRequest],Rate,0
09/27/2026 12:51:50,Transceiver,transceiver_requests_slow_total_SumRequestSumResponse (requests / 1 sec)[elapsed=00:00:13.4031411;request=Transceiver.Demo.SumRequest],Rate,0
09/27/2026 12:51:50,Transceiver,transceiver_requests_total_MultiplyRequestMultiplyResponse (requests / 1 sec),Rate,1069
09/27/2026 12:51:50,Transceiver,transceiver_requests_slow_total_MultiplyRequestMultiplyResponse (requests / 1 sec)[elapsed=00:00:10.6628511;request=Transceiver.Demo.MultiplyRequest],Rate,0
09/27/2026 12:51:50,Transceiver,transceiver_requests_slow_total_MultiplyRequestMultiplyResponse (requests / 1 sec)[elapsed=00:00:16.1271178;request=Transceiver.Demo.MultiplyRequest],Rate,0
09/27/2026 12:51:50,Transceiver,transceiver_receive_object_duration (ms)[Percentile=50],Metric,0.04217529296875
09/27/2026 12:51:50,Transceiver,transceiver_receive_object_duration (ms)[Percentile=95],Metric,0.082275390625
09/27/2026 12:51:50,Transceiver,transceiver_receive_object_duration (ms)[Percentile=99],Metric,0.13916015625
09/27/2026 12:51:50,Transceiver,transceiver_requests_total_SumRequestSumResponse (requests / 1 sec),Rate,1069
09/27/2026 12:52:17,Transceiver,transceiver_requests_slow_total_SumRequestSumResponse (requests / 1 sec)[elapsed=00:00:10.6627140;request=Transceiver.Demo.SumRequest],Rate,0
09/27/2026 12:52:17,Transceiver,transceiver_requests_slow_total_SumRequestSumResponse (requests / 1 sec)[elapsed=00:00:13.4031411;request=Transceiver.Demo.SumRequest],Rate,0
09/27/2026 12:52:17,Transceiver,transceiver_requests_total_MultiplyRequestMultiplyResponse (requests / 1 sec),Rate,332
09/27/2026 12:52:17,Transceiver,transceiver_requests_slow_total_MultiplyRequestMultiplyResponse (requests / 1 sec)[elapsed=00:00:10.6628511;request=Transceiver.Demo.MultiplyRequest],Rate,0
09/27/2026 12:52:17,Transceiver,transceiver_requests_slow_total_MultiplyRequestMultiplyResponse (requests / 1 sec)[elapsed=00:00:16.1271178;request=Transceiver.Demo.MultiplyRequest],Rate,0
09/27/2026 12:52:17,Transceiver,transceiver_receive_object_duration (ms)[Percentile=50],Metric,0.045654296875
09/27/2026 12:52:17,Transceiver,transceiver_receive_object_duration (ms)[Percentile=95],Metric,0.1043701171875
09/27/2026 12:52:17,Transceiver,transceiver_receive_object_duration (ms)[Percentile=99],Metric,0.27880859375
09/27/2026 12:52:17,Transceiver,transceiver_requests_total_SumRequestSumResponse (requests / 1 sec),Rate,383
09/27/2026 12:52:17,Transceiver,transceiver_requests_slow_total_SumRequestSumResponse (requests / 1 sec)[elapsed=00:00:10.6627140;request=Transceiver.Demo.SumRequest],Rate,0
09/27/2026 12:52:17,Transceiver,transceiver_requests_slow_total_SumRequestSumResponse (requests / 1 sec)[elapsed=00:00:13.4031411;request=Transceiver.Demo.SumRequest],Rate,0
09/27/2026 12:52:17,Transceiver,transceiver_requests_total_MultiplyRequestMultiplyResponse (requests / 1 sec),Rate,907
09/27/2026 12:52:17,Transceiver,transceiver_requests_slow_total_MultiplyRequestMultiplyResponse (requests / 1 sec)[elapsed=00:00:10.6628511;request=Transceiver.Demo.MultiplyRequest],Rate,0
09/27/2026 12:52:17,Transceiver,transceiver_requests_slow_total_MultiplyRequestMultiplyResponse (requests / 1 sec)[elapsed=00:00:16.1271178;request=Transceiver.Demo.MultiplyRequest],Rate,0
09/27/2026 12:52:17,Transceiver,transceiver_receive_object_duration (ms)[Percentile=50],Metric,0.04754638671875
09/27/2026 12:52:17,Transceiver,transceiver_receive_object_duration (ms)[Percentile=95],Metric,0.0963134765625
09/27/2026 12:52:17,Transceiver,transceiver_receive_object_duration (ms)[Percentile=99],Metric,0.22607421875
09/27/2026 12:52:17,Transceiver,transceiver_requests_total_SumRequestSumResponse (requests / 1 sec),Rate,880
09/27/2026 12:52:18,Transceiver,transceiver_requests_slow_total_SumRequestSumResponse (requests / 1 sec)[elapsed=00:00:10.6627140;request=Transceiver.Demo.SumRequest],Rate,0
09/27/2026 12:52:18,Transceiver,transceiver_requests_slow_total_SumRequestSumResponse (requests / 1 sec)[elapsed=00:00:13.4031411;request=Transceiver.Demo.SumRequest],Rate,0
09/27/2026 12:52:18,Transceiver,transceiver_requests_total_MultiplyRequestMultiplyResponse (requests / 1 sec),Rate,785
09/27/2026 12:52:18,Transceiver,transceiver_requests_slow_total_MultiplyRequestMultiplyResponse (requests / 1 sec)[elapsed=00:00:10.6628511;request=Transceiver.Demo.MultiplyRequest],Rate,0
09/27/2026 12:52:18,Transceiver,transceiver_requests_slow_total_MultiplyRequestMultiplyResponse (requests / 1 sec)[elapsed=00:00:16.1271178;request=Transceiver.Demo.MultiplyRequest],Rate,0
09/27/2026 12:52:18,Transceiver,transceiver_receive_object_duration (ms)[Percentile=50],Metric,0.04638671875
09/27/2026 12:52:18,Transceiver,transceiver_receive_object_duration (ms)[Percentile=95],Metric,0.1033935546875
09/27/2026 12:52:18,Transceiver,transceiver_receive_object_duration (ms)[Percentile=99],Metric,0.31201171875
09/27/2026 12:52:18,Transceiver,transceiver_requests_total_SumRequestSumResponse (requests / 1 sec),Rate,778
09/27/2026 12:52:19,Transceiver,transceiver_requests_slow_total_SumRequestSumResponse (requests / 1 sec)[elapsed=00:00:10.6627140;request=Transceiver.Demo.SumRequest],Rate,0
09/27/2026 12:52:19,Transceiver,transceiver_requests_slow_total_SumRequestSumResponse (requests / 1 sec)[elapsed=00:00:13.4031411;request=Transceiver.Demo.SumRequest],Rate,0
09/27/2026 12:52:19,Transceiver,transceiver_requests_total_MultiplyRequestMultiplyResponse (requests / 1 sec),Rate,752
09/27/2026 12:52:19,Transceiver,transceiver_requests_slow_total_MultiplyRequestMultiplyResponse (requests / 1 sec)[elapsed=00:00:10.6628511;request=Transceiver.Demo.MultiplyRequest],Rate,0
09/27/2026 12:52:19,Transceiver,transceiver_requests_slow_total_MultiplyRequestMultiplyResponse (requests / 1 sec)[elapsed=00:00:16.1271178;request=Transceiver.Demo.MultiplyRequest],Rate,0
09/27/2026 12:52:19,Transceiver,transceiver_receive_object_duration (ms)[Percentile=50],Metric,0.04345703125
09/27/2026 12:52:19,Transceiver,transceiver_receive_object_duration (ms)[Percentile=95],Metric,0.0946044921875
09/27/2026 12:52:19,Transceiver,transceiver_receive_object_duration (ms)[Percentile=99],Metric,0.1357421875
09/27/2026 12:52:19,Transceiver,transceiver_requests_total_SumRequestSumResponse (requests / 1 sec),Rate,755
09/27/2026 12:52:20,Transceiver,transceiver_requests_slow_total_SumRequestSumResponse (requests / 1 sec)[elapsed=00:00:10.6627140;request=Transceiver.Demo.SumRequest],Rate,0
09/27/2026 12:52:20,Transceiver,transceiver_requests_slow_total_SumRequestSumResponse (requests / 1 sec)[elapsed=00:00:13.4031411;request=Transceiver.Demo.SumRequest],Rate,0
09/27/2026 12:52:20,Transceiver,transceiver_requests_total_MultiplyRequestMultiplyResponse (requests / 1 sec),Rate,978
09/27/2026 12:52:20,Transceiver,transceiver_requests_slow_total_MultiplyRequestMultiplyResponse (requests / 1 sec)[elapsed=00:00:10.6628511;request=Transceiver.Demo.MultiplyRequest],Rate,0
09/27/2026 12:52:20,Transceiver,transceiver_requests_slow_total_MultiplyRequestMultiplyResponse (requests / 1 sec)[elapsed=00:00:16.1271178;request=Transceiver.Demo.MultiplyRequest],Rate,0
09/27/2026 12:52:20,Transceiver,transceiver_receive_object_duration (ms)[Percentile=50],Metric,0.0428466796875
09/27/2026 12:52:20,Transceiver,transceiver_receive_object_duration (ms)[Percentile=95],Metric,0.0845947265625
09/27/2026 12:52:20,Transceiver,transceiver_receive_object_duration (ms)[Percentile=99],Metric,0.151123046875
09/27/2026 12:52:20,Transceiver,transceiver_requests_total_SumRequestSumResponse (requests / 1 sec),Rate,971
09/27/2026 12:52:21,Transceiver,transceiver_requests_slow_total_SumRequestSumResponse (requests / 1 sec)[elapsed=00:00:10.6627140;request=Transceiver.Demo.SumRequest],Rate,0
09/27/2026 12:52:21,Transceiver,transceiver_requests_slow_total_SumRequestSumResponse (requests / 1 sec)[elapsed=00:00:13.4031411;request=Transceiver.Demo.SumRequest],Rate,0
09/27/2026 12:52:21,Transceiver,transceiver_requests_total_MultiplyRequestMultiplyResponse (requests / 1 sec),Rate,975
09/27/2026 12:52:21,Transceiver,transceiver_requests_slow_total_MultiplyRequestMultiplyResponse (requests / 1 sec)[elapsed=00:00:10.6628511;request=Transceiver.Demo.MultiplyRequest],Rate,0
09/27/2026 12:52:21,Transceiver,transceiver_requests_slow_total_MultiplyRequestMultiplyResponse (requests / 1 sec)[elapsed=00:00:16.1271178;request=Transceiver.Demo.MultiplyRequest],Rate,0
09/27/2026 12:52:21,Transceiver,transceiver_receive_object_duration (ms)[Percentile=50],Metric,0.0457763671875
09/27/2026 12:52:21,Transceiver,transceiver_receive_object_duration (ms)[Percentile=95],Metric,0.0948486328125
09/27/2026 12:52:21,Transceiver,transceiver_receive_object_duration (ms)[Percentile=99],Metric,0.138427734375
09/27/2026 12:52:21,Transceiver,transceiver_requests_total_SumRequestSumResponse (requests / 1 sec),Rate,978
09/27/2026 12:52:22,Transceiver,transceiver_requests_slow_total_SumRequestSumResponse (requests / 1 sec)[elapsed=00:00:10.6627140;request=Transceiver.Demo.SumRequest],Rate,0
09/27/2026 12:52:22,Transceiver,transceiver_requests_slow_total_SumRequestSumResponse (requests / 1 sec)[elapsed=00:00:13.4031411;request=Transceiver.Demo.SumRequest],Rate,0
09/27/2026 12:52:22,Transceiver,transceiver_requests_total_MultiplyRequestMultiplyResponse (requests / 1 sec),Rate,928
09/27/2026 12:52:22,Transceiver,transceiver_requests_slow_total_MultiplyRequestMultiplyResponse (requests / 1 sec)[elapsed=00:00:10.6628511;request=Transceiver.Demo.MultiplyRequest],Rate,0
09/27/2026 12:52:22,Transceiver,transceiver_requests_slow_total_MultiplyRequestMultiplyResponse (requests / 1 sec)[elapsed=00:00:16.1271178;request=Transceiver.Demo.MultiplyRequest],Rate,0
09/27/2026 12:52:22,Transceiver,transceiver_receive_object_duration (ms)[Percentile=50],Metric,0.0452880859375
09/27/2026 12:52:22,Transceiver,transceiver_receive_object_duration (ms)[Percentile=95],Metric,0.0950927734375
09/27/2026 12:52:22,Transceiver,transceiver_receive_object_duration (ms)[Percentile=99],Metric,0.132080078125
09/27/2026 12:52:22,Transceiver,transceiver_requests_total_SumRequestSumResponse (requests / 1 sec),Rate,934
09/27/2026 12:52:23,Transceiver,transceiver_requests_slow_total_SumRequestSumResponse (requests / 1 sec)[elapsed=00:00:10.6627140;request=Transceiver.Demo.SumRequest],Rate,0
09/27/2026 12:52:23,Transceiver,transceiver_requests_slow_total_SumRequestSumResponse (requests / 1 sec)[elapsed=00:00:13.4031411;request=Transceiver.Demo.SumRequest],Rate,0
09/27/2026 12:52:23,Transceiver,transceiver_requests_total_MultiplyRequestMultiplyResponse (requests / 1 sec),Rate,1129
09/27/2026 12:52:23,Transceiver,transceiver_requests_slow_total_MultiplyRequestMultiplyResponse (requests / 1 sec)[elapsed=00:00:10.6628511;request=Transceiver.Demo.MultiplyRequest],Rate,0
09/27/2026 12:52:23,Transceiver,transceiver_requests_slow_total_MultiplyRequestMultiplyResponse (requests / 1 sec)[elapsed=00:00:16.1271178;request=Transceiver.Demo.MultiplyRequest],Rate,0
09/27/2026 12:52:23,Transceiver,transceiver_receive_object_duration (ms)[Percentile=50],Metric,0.04864501953125
09/27/2026 12:52:23,Transceiver,transceiver_receive_object_duration (ms)[Percentile=95],Metric,0.1011962890625
09/27/2026 12:52:23,Transceiver,transceiver_receive_object_duration (ms)[Percentile=99],Metric,0.1552734375
09/27/2026 12:52:23,Transceiver,transceiver_requests_total_SumRequestSumResponse (requests / 1 sec),Rate,1122
09/27/2026 12:52:24,Transceiver,transceiver_requests_slow_total_SumRequestSumResponse (requests / 1 sec)[elapsed=00:00:10.6627140;request=Transceiver.Demo.SumRequest],Rate,0
09/27/2026 12:52:24,Transceiver,transceiver_requests_slow_total_SumRequestSumResponse (requests / 1 sec)[elapsed=00:00:13.4031411;request=Transceiver.Demo.SumRequest],Rate,0
09/27/2026 12:52:24,Transceiver,transceiver_requests_total_MultiplyRequestMultiplyResponse (requests / 1 sec),Rate,846
09/27/2026 12:52:24,Transceiver,transceiver_requests_slow_total_MultiplyRequestMultiplyResponse (requests / 1 sec)[elapsed=00:00:10.6628511;request=Transceiver.Demo.MultiplyRequest],Rate,0
09/27/2026 12:52:24,Transceiver,transceiver_requests_slow_total_MultiplyRequestMultiplyResponse (requests / 1 sec)[elapsed=00:00:16.1271178;request=Transceiver.Demo.MultiplyRequest],Rate,0
09/27/2026 12:52:24,Transceiver,transceiver_receive_object_duration (ms)[Percentile=50],Metric,0.0452880859375
09/27/2026 12:52:24,Transceiver,transceiver_receive_object_duration (ms)[Percentile=95],Metric,0.0908203125
09/27/2026 12:52:24,Transceiver,transceiver_receive_object_duration (ms)[Percentile=99],Metric,0.15380859375
09/27/2026 12:52:24,Transceiver,transceiver_requests_total_SumRequestSumResponse (requests / 1 sec),Rate,843
09/27/2026 12:52:25,Transceiver,transceiver_requests_slow_total_SumRequestSumResponse (requests / 1 sec)[elapsed=00:00:10.6627140;request=Transceiver.Demo.SumRequest],Rate,0
09/27/2026 12:52:25,Transceiver,transceiver_requests_slow_total_SumRequestSumResponse (requests / 1 sec)[elapsed=00:00:13.4031411;request=Transceiver.Demo.SumRequest],Rate,0
09/27/2026 12:52:25,Transceiver,transceiver_requests_total_MultiplyRequestMultiplyResponse (requests / 1 sec),Rate,897
09/27/2026 12:52:25,Transceiver,transceiver_requests_slow_total_MultiplyRequestMultiplyResponse (requests / 1 sec)[elapsed=00:00:10.6628511;request=Transceiver.Demo.MultiplyRequest],Rate,0
09/27/2026 12:52:25,Transceiver,transceiver_requests_slow_total_MultiplyRequestMultiplyResponse (requests / 1 sec)[elapsed=00:00:16.1271178;request=Transceiver.Demo.MultiplyRequest],Rate,0
09/27/2026 12:52:25,Transceiver,transceiver_receive_object_duration (ms)[Percentile=50],Metric,0.04669189453125
09/27/2026 12:52:25,Transceiver,transceiver_receive_object_duration (ms)[Percentile=95],Metric,0.102294921875
09/27/2026 12:52:25,Transceiver,transceiver_receive_object_duration (ms)[Percentile=99],Metric,0.163818359375
09/27/2026 12:52:25,Transceiver,transceiver_requests_total_SumRequestSumResponse (requests / 1 sec),Rate,884
09/27/2026 12:52:26,Transceiver,transceiver_requests_slow_total_SumRequestSumResponse (requests / 1 sec)[elapsed=00:00:10.6627140;request=Transceiver.Demo.SumRequest],Rate,0
09/27/2026 12:52:26,Transceiver,transceiver_requests_slow_total_SumRequestSumResponse (requests / 1 sec)[elapsed=00:00:13.4031411;request=Transceiver.Demo.SumRequest],Rate,0
09/27/2026 12:52:26,Transceiver,transceiver_requests_total_MultiplyRequestMultiplyResponse (requests / 1 sec),Rate,757
09/27/2026 12:52:26,Transceiver,transceiver_requests_slow_total_MultiplyRequestMultiplyResponse (requests / 1 sec)[elapsed=00:00:10.6628511;request=Transceiver.Demo.MultiplyRequest],Rate,0
09/27/2026 12:52:26,Transceiver,transceiver_requests_slow_total_MultiplyRequestMultiplyResponse (requests / 1 sec)[elapsed=00:00:16.1271178;request=Transceiver.Demo.MultiplyRequest],Rate,0
09/27/2026 12:52:26,Transceiver,transceiver_receive_object_duration (ms)[Percentile=50],Metric,0.05145263671875
09/27/2026 12:52:26,Transceiver,transceiver_receive_object_duration (ms)[Percentile=95],Metric,0.117431640625
09/27/2026 12:52:26,Transceiver,transceiver_receive_object_duration (ms)[Percentile=99],Metric,0.17578125
09/27/2026 12:52:26,Transceiver,transceiver_requests_total_SumRequestSumResponse (requests / 1 sec),Rate,753
09/27/2026 12:52:27,Transceiver,transceiver_requests_slow_total_SumRequestSumResponse (requests / 1 sec)[elapsed=00:00:10.6627140;request=Transceiver.Demo.SumRequest],Rate,0
09/27/2026 12:52:27,Transceiver,transceiver_requests_slow_total_SumRequestSumResponse (requests / 1 sec)[elapsed=00:00:13.4031411;request=Transceiver.Demo.SumRequest],Rate,0
09/27/2026 12:52:27,Transceiver,transceiver_requests_total_MultiplyRequestMultiplyResponse (requests / 1 sec),Rate,699
09/27/2026 12:52:27,Transceiver,transceiver_requests_slow_total_MultiplyRequestMultiplyResponse (requests / 1 sec)[elapsed=00:00:10.6628511;request=Transceiver.Demo.MultiplyRequest],Rate,0
09/27/2026 12:52:27,Transceiver,transceiver_requests_slow_total_MultiplyRequestMultiplyResponse (requests / 1 sec)[elapsed=00:00:16.1271178;request=Transceiver.Demo.MultiplyRequest],Rate,0
09/27/2026 12:52:27,Transceiver,transceiver_receive_object_duration (ms)[Percentile=50],Metric,0.04766845703125
09/27/2026 12:52:27,Transceiver,transceiver_receive_object_duration (ms)[Percentile=95],Metric,0.102294921875
09/27/2026 12:52:27,Transceiver,transceiver_receive_object_duration (ms)[Percentile=99],Metric,0.198486328125
09/27/2026 12:52:27,Transceiver,transceiver_requests_total_SumRequestSumResponse (requests / 1 sec),Rate,726
09/27/2026 12:52:28,Transceiver,transceiver_requests_slow_total_SumRequestSumResponse (requests / 1 sec)[elapsed=00:00:10.6627140;request=Transceiver.Demo.SumRequest],Rate,0
09/27/2026 12:52:28,Transceiver,transceiver_requests_slow_total_SumRequestSumResponse (requests / 1 sec)[elapsed=00:00:13.4031411;request=Transceiver.Demo.SumRequest],Rate,0
09/27/2026 12:52:28,Transceiver,transceiver_requests_total_MultiplyRequestMultiplyResponse (requests / 1 sec),Rate,668
09/27/2026 12:52:28,Transceiver,transceiver_requests_slow_total_MultiplyRequestMultiplyResponse (requests / 1 sec)[elapsed=00:00:10.6628511;request=Transceiver.Demo.MultiplyRequest],Rate,0
09/27/2026 12:52:28,Transceiver,transceiver_requests_slow_total_MultiplyRequestMultiplyResponse (requests / 1 sec)[elapsed=00:00:16.1271178;request=Transceiver.Demo.MultiplyRequest],Rate,0
09/27/2026 12:52:28,Transceiver,transceiver_receive_object_duration (ms)[Percentile=50],Metric,0.05096435546875
09/27/2026 12:52:28,Transceiver,transceiver_receive_object_duration (ms)[Percentile=95],Metric,0.098388671875
09/27/2026 12:52:28,Transceiver,transceiver_receive_object_duration (ms)[Percentile=99],Metric,0.14306640625
09/27/2026 12:52:28,Transceiver,transceiver_requests_total_SumRequestSumResponse (requests / 1 sec),Rate,666
09/27/2026 12:52:29,Transceiver,transceiver_requests_slow_total_SumRequestSumResponse (requests / 1 sec)[elapsed=00:00:10.6627140;request=Transceiver.Demo.SumRequest],Rate,0
09/27/2026 12:52:29,Transceiver,transceiver_requests_slow_total_SumRequestSumResponse (requests / 1 sec)[elapsed=00:00:13.4031411;request=Transceiver.Demo.SumRequest],Rate,0
09/27/2026 12:52:29,Transceiver,transceiver_requests_total_MultiplyRequestMultiplyResponse (requests / 1 sec),Rate,1483
09/27/2026 12:52:29,Transceiver,transceiver_requests_slow_total_MultiplyRequestMultiplyResponse (requests / 1 sec)[elapsed=00:00:10.6628511;request=Transceiver.Demo.MultiplyRequest],Rate,0
09/27/2026 12:52:29,Transceiver,transceiver_requests_slow_total_MultiplyRequestMultiplyResponse (requests / 1 sec)[elapsed=00:00:16.1271178;request=Transceiver.Demo.MultiplyRequest],Rate,0
09/27/2026 12:52:29,Transceiver,transceiver_receive_object_duration (ms)[Percentile=50],Metric,0.046142578125
09/27/2026 12:52:29,Transceiver,transceiver_receive_object_duration (ms)[Percentile=95],Metric,0.0784912109375
09/27/2026 12:52:29,Transceiver,transceiver_receive_object_duration (ms)[Percentile=99],Metric,0.1171875
09/27/2026 12:52:29,Transceiver,transceiver_requests_total_SumRequestSumResponse (requests / 1 sec),Rate,1493
09/27/2026 12:52:30,Transceiver,transceiver_requests_slow_total_SumRequestSumResponse (requests / 1 sec)[elapsed=00:00:10.6627140;request=Transceiver.Demo.SumRequest],Rate,0
09/27/2026 12:52:30,Transceiver,transceiver_requests_slow_total_SumRequestSumResponse (requests / 1 sec)[elapsed=00:00:13.4031411;request=Transceiver.Demo.SumRequest],Rate,0
09/27/2026 12:52:30,Transceiver,transceiver_requests_total_MultiplyRequestMultiplyResponse (requests / 1 sec),Rate,1164
09/27/2026 12:52:30,Transceiver,transceiver_requests_slow_total_MultiplyRequestMultiplyResponse (requests / 1 sec)[elapsed=00:00:10.6628511;request=Transceiver.Demo.MultiplyRequest],Rate,0
09/27/2026 12:52:30,Transceiver,transceiver_requests_slow_total_MultiplyRequestMultiplyResponse (requests / 1 sec)[elapsed=00:00:16.1271178;request=Transceiver.Demo.MultiplyRequest],Rate,0
09/27/2026 12:52:30,Transceiver,transceiver_receive_object_duration (ms)[Percentile=50],Metric,0.04339599609375
09/27/2026 12:52:30,Transceiver,transceiver_receive_object_duration (ms)[Percentile=95],Metric,0.0784912109375
09/27/2026 12:52:30,Transceiver,transceiver_receive_object_duration (ms)[Percentile=99],Metric,0.1162109375
09/27/2026 12:52:30,Transceiver,transceiver_requests_total_SumRequestSumResponse (requests / 1 sec),Rate,1138
09/27/2026 12:52:31,Transceiver,transceiver_requests_slow_total_SumRequestSumResponse (requests / 1 sec)[elapsed=00:00:10.6627140;request=Transceiver.Demo.SumRequest],Rate,0
09/27/2026 12:52:31,Transceiver,transceiver_requests_slow_total_SumRequestSumResponse (requests / 1 sec)[elapsed=00:00:13.4031411;request=Transceiver.Demo.SumRequest],Rate,0
09/27/2026 12:52:31,Transceiver,transceiver_requests_total_MultiplyRequestMultiplyResponse (requests / 1 sec),Rate,1166
09/27/2026 12:52:31,Transceiver,transceiver_requests_slow_total_MultiplyRequestMultiplyResponse (requests / 1 sec)[elapsed=00:00:10.6628511;request=Transceiver.Demo.MultiplyRequest],Rate,0
09/27/2026 12:52:31,Transceiver,transceiver_requests_slow_total_MultiplyRequestMultiplyResponse (requests / 1 sec)[elapsed=00:00:16.1271178;request=Transceiver.Demo.MultiplyRequest],Rate,0
09/27/2026 12:52:31,Transceiver,transceiver_receive_object_duration (ms)[Percentile=50],Metric,0.044677734375
09/27/2026 12:52:31,Transceiver,transceiver_receive_object_duration (ms)[Percentile=95],Metric,0.0870361328125
09/27/2026 12:52:31,Transceiver,transceiver_receive_object_duration (ms)[Percentile=99],Metric,0.130859375
09/27/2026 12:52:31,Transceiver,transceiver_requests_total_SumRequestSumResponse (requests / 1 sec),Rate,1160
09/27/2026 12:52:32,Transceiver,transceiver_requests_slow_total_SumRequestSumResponse (requests / 1 sec)[elapsed=00:00:10.6627140;request=Transceiver.Demo.SumRequest],Rate,0
09/27/2026 12:52:32,Transceiver,transceiver_requests_slow_total_SumRequestSumResponse (requests / 1 sec)[elapsed=00:00:13.4031411;request=Transceiver.Demo.SumRequest],Rate,0
09/27/2026 12:52:32,Transceiver,transceiver_requests_total_MultiplyRequestMultiplyResponse (requests / 1 sec),Rate,994
09/27/2026 12:52:32,Transceiver,transceiver_requests_slow_total_MultiplyRequestMultiplyResponse (requests / 1 sec)[elapsed=00:00:10.6628511;request=Transceiver.Demo.MultiplyRequest],Rate,0
09/27/2026 12:52:32,Transceiver,transceiver_requests_slow_total_MultiplyRequestMultiplyResponse (requests / 1 sec)[elapsed=00:00:16.1271178;request=Transceiver.Demo.MultiplyRequest],Rate,0
09/27/2026 12:52:32,Transceiver,transceiver_receive_object_duration (ms)[Percentile=50],Metric,0.04425048828125
09/27/2026 12:52:32,Transceiver,transceiver_receive_object_duration (ms)[Percentile=95],Metric,0.0845947265625
09/27/2026 12:52:32,Transceiver,transceiver_receive_object_duration (ms)[Percentile=99],Metric,0.13427734375
09/27/2026 12:52:32,Transceiver,transceiver_requests_total_SumRequestSumResponse (requests / 1 sec),Rate,987
09/27/2026 12:52:33,Transceiver,transceiver_requests_slow_total_SumRequestSumResponse (requests / 1 sec)[elapsed=00:00:10.6627140;request=Transceiver.Demo.SumRequest],Rate,0
09/27/2026 12:52:33,Transceiver,transceiver_requests_slow_total_SumRequestSumResponse (requests / 1 sec)[elapsed=00:00:13.4031411;request=Transceiver.Demo.SumRequest],Rate,0
09/27/2026 12:52:33,Transceiver,transceiver_requests_total_MultiplyRequestMultiplyResponse (requests / 1 sec),Rate,930
09/27/2026 12:52:33,Transceiver,transceiver_requests_slow_total_MultiplyRequestMultiplyResponse (requests / 1 sec)[elapsed=00:00:10.6628511;request=Transceiver.Demo.MultiplyRequest],Rate,0
09/27/2026 12:52:33,Transceiver,transceiver_requests_slow_total_MultiplyRequestMultiplyResponse (requests / 1 sec)[elapsed=00:00:16.1271178;request=Transceiver.Demo.MultiplyRequest],Rate,0
09/27/2026 12:52:33,Transceiver,transceiver_receive_object_duration (ms)[Percentile=50],Metric,0.04864501953125
09/27/2026 12:52:33,Transceiver,transceiver_receive_object_duration (ms)[Percentile=95],Metric,0.10107421875
09/27/2026 12:52:33,Transceiver,transceiver_receive_object_duration (ms)[Percentile=99],Metric,0.194091796875
09/27/2026 12:52:33,Transceiver,transceiver_requests_total_SumRequestSumResponse (requests / 1 sec),Rate,928
